patient_id,subgroup,age,sex,bmi,egfr,visit_day,visit_index,fpg,hba1c,sbp,dbp,metformin,sulfonylurea,insulin_u,acei,ccb,beta_blocker,homa_ir,pulse_pressure,map
PT0001,diabetes,62.89472116237455,1,23.69519226197769,108.41545285638914,0,0,14.381374416351015,11.040582789244356,162.37784368790605,96.34809416380864,2000.0,0.0,0.0,0.0,0.0,0.0,4.4390509031803465,66.02974952409741,118.35801067184111
PT0001,diabetes,62.89472116237455,1,23.69519226197769,108.41545285638914,315,1,14.17608974653317,10.7044032880768,162.37784368790605,96.34809416380864,2000.0,10.0,0.0,0.0,0.0,0.0,4.375686368429905,66.02974952409741,118.35801067184111
PT0001,diabetes,62.89472116237455,1,23.69519226197769,108.41545285638914,471,2,14.57630288362624,11.43891118820217,162.37784368790605,96.34809416380864,500.0,2.5,0.0,0.0,0.0,0.0,4.499218823412633,66.02974952409741,118.35801067184111
PT0001,diabetes,62.89472116237455,1,23.69519226197769,108.41545285638914,557,3,13.817962222034843,10.504266922392047,162.37784368790605,96.34809416380864,1000.0,5.0,0.0,0.0,0.0,0.0,4.265144339201422,66.02974952409741,118.35801067184111
PT0002,diabetes,61.79255978730041,1,36.98820752904108,90.5172316301462,0,0,13.932877837611434,10.287129546005614,162.37784368790605,96.34809416380864,1000.0,0.0,0.0,0.0,0.0,0.0,4.300614959209396,66.02974952409741,118.35801067184111
PT0002,diabetes,61.79255978730041,1,36.98820752904108,90.5172316301462,136,1,13.718435021500529,9.874171475011535,162.37784368790605,96.34809416380864,2000.0,0.0,0.0,0.0,0.0,0.0,4.23442360996983,66.02974952409741,118.35801067184111
PT0002,diabetes,61.79255978730041,1,36.98820752904108,90.5172316301462,163,2,13.6018205100092,10.22626263277664,162.37784368790605,96.34809416380864,2000.0,5.0,0.0,0.0,0.0,0.0,4.19842859742284,66.02974952409741,118.35801067184111
PT0002,diabetes,61.79255978730041,1,36.98820752904108,90.5172316301462,237,3,13.253014966446157,10.151837474445646,162.37784368790605,96.34809416380864,1000.0,2.5,10.0,0.0,0.0,0.0,4.09076395297638,66.02974952409741,118.35801067184111
PT0002,diabetes,61.79255978730041,1,36.98820752904108,90.5172316301462,333,4,12.994482452735712,9.692645137059227,162.37784368790605,96.34809416380864,500.0,5.0,0.0,0.0,0.0,0.0,4.010963583744423,66.02974952409741,118.35801067184111
PT0002,diabetes,61.79255978730041,1,36.98820752904108,90.5172316301462,342,5,13.020048204811971,9.67681967832407,162.37784368790605,96.34809416380864,1000.0,5.0,0.0,0.0,0.0,0.0,4.018854879218629,66.02974952409741,118.35801067184111
PT0002,diabetes,61.79255978730041,1,36.98820752904108,90.5172316301462,494,6,13.09807478507942,10.066329233999646,162.37784368790605,96.34809416380864,500.0,0.0,20.0,0.0,0.0,0.0,4.042939083661182,66.02974952409741,118.35801067184111
PT0003,diabetes,49.472504422135614,1,24.124106238169276,107.52334819571844,0,0,12.325368811930312,9.073685854056404,162.37784368790605,96.34809416380864,2000.0,0.0,0.0,0.0,0.0,0.0,3.804430506615823,66.02974952409741,118.35801067184111
PT0003,diabetes,49.472504422135614,1,24.124106238169276,107.52334819571844,171,1,12.992132179772495,10.05061650570676,162.37784368790605,96.34809416380864,1000.0,0.0,0.0,0.0,0.0,0.0,4.01023813282311,66.02974952409741,118.35801067184111
PT0003,diabetes,49.472504422135614,1,24.124106238169276,107.52334819571844,217,2,12.39478660180212,9.232468629358799,162.37784368790605,96.34809416380864,500.0,0.0,0.0,0.0,0.0,0.0,3.8258574644229215,66.02974952409741,118.35801067184111
PT0003,diabetes,49.472504422135614,1,24.124106238169276,107.52334819571844,274,3,11.956964333618355,9.339579456131336,162.37784368790605,96.34809416380864,2000.0,10.0,20.0,0.0,0.0,0.0,3.6907163243101992,66.02974952409741,118.35801067184111
PT0003,diabetes,49.472504422135614,1,24.124106238169276,107.52334819571844,453,4,11.571161901481759,9.000445287242453,162.37784368790605,96.34809416380864,2000.0,0.0,20.0,0.0,0.0,0.0,3.571631973590703,66.02974952409741,118.35801067184111
PT0003,diabetes,49.472504422135614,1,24.124106238169276,107.52334819571844,492,5,13.662814047878191,10.346218457579143,162.37784368790605,96.34809416380864,2000.0,0.0,10.0,0.0,0.0,0.0,4.217255269445069,66.02974952409741,118.35801067184111
PT0004,diabetes,45.679026523675745,1,31.372103244487683,73.52924491982803,0,0,14.796774037624926,11.573618930815407,162.37784368790605,96.34809416380864,0.0,2.5,10.0,0.0,0.0,0.0,4.567270919613561,66.02974952409741,118.35801067184111
PT0004,diabetes,45.679026523675745,1,31.372103244487683,73.52924491982803,340,1,14.86970834308629,11.26042054731277,162.37784368790605,96.34809416380864,2000.0,0.0,10.0,0.0,0.0,0.0,4.589783308565968,66.02974952409741,118.35801067184111
PT0004,diabetes,45.679026523675745,1,31.372103244487683,73.52924491982803,390,2,15.043873271309932,10.89405002552837,162.37784368790605,96.34809416380864,2000.0,2.5,20.0,0.0,0.0,0.0,4.643542216410999,66.02974952409741,118.35801067184111
PT0004,diabetes,45.679026523675745,1,31.372103244487683,73.52924491982803,411,3,14.416124069614314,10.312294243184816,162.37784368790605,96.34809416380864,500.0,0.0,0.0,0.0,0.0,0.0,4.449776962820952,66.02974952409741,118.35801067184111
PT0005,diabetes,70.73786558791453,1,31.339450486956082,65.53538836900154,0,0,10.96295847193104,8.474840383229463,162.37784368790605,96.34809416380864,2000.0,0.0,0.0,0.0,0.0,0.0,3.383899848336048,66.02974952409741,118.35801067184111
PT0005,diabetes,70.73786558791453,1,31.339450486956082,65.53538836900154,109,1,11.310705307662223,8.9357635924876,162.37784368790605,96.34809416380864,1000.0,10.0,0.0,0.0,0.0,0.0,3.491237704965073,66.02974952409741,118.35801067184111
PT0005,diabetes,70.73786558791453,1,31.339450486956082,65.53538836900154,538,2,10.888614396131285,8.111472054282524,162.37784368790605,96.34809416380864,1000.0,0.0,0.0,0.0,0.0,0.0,3.3609523102725234,66.02974952409741,118.35801067184111
PT0005,diabetes,70.73786558791453,1,31.339450486956082,65.53538836900154,608,3,11.465633181160676,8.442103053332644,162.37784368790605,96.34809416380864,0.0,0.0,20.0,0.0,0.0,0.0,3.5390587752515956,66.02974952409741,118.35801067184111
PT0005,diabetes,70.73786558791453,1,31.339450486956082,65.53538836900154,642,4,10.712137093392434,8.666951305699829,162.37784368790605,96.34809416380864,2000.0,5.0,0.0,0.0,0.0,0.0,3.306479649493798,66.02974952409741,118.35801067184111
PT0006,diabetes,35.99437965545025,1,31.993564761882844,86.20838225927054,0,0,12.092486820716246,8.706949923295051,162.37784368790605,96.34809416380864,500.0,5.0,20.0,0.0,0.0,0.0,3.7325475986610814,66.02974952409741,118.35801067184111
PT0006,diabetes,35.99437965545025,1,31.993564761882844,86.20838225927054,225,1,12.234365768459536,8.994464809771491,162.37784368790605,96.34809416380864,500.0,0.0,0.0,0.0,0.0,0.0,3.776340900531177,66.02974952409741,118.35801067184111
PT0006,diabetes,35.99437965545025,1,31.993564761882844,86.20838225927054,375,2,13.050831824727872,9.726526460591183,162.37784368790605,96.34809416380864,1000.0,5.0,0.0,0.0,0.0,0.0,4.028356756566003,66.02974952409741,118.35801067184111
PT0006,diabetes,35.99437965545025,1,31.993564761882844,86.20838225927054,477,3,13.56177035492907,10.084762781392882,162.37784368790605,96.34809416380864,2000.0,0.0,10.0,0.0,0.0,0.0,4.186066449554773,66.02974952409741,118.35801067184111
PT0006,diabetes,35.99437965545025,1,31.993564761882844,86.20838225927054,688,4,13.854693406918663,10.302427580405354,162.37784368790605,96.34809416380864,1000.0,0.0,20.0,0.0,0.0,0.0,4.276482031602227,66.02974952409741,118.35801067184111
PT0006,diabetes,35.99437965545025,1,31.993564761882844,86.20838225927054,691,5,13.70445029252213,10.317732911870348,162.37784368790605,96.34809416380864,2000.0,5.0,10.0,0.0,0.0,0.0,4.230106990291831,66.02974952409741,118.35801067184111
PT0007,diabetes,55.1810494808892,0,37.75008896022295,100.32355574344339,0,0,14.933596515817358,11.10992808106799,162.37784368790605,96.34809416380864,0.0,2.5,30.0,0.0,0.0,0.0,4.609503457882291,66.02974952409741,118.35801067184111
PT0007,diabetes,55.1810494808892,0,37.75008896022295,100.32355574344339,283,1,14.424377837791369,11.219071628897913,162.37784368790605,96.34809416380864,500.0,0.0,20.0,0.0,0.0,0.0,4.4523246259316025,66.02974952409741,118.35801067184111
PT0007,diabetes,55.1810494808892,0,37.75008896022295,100.32355574344339,309,2,14.326217486761418,10.620733191069847,162.37784368790605,96.34809416380864,500.0,5.0,20.0,0.0,0.0,0.0,4.422025797580359,66.02974952409741,118.35801067184111
PT0007,diabetes,55.1810494808892,0,37.75008896022295,100.32355574344339,371,3,14.839708155347015,11.13687717344349,162.37784368790605,96.34809416380864,500.0,0.0,10.0,0.0,0.0,0.0,4.580523250617112,66.02974952409741,118.35801067184111
PT0007,diabetes,55.1810494808892,0,37.75008896022295,100.32355574344339,425,4,14.679846646608164,11.384719129302013,162.37784368790605,96.34809416380864,1000.0,10.0,20.0,0.0,0.0,0.0,4.531179331586387,66.02974952409741,118.35801067184111
PT0007,diabetes,55.1810494808892,0,37.75008896022295,100.32355574344339,490,5,14.591538649212607,10.82596289520594,162.37784368790605,96.34809416380864,1000.0,0.0,0.0,0.0,0.0,0.0,4.503921596390292,66.02974952409741,118.35801067184111
PT0007,diabetes,55.1810494808892,0,37.75008896022295,100.32355574344339,578,6,14.489957649475349,10.976816831955075,162.37784368790605,96.34809416380864,0.0,5.0,0.0,0.0,0.0,0.0,4.472566927804725,66.02974952409741,118.35801067184111
PT0007,diabetes,55.1810494808892,0,37.75008896022295,100.32355574344339,596,7,15.290696924650973,11.470982032877851,162.37784368790605,96.34809416380864,1000.0,10.0,0.0,0.0,0.0,0.0,4.719728450742267,66.02974952409741,118.35801067184111
PT0008,diabetes,73.35520983636322,0,32.68627608039437,95.87056680092056,0,0,14.721750868485522,10.958213895787923,162.37784368790605,96.34809416380864,2000.0,2.5,0.0,0.0,0.0,0.0,4.544113768072531,66.02974952409741,118.35801067184111
PT0008,diabetes,73.35520983636322,0,32.68627608039437,95.87056680092056,98,1,14.174352512458086,10.497861172627868,162.37784368790605,96.34809416380864,2000.0,2.5,30.0,0.0,0.0,0.0,4.37515014217873,66.02974952409741,118.35801067184111
PT0008,diabetes,73.35520983636322,0,32.68627608039437,95.87056680092056,376,2,14.092714558855615,10.454770598360488,162.37784368790605,96.34809416380864,500.0,0.0,0.0,0.0,0.0,0.0,4.349951227166766,66.02974952409741,118.35801067184111
PT0008,diabetes,73.35520983636322,0,32.68627608039437,95.87056680092056,418,3,13.893180687661467,10.427472164254683,162.37784368790605,96.34809416380864,1000.0,2.5,0.0,0.0,0.0,0.0,4.288361772258172,66.02974952409741,118.35801067184111
PT0008,diabetes,73.35520983636322,0,32.68627608039437,95.87056680092056,520,4,14.707505356138098,11.135972381020332,162.37784368790605,96.34809416380864,0.0,5.0,0.0,0.0,0.0,0.0,4.539716653261293,66.02974952409741,118.35801067184111
PT0008,diabetes,73.35520983636322,0,32.68627608039437,95.87056680092056,522,5,15.149267134778803,11.095223276219937,162.37784368790605,96.34809416380864,1000.0,5.0,10.0,0.0,0.0,0.0,4.676073788935057,66.02974952409741,118.35801067184111
PT0008,diabetes,73.35520983636322,0,32.68627608039437,95.87056680092056,673,6,14.499427057286102,10.780431464929388,162.37784368790605,96.34809416380864,500.0,0.0,0.0,0.0,0.0,0.0,4.475489818348977,66.02974952409741,118.35801067184111
PT0009,diabetes,52.69256508271573,0,38.53195411927997,95.78411230304853,0,0,14.982678093981285,11.111335825828647,162.37784368790605,96.34809416380864,500.0,2.5,30.0,0.0,0.0,0.0,4.6246533050088905,66.02974952409741,118.35801067184111
PT0009,diabetes,52.69256508271573,0,38.53195411927997,95.78411230304853,212,1,15.36475379653298,11.698373752111687,162.37784368790605,96.34809416380864,2000.0,0.0,10.0,0.0,0.0,0.0,4.742587338529846,66.02974952409741,118.35801067184111
PT0009,diabetes,52.69256508271573,0,38.53195411927997,95.78411230304853,310,2,14.766668746477729,10.47198291193976,162.37784368790605,96.34809416380864,2000.0,5.0,0.0,0.0,0.0,0.0,4.557978419746126,66.02974952409741,118.35801067184111
PT0009,diabetes,52.69256508271573,0,38.53195411927997,95.78411230304853,327,3,15.200913556759383,11.705484758632426,162.37784368790605,96.34809416380864,500.0,0.0,0.0,0.0,0.0,0.0,4.692015317853063,66.02974952409741,118.35801067184111
PT0009,diabetes,52.69256508271573,0,38.53195411927997,95.78411230304853,330,4,14.497540818431638,10.889290144420494,162.37784368790605,96.34809416380864,2000.0,0.0,0.0,0.0,0.0,0.0,4.474907599289232,66.02974952409741,118.35801067184111
PT0009,diabetes,52.69256508271573,0,38.53195411927997,95.78411230304853,520,5,14.695427403008651,10.689837775470997,162.37784368790605,96.34809416380864,500.0,0.0,10.0,0.0,0.0,0.0,4.53598859172867,66.02974952409741,118.35801067184111
PT0009,diabetes,52.69256508271573,0,38.53195411927997,95.78411230304853,594,6,13.601723445670988,10.311840997410354,162.37784368790605,96.34809416380864,2000.0,5.0,20.0,0.0,0.0,0.0,4.198398636897111,66.02974952409741,118.35801067184111
PT0009,diabetes,52.69256508271573,0,38.53195411927997,95.78411230304853,697,7,14.064621565128567,10.870803254600943,162.37784368790605,96.34809416380864,1000.0,0.0,0.0,0.0,0.0,0.0,4.341279856436351,66.02974952409741,118.35801067184111
PT0010,diabetes,60.96932620981235,1,38.930699374519335,54.64853434480377,0,0,10.23729113592681,7.778851366938273,162.37784368790605,96.34809416380864,1000.0,0.0,0.0,0.0,0.0,0.0,3.1599105306227426,66.02974952409741,118.35801067184111
PT0010,diabetes,60.96932620981235,1,38.930699374519335,54.64853434480377,301,1,9.517972431435844,7.67067469572766,162.37784368790605,96.34809416380864,1000.0,0.0,0.0,0.0,0.0,0.0,2.9378808238365304,66.02974952409741,118.35801067184111
PT0010,diabetes,60.96932620981235,1,38.930699374519335,54.64853434480377,387,2,9.918421608151236,7.524350361183213,162.37784368790605,96.34809416380864,1000.0,0.0,0.0,0.0,0.0,0.0,3.061486136382682,66.02974952409741,118.35801067184111
PT0010,diabetes,60.96932620981235,1,38.930699374519335,54.64853434480377,389,3,10.314146785429415,8.545779940302237,162.37784368790605,96.34809416380864,500.0,2.5,0.0,0.0,0.0,0.0,3.183633307769213,66.02974952409741,118.35801067184111
PT0010,diabetes,60.96932620981235,1,38.930699374519335,54.64853434480377,416,4,10.324479487260138,8.071191868581643,162.37784368790605,96.34809416380864,500.0,2.5,0.0,0.0,0.0,0.0,3.186822668400963,66.02974952409741,118.35801067184111
PT0011,diabetes,54.76566586069694,0,23.297064647312986,99.72955871756511,0,0,15.930969608243645,11.18012105274547,162.37784368790605,96.34809416380864,0.0,5.0,0.0,0.0,0.0,0.0,4.9173592857445385,66.02974952409741,118.35801067184111
PT0011,diabetes,54.76566586069694,0,23.297064647312986,99.72955871756511,226,1,15.706910721887532,11.744732856562075,162.37784368790605,96.34809416380864,500.0,0.0,10.0,0.0,0.0,0.0,4.848199776155952,66.02974952409741,118.35801067184111
PT0011,diabetes,54.76566586069694,0,23.297064647312986,99.72955871756511,373,2,15.575596696249226,11.694248205069846,162.37784368790605,96.34809416380864,1000.0,5.0,0.0,0.0,0.0,0.0,4.807667513575595,66.02974952409741,118.35801067184111
PT0011,diabetes,54.76566586069694,0,23.297064647312986,99.72955871756511,575,3,15.12112676688514,11.53980873918861,162.37784368790605,96.34809416380864,500.0,5.0,0.0,0.0,0.0,0.0,4.667387795378547,66.02974952409741,118.35801067184111
PT0011,diabetes,54.76566586069694,0,23.297064647312986,99.72955871756511,602,4,15.64752290182272,11.906653862706824,162.37784368790605,96.34809416380864,1000.0,0.0,30.0,0.0,0.0,0.0,4.829868735695946,66.02974952409741,118.35801067184111
PT0012,diabetes,53.773077367616054,1,25.256679740155626,103.96173544015397,0,0,14.27522179045552,10.805857520961885,162.37784368790605,96.34809416380864,0.0,2.5,20.0,0.0,0.0,0.0,4.406285125987271,66.02974952409741,118.35801067184111
PT0012,diabetes,53.773077367616054,1,25.256679740155626,103.96173544015397,312,1,14.238186463018721,11.194287061900276,162.37784368790605,96.34809416380864,500.0,0.0,10.0,0.0,0.0,0.0,4.394853554918446,66.02974952409741,118.35801067184111
PT0012,diabetes,53.773077367616054,1,25.256679740155626,103.96173544015397,543,2,13.691016184291284,9.92995401913563,162.37784368790605,96.34809416380864,500.0,0.0,10.0,0.0,0.0,0.0,4.225960328884577,66.02974952409741,118.35801067184111
PT0012,diabetes,53.773077367616054,1,25.256679740155626,103.96173544015397,601,3,13.646022872301117,10.311623678361338,162.37784368790605,96.34809416380864,1000.0,0.0,10.0,0.0,0.0,0.0,4.212072393250278,66.02974952409741,118.35801067184111
PT0013,diabetes,48.5542254243842,0,22.446816372374307,105.28492980276174,0,0,13.462694095493992,10.310352967112463,162.37784368790605,96.34809416380864,1000.0,0.0,10.0,0.0,0.0,0.0,4.155484910809146,66.02974952409741,118.35801067184111
PT0013,diabetes,48.5542254243842,0,22.446816372374307,105.28492980276174,281,1,13.105210640494091,9.941836171181087,162.37784368790605,96.34809416380864,1000.0,5.0,0.0,0.0,0.0,0.0,4.045141684365843,66.02974952409741,118.35801067184111
PT0013,diabetes,48.5542254243842,0,22.446816372374307,105.28492980276174,452,2,13.060245182854162,10.389311153894349,162.37784368790605,96.34809416380864,1000.0,2.5,20.0,0.0,0.0,0.0,4.031262346440984,66.02974952409741,118.35801067184111
PT0013,diabetes,48.5542254243842,0,22.446816372374307,105.28492980276174,454,3,12.013253903733482,8.800115655388693,162.37784368790605,96.34809416380864,0.0,10.0,30.0,0.0,0.0,0.0,3.708091038285735,66.02974952409741,118.35801067184111
PT0014,diabetes,74.42160677979705,1,39.60250562332912,71.75244014261389,0,0,14.110469567316182,10.575933335947166,162.37784368790605,96.34809416380864,2000.0,10.0,0.0,0.0,0.0,0.0,4.355431606444928,66.02974952409741,118.35801067184111
PT0014,diabetes,74.42160677979705,1,39.60250562332912,71.75244014261389,365,1,14.039343495792817,10.468338903318838,162.37784368790605,96.34809416380864,0.0,5.0,0.0,0.0,0.0,0.0,4.333477359034717,66.02974952409741,118.35801067184111
PT0014,diabetes,74.42160677979705,1,39.60250562332912,71.75244014261389,559,2,14.162837356015542,10.37633999145784,162.37784368790605,96.34809416380864,1000.0,0.0,10.0,0.0,0.0,0.0,4.371595797223464,66.02974952409741,118.35801067184111
PT0014,diabetes,74.42160677979705,1,39.60250562332912,71.75244014261389,693,3,13.856907084099019,9.620132620280284,162.37784368790605,96.34809416380864,2000.0,0.0,10.0,0.0,0.0,0.0,4.277165319958564,66.02974952409741,118.35801067184111
PT0015,diabetes,58.612810035325964,0,26.946850913591206,102.6262415411715,0,0,9.200752029624313,7.468786148620209,162.37784368790605,96.34809416380864,500.0,0.0,0.0,0.0,0.0,0.0,2.839965459810705,66.02974952409741,118.35801067184111
PT0015,diabetes,58.612810035325964,0,26.946850913591206,102.6262415411715,250,1,8.77444835781634,7.142182949425533,162.37784368790605,96.34809416380864,0.0,0.0,0.0,0.0,0.0,0.0,2.708379726445977,66.02974952409741,118.35801067184111
PT0015,diabetes,58.612810035325964,0,26.946850913591206,102.6262415411715,377,2,9.229506902354904,6.921956475041196,162.37784368790605,96.34809416380864,1000.0,0.0,30.0,0.0,0.0,0.0,2.8488411305268806,66.02974952409741,118.35801067184111
PT0015,diabetes,58.612810035325964,0,26.946850913591206,102.6262415411715,561,3,9.100010187737038,6.582784362697249,162.37784368790605,96.34809416380864,2000.0,2.5,0.0,0.0,0.0,0.0,2.808869811281499,66.02974952409741,118.35801067184111
PT0015,diabetes,58.612810035325964,0,26.946850913591206,102.6262415411715,614,4,8.918725037992797,6.843142784476739,162.37784368790605,96.34809416380864,2000.0,10.0,0.0,0.0,0.0,0.0,2.7529131283937764,66.02974952409741,118.35801067184111
PT0015,diabetes,58.612810035325964,0,26.946850913591206,102.6262415411715,649,5,10.141351465396376,8.133195866030295,162.37784368790605,96.34809416380864,2000.0,5.0,0.0,0.0,0.0,0.0,3.130297152319015,66.02974952409741,118.35801067184111
PT0016,diabetes,54.050292343469025,0,39.904631480830446,88.84883600363656,0,0,9.765004226779958,7.696924714567291,162.37784368790605,96.34809416380864,2000.0,0.0,0.0,0.0,0.0,0.0,3.0141313046660803,66.02974952409741,118.35801067184111
PT0016,diabetes,54.050292343469025,0,39.904631480830446,88.84883600363656,421,1,9.59570493423338,7.371177722607905,162.37784368790605,96.34809416380864,2000.0,2.5,30.0,0.0,0.0,0.0,2.9618742563667033,66.02974952409741,118.35801067184111
PT0016,diabetes,54.050292343469025,0,39.904631480830446,88.84883600363656,457,2,9.096080248157,7.54398141234303,162.37784368790605,96.34809416380864,2000.0,10.0,0.0,0.0,0.0,0.0,2.8076567699311274,66.02974952409741,118.35801067184111
PT0016,diabetes,54.050292343469025,0,39.904631480830446,88.84883600363656,564,3,8.945132650521789,7.251175013896719,162.37784368790605,96.34809416380864,500.0,2.5,0.0,0.0,0.0,0.0,2.7610642781277255,66.02974952409741,118.35801067184111
PT0016,diabetes,54.050292343469025,0,39.904631480830446,88.84883600363656,570,4,8.328874762066324,7.072941542070652,162.37784368790605,96.34809416380864,1000.0,0.0,0.0,0.0,0.0,0.0,2.570846009891139,66.02974952409741,118.35801067184111
PT0017,diabetes,44.69931412113331,0,30.63754120991917,89.41179324782284,0,0,15.928298677364042,11.801617999532349,162.37784368790605,96.34809416380864,500.0,0.0,0.0,0.0,0.0,0.0,4.916534858413034,66.02974952409741,118.35801067184111
PT0017,diabetes,44.69931412113331,0,30.63754120991917,89.41179324782284,187,1,14.901535200372955,10.911186123660181,162.37784368790605,96.34809416380864,1000.0,0.0,0.0,0.0,0.0,0.0,4.599607198515119,66.02974952409741,118.35801067184111
PT0017,diabetes,44.69931412113331,0,30.63754120991917,89.41179324782284,336,2,16.13237935744118,12.115895961947873,162.37784368790605,96.34809416380864,2000.0,0.0,10.0,0.0,0.0,0.0,4.979527761663511,66.02974952409741,118.35801067184111
PT0017,diabetes,44.69931412113331,0,30.63754120991917,89.41179324782284,381,3,15.81814198386787,11.71021147585736,162.37784368790605,96.34809416380864,0.0,10.0,0.0,0.0,0.0,0.0,4.882533159020549,66.02974952409741,118.35801067184111
PT0017,diabetes,44.69931412113331,0,30.63754120991917,89.41179324782284,562,4,16.01344676632522,11.891352870121864,162.37784368790605,96.34809416380864,1000.0,0.0,0.0,0.0,0.0,0.0,4.942817235205718,66.02974952409741,118.35801067184111
PT0017,diabetes,44.69931412113331,0,30.63754120991917,89.41179324782284,605,5,15.150851451210263,10.990910620653603,162.37784368790605,96.34809416380864,2000.0,0.0,0.0,0.0,0.0,0.0,4.676562814606902,66.02974952409741,118.35801067184111
PT0018,diabetes,70.60077828470781,0,24.26847415143928,54.34171299460972,0,0,10.217898507745245,7.730172432135504,162.37784368790605,96.34809416380864,1000.0,2.5,0.0,0.0,0.0,0.0,3.1539246727240324,66.02974952409741,118.35801067184111
PT0018,diabetes,70.60077828470781,0,24.26847415143928,54.34171299460972,228,1,11.165463761884007,8.981228965469924,162.37784368790605,96.34809416380864,500.0,0.0,0.0,0.0,0.0,0.0,3.446406481168197,66.02974952409741,118.35801067184111
PT0018,diabetes,70.60077828470781,0,24.26847415143928,54.34171299460972,509,2,10.05032371424071,8.015058486896434,162.37784368790605,96.34809416380864,1000.0,5.0,0.0,0.0,0.0,0.0,3.1021999197956327,66.02974952409741,118.35801067184111
PT0018,diabetes,70.60077828470781,0,24.26847415143928,54.34171299460972,522,3,9.989028793689142,7.7601515415322515,162.37784368790605,96.34809416380864,2000.0,5.0,10.0,0.0,0.0,0.0,3.0832802209853822,66.02974952409741,118.35801067184111
PT0018,diabetes,70.60077828470781,0,24.26847415143928,54.34171299460972,531,4,9.774444102752565,7.849611255531596,162.37784368790605,96.34809416380864,0.0,2.5,20.0,0.0,0.0,0.0,3.0170450797162913,66.02974952409741,118.35801067184111
PT0018,diabetes,70.60077828470781,0,24.26847415143928,54.34171299460972,594,5,9.37942224336693,7.959271599815774,162.37784368790605,96.34809416380864,0.0,2.5,0.0,0.0,0.0,0.0,2.895114999119259,66.02974952409741,118.35801067184111
PT0018,diabetes,70.60077828470781,0,24.26847415143928,54.34171299460972,608,6,9.111056282583908,6.724158560015701,162.37784368790605,96.34809416380864,2000.0,0.0,0.0,0.0,0.0,0.0,2.8122793725575663,66.02974952409741,118.35801067184111
PT0019,diabetes,55.68077947397717,0,35.16044757975032,95.89240845169552,0,0,13.34674810181258,10.032437690049948,162.37784368790605,96.34809416380864,1000.0,0.0,20.0,0.0,0.0,0.0,4.11969624742615,66.02974952409741,118.35801067184111
PT0019,diabetes,55.68077947397717,0,35.16044757975032,95.89240845169552,463,1,13.05510137954489,9.967176171460336,162.37784368790605,96.34809416380864,500.0,5.0,0.0,0.0,0.0,0.0,4.029674625819523,66.02974952409741,118.35801067184111
PT0019,diabetes,55.68077947397717,0,35.16044757975032,95.89240845169552,465,2,12.65276887341877,9.15395734953266,162.37784368790605,96.34809416380864,2000.0,0.0,0.0,0.0,0.0,0.0,3.9054879922619277,66.02974952409741,118.35801067184111
PT0019,diabetes,55.68077947397717,0,35.16044757975032,95.89240845169552,528,3,12.578595120602296,9.789306488496806,162.37784368790605,96.34809416380864,2000.0,10.0,10.0,0.0,0.0,0.0,3.8825930272259086,66.02974952409741,118.35801067184111
PT0019,diabetes,55.68077947397717,0,35.16044757975032,95.89240845169552,632,4,12.430020291510365,9.432577461357546,162.37784368790605,96.34809416380864,2000.0,0.0,0.0,0.0,0.0,0.0,3.8367329299795325,66.02974952409741,118.35801067184111
PT0019,diabetes,55.68077947397717,0,35.16044757975032,95.89240845169552,633,5,12.610411669239205,9.578908049644562,162.37784368790605,96.34809416380864,0.0,5.0,0.0,0.0,0.0,0.0,3.8924137352385015,66.02974952409741,118.35801067184111
PT0020,diabetes,65.59214210428937,0,37.780794350763145,103.6067204818185,0,0,14.946828153132575,10.961822233868409,162.37784368790605,96.34809416380864,2000.0,0.0,20.0,0.0,0.0,0.0,4.6135876232669215,66.02974952409741,118.35801067184111
PT0020,diabetes,65.59214210428937,0,37.780794350763145,103.6067204818185,97,1,13.603966105520094,9.959357588750347,162.37784368790605,96.34809416380864,2000.0,5.0,0.0,0.0,0.0,0.0,4.199090871237202,66.02974952409741,118.35801067184111
PT0020,diabetes,65.59214210428937,0,37.780794350763145,103.6067204818185,168,2,13.836420471438055,10.627303601022131,162.37784368790605,96.34809416380864,2000.0,2.5,10.0,0.0,0.0,0.0,4.270841785517214,66.02974952409741,118.35801067184111
PT0020,diabetes,65.59214210428937,0,37.780794350763145,103.6067204818185,181,3,14.699430094865013,11.282884019201187,162.37784368790605,96.34809416380864,0.0,2.5,0.0,0.0,0.0,0.0,4.5372240892816675,66.02974952409741,118.35801067184111
PT0020,diabetes,65.59214210428937,0,37.780794350763145,103.6067204818185,356,4,14.027532292884414,10.487045929963633,162.37784368790605,96.34809416380864,500.0,0.0,0.0,0.0,0.0,0.0,4.329831634403656,66.02974952409741,118.35801067184111
PT0020,diabetes,65.59214210428937,0,37.780794350763145,103.6067204818185,484,5,15.03291925549724,11.032681077109887,162.37784368790605,96.34809416380864,1000.0,0.0,0.0,0.0,0.0,0.0,4.640161076863482,66.02974952409741,118.35801067184111
PT0020,diabetes,65.59214210428937,0,37.780794350763145,103.6067204818185,636,6,14.169629915240927,10.542452749565367,162.37784368790605,96.34809416380864,1000.0,0.0,20.0,0.0,0.0,0.0,4.3736924338377,66.02974952409741,118.35801067184111
PT0021,diabetes,41.5430751084044,1,31.979497936718804,58.50162146785005,0,0,14.49809466993351,10.398500718117461,162.37784368790605,96.34809416380864,500.0,0.0,0.0,0.0,0.0,0.0,4.475078554786143,66.02974952409741,118.35801067184111
PT0021,diabetes,41.5430751084044,1,31.979497936718804,58.50162146785005,347,1,14.50413211208499,11.42390257930894,162.37784368790605,96.34809416380864,0.0,2.5,0.0,0.0,0.0,0.0,4.476942111930234,66.02974952409741,118.35801067184111
PT0021,diabetes,41.5430751084044,1,31.979497936718804,58.50162146785005,600,2,15.395382973974518,11.350869753709922,162.37784368790605,96.34809416380864,500.0,0.0,30.0,0.0,0.0,0.0,4.752041544633468,66.02974952409741,118.35801067184111
PT0021,diabetes,41.5430751084044,1,31.979497936718804,58.50162146785005,685,3,14.594199142062257,10.398249920730885,162.37784368790605,96.34809416380864,2000.0,0.0,20.0,0.0,0.0,0.0,4.504742801849883,66.02974952409741,118.35801067184111
PT0022,diabetes,40.16120228728167,0,33.38109063454378,70.54028045206516,0,0,13.819821570737195,10.581809180144907,162.37784368790605,96.34809416380864,2000.0,2.5,10.0,0.0,0.0,0.0,4.265718258167548,66.02974952409741,118.35801067184111
PT0022,diabetes,40.16120228728167,0,33.38109063454378,70.54028045206516,202,1,14.994640802418875,11.026602262755521,162.37784368790605,96.34809416380864,1000.0,0.0,20.0,0.0,0.0,0.0,4.628345794346626,66.02974952409741,118.35801067184111
PT0022,diabetes,40.16120228728167,0,33.38109063454378,70.54028045206516,286,2,14.562784732107035,10.827144182226945,162.37784368790605,96.34809416380864,2000.0,10.0,0.0,0.0,0.0,0.0,4.4950462206437045,66.02974952409741,118.35801067184111
PT0022,diabetes,40.16120228728167,0,33.38109063454378,70.54028045206516,329,3,14.16610516822316,10.414089003660035,162.37784368790605,96.34809416380864,1000.0,0.0,0.0,0.0,0.0,0.0,4.372604461924882,66.02974952409741,118.35801067184111
PT0022,diabetes,40.16120228728167,0,33.38109063454378,70.54028045206516,632,4,14.526480517849407,10.966105859358397,162.37784368790605,96.34809416380864,1000.0,0.0,20.0,0.0,0.0,0.0,4.483840319842851,66.02974952409741,118.35801067184111
PT0023,diabetes,35.79065781370767,1,25.560577250665546,95.5798424653608,0,0,15.548919044404201,11.721784867596778,162.37784368790605,96.34809416380864,2000.0,0.0,30.0,0.0,0.0,0.0,4.799433011706097,66.02974952409741,118.35801067184111
PT0023,diabetes,35.79065781370767,1,25.560577250665546,95.5798424653608,471,1,15.387651289685355,11.452247258094133,162.37784368790605,96.34809416380864,500.0,0.0,0.0,0.0,0.0,0.0,4.749655031416213,66.02974952409741,118.35801067184111
PT0023,diabetes,35.79065781370767,1,25.560577250665546,95.5798424653608,477,2,15.94343146885726,11.488914803031637,162.37784368790605,96.34809416380864,1000.0,0.0,0.0,0.0,0.0,0.0,4.921205846720608,66.02974952409741,118.35801067184111
PT0023,diabetes,35.79065781370767,1,25.560577250665546,95.5798424653608,527,3,15.299818125841858,11.543626179246262,162.37784368790605,96.34809416380864,500.0,2.5,10.0,0.0,0.0,0.0,4.722543861509854,66.02974952409741,118.35801067184111
PT0024,diabetes,44.768200030635526,0,38.42809303459965,105.0518424674029,0,0,14.507762475594468,10.889816849182537,162.37784368790605,96.34809416380864,2000.0,0.0,0.0,0.0,0.0,0.0,4.4780626841334925,66.02974952409741,118.35801067184111
PT0024,diabetes,44.768200030635526,0,38.42809303459965,105.0518424674029,352,1,14.743732799363238,10.567333652817508,162.37784368790605,96.34809416380864,2000.0,0.0,0.0,0.0,0.0,0.0,4.550898857403453,66.02974952409741,118.35801067184111
PT0024,diabetes,44.768200030635526,0,38.42809303459965,105.0518424674029,455,2,13.903015603355804,10.44100160210683,162.37784368790605,96.34809416380864,2000.0,0.0,0.0,0.0,0.0,0.0,4.291397482902492,66.02974952409741,118.35801067184111
PT0024,diabetes,44.768200030635526,0,38.42809303459965,105.0518424674029,507,3,14.774538408416861,11.35168338562059,162.37784368790605,96.34809416380864,2000.0,2.5,0.0,0.0,0.0,0.0,4.560407522064671,66.02974952409741,118.35801067184111
PT0024,diabetes,44.768200030635526,0,38.42809303459965,105.0518424674029,585,4,15.045771741101747,11.110255285419552,162.37784368790605,96.34809416380864,2000.0,0.0,20.0,0.0,0.0,0.0,4.644128210753406,66.02974952409741,118.35801067184111
PT0025,diabetes,42.054255200323034,1,29.622917104233768,80.89202035635645,0,0,12.21706698879415,8.966946095286247,162.37784368790605,96.34809416380864,1000.0,0.0,0.0,0.0,0.0,0.0,3.7710013438744614,66.02974952409741,118.35801067184111
PT0025,diabetes,42.054255200323034,1,29.622917104233768,80.89202035635645,160,1,12.266434315156717,9.68377352422872,162.37784368790605,96.34809416380864,1000.0,5.0,10.0,0.0,0.0,0.0,3.78623939194504,66.02974952409741,118.35801067184111
PT0025,diabetes,42.054255200323034,1,29.622917104233768,80.89202035635645,325,2,11.824400881152691,9.200756114955716,162.37784368790605,96.34809416380864,1000.0,10.0,0.0,0.0,0.0,0.0,3.6497984053157975,66.02974952409741,118.35801067184111
PT0025,diabetes,42.054255200323034,1,29.622917104233768,80.89202035635645,477,3,11.812553169827947,9.002956816817726,162.37784368790605,96.34809416380864,2000.0,0.0,20.0,0.0,0.0,0.0,3.6461414117535593,66.02974952409741,118.35801067184111
PT0025,diabetes,42.054255200323034,1,29.622917104233768,80.89202035635645,511,4,12.282209551770542,9.280422080010032,162.37784368790605,96.34809416380864,2000.0,0.0,20.0,0.0,0.0,0.0,3.7911086816465076,66.02974952409741,118.35801067184111
PT0025,diabetes,42.054255200323034,1,29.622917104233768,80.89202035635645,637,5,11.867993950055935,8.887322153157028,162.37784368790605,96.34809416380864,1000.0,0.0,20.0,0.0,0.0,0.0,3.663254132583932,66.02974952409741,118.35801067184111
PT0026,diabetes,45.298078372958535,1,35.54192045980395,77.7716092854029,0,0,15.975010268839215,11.709291024093865,162.37784368790605,96.34809416380864,2000.0,0.0,0.0,0.0,0.0,0.0,4.9309531696483715,66.02974952409741,118.35801067184111
PT0026,diabetes,45.298078372958535,1,35.54192045980395,77.7716092854029,284,1,15.053917722314106,10.67149834789182,162.37784368790605,96.34809416380864,1000.0,5.0,0.0,0.0,0.0,0.0,4.646642603620954,66.02974952409741,118.35801067184111
PT0026,diabetes,45.298078372958535,1,35.54192045980395,77.7716092854029,304,2,15.761262769759236,11.08947700362987,162.37784368790605,96.34809416380864,1000.0,0.0,20.0,0.0,0.0,0.0,4.864976441599018,66.02974952409741,118.35801067184111
PT0026,diabetes,45.298078372958535,1,35.54192045980395,77.7716092854029,392,3,16.56729180573246,12.589133782898017,162.37784368790605,96.34809416380864,500.0,0.0,0.0,0.0,0.0,0.0,5.1137707373694195,66.02974952409741,118.35801067184111
PT0027,diabetes,45.407386213719654,0,29.53580957166643,94.26417071763593,0,0,9.407023716007108,7.26733800124852,162.37784368790605,96.34809416380864,2000.0,2.5,10.0,0.0,0.0,0.0,2.903634653674194,66.02974952409741,118.35801067184111
PT0027,diabetes,45.407386213719654,0,29.53580957166643,94.26417071763593,35,1,8.994156500245392,7.139774779812545,162.37784368790605,96.34809416380864,1000.0,2.5,0.0,0.0,0.0,0.0,2.7761963064090778,66.02974952409741,118.35801067184111
PT0027,diabetes,45.407386213719654,0,29.53580957166643,94.26417071763593,267,2,9.171296621039652,7.194778161507585,162.37784368790605,96.34809416380864,1000.0,0.0,20.0,0.0,0.0,0.0,2.8308735570275725,66.02974952409741,118.35801067184111
PT0027,diabetes,45.407386213719654,0,29.53580957166643,94.26417071763593,381,3,10.061436262022484,8.046131473571064,162.37784368790605,96.34809416380864,500.0,0.0,0.0,0.0,0.0,0.0,3.105629992877607,66.02974952409741,118.35801067184111
PT0027,diabetes,45.407386213719654,0,29.53580957166643,94.26417071763593,433,4,8.885909438724497,7.003486911704928,162.37784368790605,96.34809416380864,1000.0,0.0,0.0,0.0,0.0,0.0,2.7427840467529614,66.02974952409741,118.35801067184111
PT0027,diabetes,45.407386213719654,0,29.53580957166643,94.26417071763593,670,5,7.709250977464851,5.802581204642726,162.37784368790605,96.34809416380864,1000.0,5.0,30.0,0.0,0.0,0.0,2.3795888017108173,66.02974952409741,118.35801067184111
PT0028,diabetes,56.042421075440835,1,39.940189807344765,47.87138169137048,0,0,13.251888660181827,9.983847975351066,162.37784368790605,96.34809416380864,1000.0,10.0,0.0,0.0,0.0,0.0,4.090416299776124,66.02974952409741,118.35801067184111
PT0028,diabetes,56.042421075440835,1,39.940189807344765,47.87138169137048,87,1,12.176176362917214,8.819088402312225,162.37784368790605,96.34809416380864,1000.0,0.0,0.0,0.0,0.0,0.0,3.7583797706871134,66.02974952409741,118.35801067184111
PT0028,diabetes,56.042421075440835,1,39.940189807344765,47.87138169137048,143,2,12.302642080420924,9.457032782768941,162.37784368790605,96.34809416380864,2000.0,0.0,0.0,0.0,0.0,0.0,3.797415522156592,66.02974952409741,118.35801067184111
PT0028,diabetes,56.042421075440835,1,39.940189807344765,47.87138169137048,543,3,12.599612593335443,9.541653988953545,162.37784368790605,96.34809416380864,1000.0,10.0,0.0,0.0,0.0,0.0,3.8890804204762066,66.02974952409741,118.35801067184111
PT0028,diabetes,56.042421075440835,1,39.940189807344765,47.87138169137048,613,4,12.477851028584235,9.505859890921444,162.37784368790605,96.34809416380864,2000.0,0.0,0.0,0.0,0.0,0.0,3.851496684156334,66.02974952409741,118.35801067184111
PT0028,diabetes,56.042421075440835,1,39.940189807344765,47.87138169137048,693,5,11.87985488392362,9.065887999055363,162.37784368790605,96.34809416380864,500.0,0.0,20.0,0.0,0.0,0.0,3.6669152075044242,66.02974952409741,118.35801067184111
PT0029,diabetes,37.10303961292222,1,39.019358038394316,70.51150772722134,0,0,9.466319041954112,7.836235524968525,162.37784368790605,96.34809416380864,2000.0,0.0,20.0,0.0,0.0,0.0,2.921937144283169,66.02974952409741,118.35801067184111
PT0029,diabetes,37.10303961292222,1,39.019358038394316,70.51150772722134,130,1,8.595163076160237,6.745088400148714,162.37784368790605,96.34809416380864,1000.0,5.0,0.0,0.0,0.0,0.0,2.653040336174793,66.02974952409741,118.35801067184111
PT0029,diabetes,37.10303961292222,1,39.019358038394316,70.51150772722134,430,2,8.586435740310911,7.255361389100174,162.37784368790605,96.34809416380864,0.0,5.0,20.0,0.0,0.0,0.0,2.6503464985093013,66.02974952409741,118.35801067184111
PT0029,diabetes,37.10303961292222,1,39.019358038394316,70.51150772722134,595,3,7.197947561571768,6.525812442854562,162.37784368790605,96.34809416380864,0.0,0.0,0.0,0.0,0.0,0.0,2.2217664806718194,66.02974952409741,118.35801067184111
PT0029,diabetes,37.10303961292222,1,39.019358038394316,70.51150772722134,667,4,6.9823379270422095,6.261709409369922,162.37784368790605,96.34809416380864,1000.0,0.0,0.0,0.0,0.0,0.0,2.155214973480362,66.02974952409741,118.35801067184111
PT0029,diabetes,37.10303961292222,1,39.019358038394316,70.51150772722134,698,5,7.756305142586441,7.0579779044890945,162.37784368790605,96.34809416380864,1000.0,0.0,0.0,0.0,0.0,0.0,2.394112854011681,66.02974952409741,118.35801067184111
PT0030,diabetes,62.60507078313839,0,24.94105060269018,88.441498151685,0,0,14.989173410071546,11.869307563870873,162.37784368790605,96.34809416380864,1000.0,2.5,0.0,0.0,0.0,0.0,4.626658192575418,66.02974952409741,118.35801067184111
PT0030,diabetes,62.60507078313839,0,24.94105060269018,88.441498151685,364,1,14.61562418516811,10.95284459508592,162.37784368790605,96.34809416380864,1000.0,0.0,0.0,0.0,0.0,0.0,4.511355998488557,66.02974952409741,118.35801067184111
PT0030,diabetes,62.60507078313839,0,24.94105060269018,88.441498151685,374,2,15.013101475315628,11.169186044459567,162.37784368790605,96.34809416380864,0.0,0.0,30.0,0.0,0.0,0.0,4.63404398871409,66.02974952409741,118.35801067184111
PT0030,diabetes,62.60507078313839,0,24.94105060269018,88.441498151685,676,3,14.276991984480869,10.53230662552658,162.37784368790605,96.34809416380864,1000.0,0.0,0.0,0.0,0.0,0.0,4.406831525876428,66.02974952409741,118.35801067184111
PT0031,diabetes,37.392973492691965,0,24.80363807754243,79.76837994343158,0,0,14.821683639808159,11.117567009699247,162.37784368790605,96.34809416380864,2000.0,10.0,0.0,0.0,0.0,0.0,4.574959683487451,66.02974952409741,118.35801067184111
PT0031,diabetes,37.392973492691965,0,24.80363807754243,79.76837994343158,548,1,15.28146594948807,11.607725864475134,162.37784368790605,96.34809416380864,1000.0,0.0,20.0,0.0,0.0,0.0,4.716879156408651,66.02974952409741,118.35801067184111
PT0031,diabetes,37.392973492691965,0,24.80363807754243,79.76837994343158,602,2,14.476304770549566,10.207895441106162,162.37784368790605,96.34809416380864,1000.0,0.0,10.0,0.0,0.0,0.0,4.468352739176299,66.02974952409741,118.35801067184111
PT0031,diabetes,37.392973492691965,0,24.80363807754243,79.76837994343158,656,3,14.415203177886898,10.796016619900609,162.37784368790605,96.34809416380864,1000.0,0.0,20.0,0.0,0.0,0.0,4.44949271424109,66.02974952409741,118.35801067184111
PT0031,diabetes,37.392973492691965,0,24.80363807754243,79.76837994343158,673,4,15.097341940497873,10.961347081952535,162.37784368790605,96.34809416380864,0.0,10.0,30.0,0.0,0.0,0.0,4.660046212300344,66.02974952409741,118.35801067184111
PT0032,diabetes,55.630227051522056,1,39.58946913845843,60.3634282999304,0,0,14.248182798091808,10.813701746229071,162.37784368790605,96.34809416380864,0.0,0.0,0.0,0.0,0.0,0.0,4.397939090344338,66.02974952409741,118.35801067184111
PT0032,diabetes,55.630227051522056,1,39.58946913845843,60.3634282999304,148,1,13.225258058491411,9.45606420690378,162.37784368790605,96.34809416380864,500.0,5.0,30.0,0.0,0.0,0.0,4.082196320721016,66.02974952409741,118.35801067184111
PT0032,diabetes,55.630227051522056,1,39.58946913845843,60.3634282999304,157,2,13.346310217986764,9.136150967782493,162.37784368790605,96.34809416380864,0.0,2.5,0.0,0.0,0.0,0.0,4.119561087285248,66.02974952409741,118.35801067184111
PT0032,diabetes,55.630227051522056,1,39.58946913845843,60.3634282999304,203,3,13.493255870687522,10.223432767880398,162.37784368790605,96.34809416380864,500.0,5.0,20.0,0.0,0.0,0.0,4.164918312085549,66.02974952409741,118.35801067184111
PT0032,diabetes,55.630227051522056,1,39.58946913845843,60.3634282999304,226,4,13.987901280054295,10.513365125268518,162.37784368790605,96.34809416380864,1000.0,10.0,0.0,0.0,0.0,0.0,4.3175988617767596,66.02974952409741,118.35801067184111
PT0032,diabetes,55.630227051522056,1,39.58946913845843,60.3634282999304,589,5,14.282413738498066,10.433614912147739,162.37784368790605,96.34809416380864,2000.0,0.0,0.0,0.0,0.0,0.0,4.4085050406164035,66.02974952409741,118.35801067184111
PT0032,diabetes,55.630227051522056,1,39.58946913845843,60.3634282999304,619,6,14.482954514758314,10.61913399848532,162.37784368790605,96.34809416380864,1000.0,0.0,0.0,0.0,0.0,0.0,4.4704052935554,66.02974952409741,118.35801067184111
PT0032,diabetes,55.630227051522056,1,39.58946913845843,60.3634282999304,702,7,15.357197101143042,11.314768115756495,162.37784368790605,96.34809416380864,1000.0,0.0,10.0,0.0,0.0,0.0,4.740254838552819,66.02974952409741,118.35801067184111
PT0033,diabetes,49.83649286166677,1,36.618213301367064,77.87455045827818,0,0,10.406744174432488,8.067968517410552,162.37784368790605,96.34809416380864,2000.0,5.0,20.0,0.0,0.0,0.0,3.212215035174828,66.02974952409741,118.35801067184111
PT0033,diabetes,49.83649286166677,1,36.618213301367064,77.87455045827818,250,1,10.402758299894845,8.38513920746011,162.37784368790605,96.34809416380864,1000.0,0.0,20.0,0.0,0.0,0.0,3.2109847285675426,66.02974952409741,118.35801067184111
PT0033,diabetes,49.83649286166677,1,36.618213301367064,77.87455045827818,313,2,10.408787290731029,8.572881937361212,162.37784368790605,96.34809416380864,500.0,0.0,10.0,0.0,0.0,0.0,3.2128456770723113,66.02974952409741,118.35801067184111
PT0033,diabetes,49.83649286166677,1,36.618213301367064,77.87455045827818,477,3,10.63789868817959,7.687275433020961,162.37784368790605,96.34809416380864,2000.0,10.0,0.0,0.0,0.0,0.0,3.2835647284180998,66.02974952409741,118.35801067184111
PT0033,diabetes,49.83649286166677,1,36.618213301367064,77.87455045827818,483,4,11.068589521980352,8.61068182621014,162.37784368790605,96.34809416380864,500.0,0.0,0.0,0.0,0.0,0.0,3.4165046324512685,66.02974952409741,118.35801067184111
PT0033,diabetes,49.83649286166677,1,36.618213301367064,77.87455045827818,560,5,10.465835241643227,7.706519188571639,162.37784368790605,96.34809416380864,500.0,0.0,0.0,0.0,0.0,0.0,3.2304544779205426,66.02974952409741,118.35801067184111
PT0033,diabetes,49.83649286166677,1,36.618213301367064,77.87455045827818,669,6,11.530958567280766,8.786553700192147,162.37784368790605,96.34809416380864,1000.0,0.0,0.0,0.0,0.0,0.0,3.559222544433997,66.02974952409741,118.35801067184111
PT0033,diabetes,49.83649286166677,1,36.618213301367064,77.87455045827818,691,7,9.405452643869891,7.474072177727007,162.37784368790605,96.34809416380864,2000.0,2.5,0.0,0.0,0.0,0.0,2.903149716074507,66.02974952409741,118.35801067184111
PT0034,diabetes,38.24616001695597,1,30.589611399092643,77.13044467975016,0,0,10.236130131284666,7.892232105481254,162.37784368790605,96.34809416380864,1000.0,5.0,0.0,0.0,0.0,0.0,3.1595521671898674,66.02974952409741,118.35801067184111
PT0034,diabetes,38.24616001695597,1,30.589611399092643,77.13044467975016,331,1,9.775240953313416,7.5582979571349815,162.37784368790605,96.34809416380864,1000.0,5.0,0.0,0.0,0.0,0.0,3.0172910409227414,66.02974952409741,118.35801067184111
PT0034,diabetes,38.24616001695597,1,30.589611399092643,77.13044467975016,363,2,10.07612294733485,7.848503122455668,162.37784368790605,96.34809416380864,1000.0,10.0,10.0,0.0,0.0,0.0,3.110163283077357,66.02974952409741,118.35801067184111
PT0034,diabetes,38.24616001695597,1,30.589611399092643,77.13044467975016,569,3,9.280937887138464,7.183932308478552,162.37784368790605,96.34809416380864,2000.0,5.0,30.0,0.0,0.0,0.0,2.8647161611634058,66.02974952409741,118.35801067184111
PT0034,diabetes,38.24616001695597,1,30.589611399092643,77.13044467975016,599,4,9.391718597516125,7.754586776044625,162.37784368790605,96.34809416380864,500.0,5.0,0.0,0.0,0.0,0.0,2.898910473766644,66.02974952409741,118.35801067184111
PT0034,diabetes,38.24616001695597,1,30.589611399092643,77.13044467975016,654,5,9.226998944403313,7.534527413461866,162.37784368790605,96.34809416380864,500.0,0.0,0.0,0.0,0.0,0.0,2.848067007505823,66.02974952409741,118.35801067184111
PT0035,diabetes,43.522997375960095,1,32.28101251700334,109.6150552094046,0,0,14.965016165669285,11.176652195926133,162.37784368790605,96.34809416380864,0.0,0.0,0.0,0.0,0.0,0.0,4.61920165646992,66.02974952409741,118.35801067184111
PT0035,diabetes,43.522997375960095,1,32.28101251700334,109.6150552094046,416,1,15.4972884504967,11.055374982806471,162.37784368790605,96.34809416380864,500.0,0.0,0.0,0.0,0.0,0.0,4.783496368386649,66.02974952409741,118.35801067184111
PT0035,diabetes,43.522997375960095,1,32.28101251700334,109.6150552094046,531,2,15.612639405439184,11.021671789120642,162.37784368790605,96.34809416380864,1000.0,5.0,0.0,0.0,0.0,0.0,4.819101363145562,66.02974952409741,118.35801067184111
PT0035,diabetes,43.522997375960095,1,32.28101251700334,109.6150552094046,601,3,15.647559443814094,11.528742081654054,162.37784368790605,96.34809416380864,2000.0,0.0,0.0,0.0,0.0,0.0,4.829880014990617,66.02974952409741,118.35801067184111
PT0036,diabetes,45.64123490486661,1,26.585110302114416,53.77747624365534,0,0,15.384304175834176,10.9386310978269,162.37784368790605,96.34809416380864,2000.0,0.0,20.0,0.0,0.0,0.0,4.748621888940816,66.02974952409741,118.35801067184111
PT0036,diabetes,45.64123490486661,1,26.585110302114416,53.77747624365534,387,1,14.948230503945775,11.115254226683358,162.37784368790605,96.34809416380864,1000.0,0.0,0.0,0.0,0.0,0.0,4.614020482217929,66.02974952409741,118.35801067184111
PT0036,diabetes,45.64123490486661,1,26.585110302114416,53.77747624365534,577,2,14.738605895843842,10.900978847103001,162.37784368790605,96.34809416380864,500.0,0.0,30.0,0.0,0.0,0.0,4.549316353183799,66.02974952409741,118.35801067184111
PT0036,diabetes,45.64123490486661,1,26.585110302114416,53.77747624365534,653,3,13.972480452168279,9.692422017123569,162.37784368790605,96.34809416380864,2000.0,2.5,20.0,0.0,0.0,0.0,4.312838966235942,66.02974952409741,118.35801067184111
PT0037,diabetes,55.211076891723835,1,32.487598287661676,70.6816194406129,0,0,15.848762729680216,11.681292879513979,162.37784368790605,96.34809416380864,2000.0,2.5,30.0,0.0,0.0,0.0,4.891984762561293,66.02974952409741,118.35801067184111
PT0037,diabetes,55.211076891723835,1,32.487598287661676,70.6816194406129,171,1,15.042556273661333,11.13019506930969,162.37784368790605,96.34809416380864,2000.0,0.0,30.0,0.0,0.0,0.0,4.643135703136799,66.02974952409741,118.35801067184111
PT0037,diabetes,55.211076891723835,1,32.487598287661676,70.6816194406129,222,2,14.903094073730385,11.298505517176434,162.37784368790605,96.34809416380864,500.0,5.0,0.0,0.0,0.0,0.0,4.600088370758113,66.02974952409741,118.35801067184111
PT0037,diabetes,55.211076891723835,1,32.487598287661676,70.6816194406129,304,3,15.011708221984104,10.620055922551677,162.37784368790605,96.34809416380864,2000.0,10.0,10.0,0.0,0.0,0.0,4.633613937852427,66.02974952409741,118.35801067184111
PT0037,diabetes,55.211076891723835,1,32.487598287661676,70.6816194406129,710,4,15.35634428054306,11.095157964207377,162.37784368790605,96.34809416380864,1000.0,5.0,0.0,0.0,0.0,0.0,4.739991601260958,66.02974952409741,118.35801067184111
PT0038,diabetes,72.8059315068309,0,22.915853221810263,93.7308738179014,0,0,9.22796821406803,7.6249816271820325,162.37784368790605,96.34809416380864,500.0,5.0,10.0,0.0,0.0,0.0,2.848366188742332,66.02974952409741,118.35801067184111
PT0038,diabetes,72.8059315068309,0,22.915853221810263,93.7308738179014,250,1,9.803737266853261,7.619699205444473,162.37784368790605,96.34809416380864,2000.0,0.0,10.0,0.0,0.0,0.0,3.0260869030353734,66.02974952409741,118.35801067184111
PT0038,diabetes,72.8059315068309,0,22.915853221810263,93.7308738179014,540,2,9.325003747518746,7.807907634576055,162.37784368790605,96.34809416380864,2000.0,0.0,0.0,0.0,0.0,0.0,2.8783178234007867,66.02974952409741,118.35801067184111
PT0038,diabetes,72.8059315068309,0,22.915853221810263,93.7308738179014,589,3,10.362881227005094,8.484672608999075,162.37784368790605,96.34809416380864,2000.0,0.0,0.0,0.0,0.0,0.0,3.198676005402239,66.02974952409741,118.35801067184111
PT0038,diabetes,72.8059315068309,0,22.915853221810263,93.7308738179014,605,4,8.997472742162472,7.309701300138269,162.37784368790605,96.34809416380864,500.0,10.0,0.0,0.0,0.0,0.0,2.777219919747483,66.02974952409741,118.35801067184111
PT0038,diabetes,72.8059315068309,0,22.915853221810263,93.7308738179014,622,5,9.059089075994516,7.262158584066148,162.37784368790605,96.34809416380864,1000.0,5.0,10.0,0.0,0.0,0.0,2.7962388281236406,66.02974952409741,118.35801067184111
PT0039,diabetes,66.86286919210765,0,26.692668064047005,54.97955051190809,0,0,11.719568636323386,9.842599393119096,162.37784368790605,96.34809416380864,500.0,0.0,10.0,0.0,0.0,0.0,3.6174401857451524,66.02974952409741,118.35801067184111
PT0039,diabetes,66.86286919210765,0,26.692668064047005,54.97955051190809,120,1,11.705440621232087,9.012448450582717,162.37784368790605,96.34809416380864,2000.0,2.5,10.0,0.0,0.0,0.0,3.6130793384203046,66.02974952409741,118.35801067184111
PT0039,diabetes,66.86286919210765,0,26.692668064047005,54.97955051190809,249,2,12.707159066310439,9.709929519906645,162.37784368790605,96.34809416380864,1000.0,10.0,0.0,0.0,0.0,0.0,3.922276431801156,66.02974952409741,118.35801067184111
PT0039,diabetes,66.86286919210765,0,26.692668064047005,54.97955051190809,298,3,11.819166562108672,9.501075486028594,162.37784368790605,96.34809416380864,1000.0,0.0,10.0,0.0,0.0,0.0,3.64818274550421,66.02974952409741,118.35801067184111
PT0039,diabetes,66.86286919210765,0,26.692668064047005,54.97955051190809,322,4,11.222371610659629,8.392001376628471,162.37784368790605,96.34809416380864,2000.0,2.5,10.0,0.0,0.0,0.0,3.4639720371569385,66.02974952409741,118.35801067184111
PT0039,diabetes,66.86286919210765,0,26.692668064047005,54.97955051190809,336,5,12.989493868589738,9.320819916050668,162.37784368790605,96.34809416380864,0.0,0.0,10.0,0.0,0.0,0.0,4.009423774104699,66.02974952409741,118.35801067184111
PT0039,diabetes,66.86286919210765,0,26.692668064047005,54.97955051190809,507,6,12.09554913663134,9.23382307094233,162.37784368790605,96.34809416380864,2000.0,2.5,0.0,0.0,0.0,0.0,3.7334928335068733,66.02974952409741,118.35801067184111
PT0039,diabetes,66.86286919210765,0,26.692668064047005,54.97955051190809,513,7,11.864558658063723,8.993207961986514,162.37784368790605,96.34809416380864,1000.0,2.5,0.0,0.0,0.0,0.0,3.6621937724556695,66.02974952409741,118.35801067184111
PT0040,diabetes,41.69459998576717,0,27.872290518953022,86.70148618768289,0,0,12.267795306897154,9.71104395011506,162.37784368790605,96.34809416380864,1000.0,5.0,0.0,0.0,0.0,0.0,3.786659484728922,66.02974952409741,118.35801067184111
PT0040,diabetes,41.69459998576717,0,27.872290518953022,86.70148618768289,111,1,11.834241683034147,9.330009027504248,162.37784368790605,96.34809416380864,2000.0,5.0,0.0,0.0,0.0,0.0,3.6528359328298734,66.02974952409741,118.35801067184111
PT0040,diabetes,41.69459998576717,0,27.872290518953022,86.70148618768289,410,2,11.067999301608426,8.81411828302129,162.37784368790605,96.34809416380864,500.0,10.0,0.0,0.0,0.0,0.0,3.416322451096468,66.02974952409741,118.35801067184111
PT0040,diabetes,41.69459998576717,0,27.872290518953022,86.70148618768289,677,3,10.87577284378524,8.642638014537784,162.37784368790605,96.34809416380864,2000.0,0.0,30.0,0.0,0.0,0.0,3.356988551115044,66.02974952409741,118.35801067184111
PT0040,diabetes,41.69459998576717,0,27.872290518953022,86.70148618768289,702,4,10.58713235139611,8.730988304234385,162.37784368790605,96.34809416380864,1000.0,0.0,30.0,0.0,0.0,0.0,3.267894852464266,66.02974952409741,118.35801067184111
PT0041,diabetes,69.0208351568543,0,30.03308209444795,59.8114061259342,0,0,15.665190233758501,11.31270975628729,162.37784368790605,96.34809416380864,2000.0,0.0,0.0,0.0,0.0,0.0,4.835322052153457,66.02974952409741,118.35801067184111
PT0041,diabetes,69.0208351568543,0,30.03308209444795,59.8114061259342,238,1,14.488720675326963,10.19281516463482,162.37784368790605,96.34809416380864,1000.0,0.0,0.0,0.0,0.0,0.0,4.47218511511759,66.02974952409741,118.35801067184111
PT0041,diabetes,69.0208351568543,0,30.03308209444795,59.8114061259342,240,2,16.00431299466896,11.20671112804661,162.37784368790605,96.34809416380864,0.0,2.5,0.0,0.0,0.0,0.0,4.939997944354486,66.02974952409741,118.35801067184111
PT0041,diabetes,69.0208351568543,0,30.03308209444795,59.8114061259342,305,3,15.620802358980914,11.483769046164142,162.37784368790605,96.34809416380864,1000.0,0.0,20.0,0.0,0.0,0.0,4.821620994805442,66.02974952409741,118.35801067184111
PT0041,diabetes,69.0208351568543,0,30.03308209444795,59.8114061259342,309,4,15.360556169367248,11.349548473528955,162.37784368790605,96.34809416380864,500.0,5.0,20.0,0.0,0.0,0.0,4.741291670944691,66.02974952409741,118.35801067184111
PT0041,diabetes,69.0208351568543,0,30.03308209444795,59.8114061259342,379,5,16.313674283204534,11.654149364255597,162.37784368790605,96.34809416380864,1000.0,0.0,0.0,0.0,0.0,0.0,5.035487462082466,66.02974952409741,118.35801067184111
PT0041,diabetes,69.0208351568543,0,30.03308209444795,59.8114061259342,581,6,15.103635579404017,10.953594511164585,162.37784368790605,96.34809416380864,500.0,2.5,0.0,0.0,0.0,0.0,4.661988848842706,66.02974952409741,118.35801067184111
PT0042,diabetes,72.02746674946899,1,25.624269742948876,105.4222395118694,0,0,14.29406885253749,10.26119262887827,162.37784368790605,96.34809416380864,0.0,10.0,10.0,0.0,0.0,0.0,4.412102585816572,66.02974952409741,118.35801067184111
PT0042,diabetes,72.02746674946899,1,25.624269742948876,105.4222395118694,100,1,14.143631452139083,10.744024853708147,162.37784368790605,96.34809416380864,2000.0,10.0,0.0,0.0,0.0,0.0,4.365667574893597,66.02974952409741,118.35801067184111
PT0042,diabetes,72.02746674946899,1,25.624269742948876,105.4222395118694,116,2,13.237567128429673,10.342497725399241,162.37784368790605,96.34809416380864,2000.0,2.5,0.0,0.0,0.0,0.0,4.085995720308626,66.02974952409741,118.35801067184111
PT0042,diabetes,72.02746674946899,1,25.624269742948876,105.4222395118694,127,3,14.050792228966111,10.117326740328812,162.37784368790605,96.34809416380864,0.0,0.0,0.0,0.0,0.0,0.0,4.337011201340873,66.02974952409741,118.35801067184111
PT0042,diabetes,72.02746674946899,1,25.624269742948876,105.4222395118694,298,4,13.183758535053244,9.949050910153856,162.37784368790605,96.34809416380864,2000.0,5.0,10.0,0.0,0.0,0.0,4.069386801153101,66.02974952409741,118.35801067184111
PT0042,diabetes,72.02746674946899,1,25.624269742948876,105.4222395118694,327,5,12.774522528094113,9.122364856857097,162.37784368790605,96.34809416380864,2000.0,2.5,0.0,0.0,0.0,0.0,3.94306928700505,66.02974952409741,118.35801067184111
PT0043,diabetes,65.15082718575823,0,28.030843795092423,99.97046104205319,0,0,14.220821398159536,10.71944420398141,162.37784368790605,96.34809416380864,1000.0,0.0,0.0,0.0,0.0,0.0,4.3894935382319105,66.02974952409741,118.35801067184111
PT0043,diabetes,65.15082718575823,0,28.030843795092423,99.97046104205319,223,1,13.358462003497152,9.95486040286148,162.37784368790605,96.34809416380864,2000.0,0.0,0.0,0.0,0.0,0.0,4.123311938412788,66.02974952409741,118.35801067184111
PT0043,diabetes,65.15082718575823,0,28.030843795092423,99.97046104205319,244,2,13.296936653430771,9.761618938202298,162.37784368790605,96.34809416380864,1000.0,0.0,0.0,0.0,0.0,0.0,4.104321113692299,66.02974952409741,118.35801067184111
PT0043,diabetes,65.15082718575823,0,28.030843795092423,99.97046104205319,298,3,12.864107402975405,9.883161382977164,162.37784368790605,96.34809416380864,2000.0,2.5,0.0,0.0,0.0,0.0,3.9707211517184082,66.02974952409741,118.35801067184111
PT0043,diabetes,65.15082718575823,0,28.030843795092423,99.97046104205319,342,4,13.000159294060664,9.92273491269442,162.37784368790605,96.34809416380864,1000.0,0.0,0.0,0.0,0.0,0.0,4.012715835433392,66.02974952409741,118.35801067184111
PT0043,diabetes,65.15082718575823,0,28.030843795092423,99.97046104205319,485,5,12.686195723962966,10.271916051380948,162.37784368790605,96.34809416380864,500.0,0.0,10.0,0.0,0.0,0.0,3.9158057467965692,66.02974952409741,118.35801067184111
PT0043,diabetes,65.15082718575823,0,28.030843795092423,99.97046104205319,617,6,12.807009995610777,9.759210409878296,162.37784368790605,96.34809416380864,2000.0,0.0,0.0,0.0,0.0,0.0,3.95309708531186,66.02974952409741,118.35801067184111
PT0044,diabetes,53.10031726097536,0,37.16778319092753,66.05358207675374,0,0,13.964335556050555,10.473154954346588,162.37784368790605,96.34809416380864,1000.0,10.0,30.0,0.0,0.0,0.0,4.310324908300938,66.02974952409741,118.35801067184111
PT0044,diabetes,53.10031726097536,0,37.16778319092753,66.05358207675374,136,1,15.119194435159725,11.33570339959615,162.37784368790605,96.34809416380864,2000.0,0.0,0.0,0.0,0.0,0.0,4.666791348985969,66.02974952409741,118.35801067184111
PT0044,diabetes,53.10031726097536,0,37.16778319092753,66.05358207675374,242,2,15.556073714832067,11.27385826298443,162.37784368790605,96.34809416380864,1000.0,2.5,30.0,0.0,0.0,0.0,4.801641419978165,66.02974952409741,118.35801067184111
PT0044,diabetes,53.10031726097536,0,37.16778319092753,66.05358207675374,571,3,15.063616304685327,11.379695253116436,162.37784368790605,96.34809416380864,500.0,0.0,0.0,0.0,0.0,0.0,4.649636232712871,66.02974952409741,118.35801067184111
PT0044,diabetes,53.10031726097536,0,37.16778319092753,66.05358207675374,711,4,15.215336903758333,10.784580321298776,162.37784368790605,96.34809416380864,0.0,0.0,0.0,0.0,0.0,0.0,4.696467324293406,66.02974952409741,118.35801067184111
PT0045,diabetes,71.0036511257473,0,28.167705328605532,47.53365953992583,0,0,9.922719036994552,8.158999819133783,162.37784368790605,96.34809416380864,1000.0,0.0,10.0,0.0,0.0,0.0,3.062812609418985,66.02974952409741,118.35801067184111
PT0045,diabetes,71.0036511257473,0,28.167705328605532,47.53365953992583,191,1,10.00419369130313,7.818230668191158,162.37784368790605,96.34809416380864,500.0,5.0,10.0,0.0,0.0,0.0,3.0879611193822325,66.02974952409741,118.35801067184111
PT0045,diabetes,71.0036511257473,0,28.167705328605532,47.53365953992583,411,2,9.245501468167097,7.460660622797401,162.37784368790605,96.34809416380864,500.0,10.0,30.0,0.0,0.0,0.0,2.8537781198409107,66.02974952409741,118.35801067184111
PT0045,diabetes,71.0036511257473,0,28.167705328605532,47.53365953992583,613,3,9.269181241346741,6.811802152488313,162.37784368790605,96.34809416380864,2000.0,2.5,0.0,0.0,0.0,0.0,2.8610872764956943,66.02974952409741,118.35801067184111
PT0046,diabetes,43.08457200625867,0,39.8345757799202,105.35420137872639,0,0,9.6769636251963,7.561453036591872,162.37784368790605,96.34809416380864,1000.0,5.0,0.0,0.0,0.0,0.0,2.986956105643925,66.02974952409741,118.35801067184111
PT0046,diabetes,43.08457200625867,0,39.8345757799202,105.35420137872639,64,1,9.014856716965443,7.3620679657631865,162.37784368790605,96.34809416380864,1000.0,5.0,30.0,0.0,0.0,0.0,2.782585773303334,66.02974952409741,118.35801067184111
PT0046,diabetes,43.08457200625867,0,39.8345757799202,105.35420137872639,235,2,9.808889347851691,7.857617201205518,162.37784368790605,96.34809416380864,1000.0,0.0,0.0,0.0,0.0,0.0,3.0276771787035557,66.02974952409741,118.35801067184111
PT0046,diabetes,43.08457200625867,0,39.8345757799202,105.35420137872639,236,3,9.22421922267715,7.4625868091589505,162.37784368790605,96.34809416380864,2000.0,5.0,30.0,0.0,0.0,0.0,2.847209000066347,66.02974952409741,118.35801067184111
PT0046,diabetes,43.08457200625867,0,39.8345757799202,105.35420137872639,435,4,9.467760556197383,7.596762306025641,162.37784368790605,96.34809416380864,2000.0,5.0,20.0,0.0,0.0,0.0,2.9223820916795926,66.02974952409741,118.35801067184111
PT0047,diabetes,49.07719772091865,0,32.18422394873363,71.8715358853408,0,0,10.013805277754217,7.994210750490464,162.37784368790605,96.34809416380864,2000.0,2.5,0.0,0.0,0.0,0.0,3.090927895733469,66.02974952409741,118.35801067184111
PT0047,diabetes,49.07719772091865,0,32.18422394873363,71.8715358853408,37,1,10.189408752623525,8.240609447988126,162.37784368790605,96.34809416380864,500.0,0.0,10.0,0.0,0.0,0.0,3.1451308349764613,66.02974952409741,118.35801067184111
PT0047,diabetes,49.07719772091865,0,32.18422394873363,71.8715358853408,185,2,9.852129128149405,8.215585949972594,162.37784368790605,96.34809416380864,2000.0,5.0,0.0,0.0,0.0,0.0,3.0410238575554502,66.02974952409741,118.35801067184111
PT0047,diabetes,49.07719772091865,0,32.18422394873363,71.8715358853408,269,3,10.805833327004425,9.268847181392639,162.37784368790605,96.34809416380864,2000.0,2.5,0.0,0.0,0.0,0.0,3.3354005536020326,66.02974952409741,118.35801067184111
PT0047,diabetes,49.07719772091865,0,32.18422394873363,71.8715358853408,300,4,9.710061934354638,7.480642122313266,162.37784368790605,96.34809416380864,2000.0,0.0,20.0,0.0,0.0,0.0,2.9971724504041313,66.02974952409741,118.35801067184111
PT0047,diabetes,49.07719772091865,0,32.18422394873363,71.8715358853408,336,5,9.203418145783974,7.51775682710649,162.37784368790605,96.34809416380864,2000.0,10.0,0.0,0.0,0.0,0.0,2.8407884009986537,66.02974952409741,118.35801067184111
PT0047,diabetes,49.07719772091865,0,32.18422394873363,71.8715358853408,361,6,10.01943315117849,8.111363157398122,162.37784368790605,96.34809416380864,500.0,0.0,0.0,0.0,0.0,0.0,3.092665032663761,66.02974952409741,118.35801067184111
PT0048,diabetes,38.760848086753214,1,39.09732483848554,93.6534403480512,0,0,12.828532725501145,9.644132635325107,162.37784368790605,96.34809416380864,2000.0,2.5,0.0,0.0,0.0,0.0,3.959740434604687,66.02974952409741,118.35801067184111
PT0048,diabetes,38.760848086753214,1,39.09732483848554,93.6534403480512,244,1,13.639095811364337,10.118674180655246,162.37784368790605,96.34809416380864,500.0,0.0,0.0,0.0,0.0,0.0,4.209934240441125,66.02974952409741,118.35801067184111
PT0048,diabetes,38.760848086753214,1,39.09732483848554,93.6534403480512,423,2,13.53583123678434,10.011772094415,162.37784368790605,96.34809416380864,1000.0,0.0,0.0,0.0,0.0,0.0,4.178059908420766,66.02974952409741,118.35801067184111
PT0048,diabetes,38.760848086753214,1,39.09732483848554,93.6534403480512,470,3,14.058870364304362,11.004483922521834,162.37784368790605,96.34809416380864,1000.0,0.0,0.0,0.0,0.0,0.0,4.339504652448613,66.02974952409741,118.35801067184111
PT0049,diabetes,63.93725473509146,1,37.648512883813424,85.88162111558051,0,0,10.181528183717056,8.315185748985066,162.37784368790605,96.34809416380864,1000.0,0.0,10.0,0.0,0.0,0.0,3.1426983660406647,66.02974952409741,118.35801067184111
PT0049,diabetes,63.93725473509146,1,37.648512883813424,85.88162111558051,21,1,9.8004202773215,7.569330148616544,162.37784368790605,96.34809416380864,2000.0,5.0,0.0,0.0,0.0,0.0,3.0250630589332363,66.02974952409741,118.35801067184111
PT0049,diabetes,63.93725473509146,1,37.648512883813424,85.88162111558051,91,2,10.284151912602905,8.071594923976058,162.37784368790605,96.34809416380864,2000.0,2.5,0.0,0.0,0.0,0.0,3.1743748903567632,66.02974952409741,118.35801067184111
PT0049,diabetes,63.93725473509146,1,37.648512883813424,85.88162111558051,404,3,10.28916679930228,7.7453697335596265,162.37784368790605,96.34809416380864,2000.0,0.0,20.0,0.0,0.0,0.0,3.17592281871797,66.02974952409741,118.35801067184111
PT0049,diabetes,63.93725473509146,1,37.648512883813424,85.88162111558051,507,4,10.35323126302525,8.30567433503866,162.37784368790605,96.34809416380864,0.0,0.0,20.0,0.0,0.0,0.0,3.1956973831871274,66.02974952409741,118.35801067184111
PT0049,diabetes,63.93725473509146,1,37.648512883813424,85.88162111558051,541,5,9.691324833357047,7.66560970294208,162.37784368790605,96.34809416380864,1000.0,0.0,0.0,0.0,0.0,0.0,2.991388931896209,66.02974952409741,118.35801067184111
PT0050,diabetes,54.85154971316943,1,22.58666397844626,49.35357085357934,0,0,12.247484607582868,9.106750804649261,162.37784368790605,96.34809416380864,1000.0,0.0,20.0,0.0,0.0,0.0,3.7803902488739123,66.02974952409741,118.35801067184111
PT0050,diabetes,54.85154971316943,1,22.58666397844626,49.35357085357934,106,1,10.909663770810976,8.223348347908011,162.37784368790605,96.34809416380864,0.0,2.5,0.0,0.0,0.0,0.0,3.367449550590321,66.02974952409741,118.35801067184111
PT0050,diabetes,54.85154971316943,1,22.58666397844626,49.35357085357934,125,2,11.105208384677093,8.465372053063378,162.37784368790605,96.34809416380864,500.0,0.0,0.0,0.0,0.0,0.0,3.4278076547369962,66.02974952409741,118.35801067184111
PT0050,diabetes,54.85154971316943,1,22.58666397844626,49.35357085357934,197,3,11.34846681500907,8.844757454013374,162.37784368790605,96.34809416380864,2000.0,5.0,0.0,0.0,0.0,0.0,3.502893423566133,66.02974952409741,118.35801067184111
PT0050,diabetes,54.85154971316943,1,22.58666397844626,49.35357085357934,206,4,11.440695880366942,8.841118836717042,162.37784368790605,96.34809416380864,500.0,0.0,0.0,0.0,0.0,0.0,3.53136146173993,66.02974952409741,118.35801067184111
PT0050,diabetes,54.85154971316943,1,22.58666397844626,49.35357085357934,253,5,10.86644601272477,8.584668288586064,162.37784368790605,96.34809416380864,500.0,0.0,0.0,0.0,0.0,0.0,3.3541096692610455,66.02974952409741,118.35801067184111
PT0050,diabetes,54.85154971316943,1,22.58666397844626,49.35357085357934,550,6,10.992696476456395,8.919910085547873,162.37784368790605,96.34809416380864,1000.0,2.5,10.0,0.0,0.0,0.0,3.3930789790662073,66.02974952409741,118.35801067184111
PT0051,diabetes,69.88417208014295,0,24.4081556606894,90.10085672358508,0,0,14.698171441688343,11.2358431703316,162.37784368790605,96.34809416380864,2000.0,5.0,0.0,0.0,0.0,0.0,4.5368355850011355,66.02974952409741,118.35801067184111
PT0051,diabetes,69.88417208014295,0,24.4081556606894,90.10085672358508,107,1,14.616909892407778,10.716276396689773,162.37784368790605,96.34809416380864,500.0,0.0,0.0,0.0,0.0,0.0,4.511752853456534,66.02974952409741,118.35801067184111
PT0051,diabetes,69.88417208014295,0,24.4081556606894,90.10085672358508,180,2,16.322056538213175,12.230194329865661,162.37784368790605,96.34809416380864,500.0,2.5,0.0,0.0,0.0,0.0,5.038074784795134,66.02974952409741,118.35801067184111
PT0051,diabetes,69.88417208014295,0,24.4081556606894,90.10085672358508,219,3,15.73006739352228,11.191856585209111,162.37784368790605,96.34809416380864,0.0,5.0,0.0,0.0,0.0,0.0,4.855347468800544,66.02974952409741,118.35801067184111
PT0051,diabetes,69.88417208014295,0,24.4081556606894,90.10085672358508,262,4,16.01723569111753,11.596254765789787,162.37784368790605,96.34809416380864,0.0,0.0,0.0,0.0,0.0,0.0,4.943986749991612,66.02974952409741,118.35801067184111
PT0051,diabetes,69.88417208014295,0,24.4081556606894,90.10085672358508,501,5,15.131864665813785,11.15861614117647,162.37784368790605,96.34809416380864,2000.0,0.0,20.0,0.0,0.0,0.0,4.670702226847855,66.02974952409741,118.35801067184111
PT0051,diabetes,69.88417208014295,0,24.4081556606894,90.10085672358508,551,6,15.496601571655951,10.915361650743215,162.37784368790605,96.34809416380864,2000.0,2.5,20.0,0.0,0.0,0.0,4.78328435178447,66.02974952409741,118.35801067184111
PT0051,diabetes,69.88417208014295,0,24.4081556606894,90.10085672358508,622,7,15.019274710173281,10.592373528208494,162.37784368790605,96.34809416380864,0.0,10.0,20.0,0.0,0.0,0.0,4.635949460540153,66.02974952409741,118.35801067184111
PT0052,diabetes,41.41557296270945,1,25.643295031067723,80.06345431318532,0,0,14.145363819579678,10.335760303207438,162.37784368790605,96.34809416380864,1000.0,5.0,0.0,0.0,0.0,0.0,4.366202298976928,66.02974952409741,118.35801067184111
PT0052,diabetes,41.41557296270945,1,25.643295031067723,80.06345431318532,273,1,12.937147081633926,9.681281288948513,162.37784368790605,96.34809416380864,1000.0,2.5,0.0,0.0,0.0,0.0,3.9932660658643386,66.02974952409741,118.35801067184111
PT0052,diabetes,41.41557296270945,1,25.643295031067723,80.06345431318532,297,2,13.51549680932024,10.469380058071241,162.37784368790605,96.34809416380864,0.0,5.0,20.0,0.0,0.0,0.0,4.171783348476847,66.02974952409741,118.35801067184111
PT0052,diabetes,41.41557296270945,1,25.643295031067723,80.06345431318532,314,3,13.219384587804036,10.48962574112237,162.37784368790605,96.34809416380864,1000.0,2.5,10.0,0.0,0.0,0.0,4.080383376102179,66.02974952409741,118.35801067184111
PT0052,diabetes,41.41557296270945,1,25.643295031067723,80.06345431318532,478,4,13.07231788194505,9.881256101291354,162.37784368790605,96.34809416380864,1000.0,2.5,0.0,0.0,0.0,0.0,4.034988786227038,66.02974952409741,118.35801067184111
PT0052,diabetes,41.41557296270945,1,25.643295031067723,80.06345431318532,483,5,12.726914692659294,9.716203990193922,162.37784368790605,96.34809416380864,1000.0,2.5,0.0,0.0,0.0,0.0,3.928374335134169,66.02974952409741,118.35801067184111
PT0052,diabetes,41.41557296270945,1,25.643295031067723,80.06345431318532,544,6,13.076464760835291,10.024474710978692,162.37784368790605,96.34809416380864,1000.0,0.0,0.0,0.0,0.0,0.0,4.03626878951116,66.02974952409741,118.35801067184111
PT0053,diabetes,62.320598257959915,0,39.10893285644871,98.89478187247377,0,0,14.257762439082201,10.824721778299683,162.37784368790605,96.34809416380864,500.0,0.0,0.0,0.0,0.0,0.0,4.400896006196707,66.02974952409741,118.35801067184111
PT0053,diabetes,62.320598257959915,0,39.10893285644871,98.89478187247377,152,1,14.365539645281572,10.729093536717752,162.37784368790605,96.34809416380864,0.0,0.0,0.0,0.0,0.0,0.0,4.434163237176912,66.02974952409741,118.35801067184111
PT0053,diabetes,62.320598257959915,0,39.10893285644871,98.89478187247377,358,2,14.566143837971108,10.822159080053853,162.37784368790605,96.34809416380864,2000.0,0.0,0.0,0.0,0.0,0.0,4.496083064653749,66.02974952409741,118.35801067184111
PT0053,diabetes,62.320598257959915,0,39.10893285644871,98.89478187247377,397,3,14.882948099531701,11.233870355948154,162.37784368790605,96.34809416380864,2000.0,5.0,10.0,0.0,0.0,0.0,4.5938699800554526,66.02974952409741,118.35801067184111
PT0053,diabetes,62.320598257959915,0,39.10893285644871,98.89478187247377,462,4,14.734958695156362,11.2233984180317,162.37784368790605,96.34809416380864,1000.0,0.0,30.0,0.0,0.0,0.0,4.548190583904931,66.02974952409741,118.35801067184111
PT0053,diabetes,62.320598257959915,0,39.10893285644871,98.89478187247377,488,5,14.086124257861192,10.323706584090194,162.37784368790605,96.34809416380864,1000.0,0.0,0.0,0.0,0.0,0.0,4.347917020926488,66.02974952409741,118.35801067184111
PT0053,diabetes,62.320598257959915,0,39.10893285644871,98.89478187247377,537,6,15.110148180714521,11.4347691739025,162.37784368790605,96.34809416380864,1000.0,2.5,30.0,0.0,0.0,0.0,4.663999071780549,66.02974952409741,118.35801067184111
PT0053,diabetes,62.320598257959915,0,39.10893285644871,98.89478187247377,590,7,15.674615945330286,11.943689975651454,162.37784368790605,96.34809416380864,1000.0,0.0,30.0,0.0,0.0,0.0,4.838231455125282,66.02974952409741,118.35801067184111
PT0054,diabetes,36.6501213002625,1,33.78992663562636,109.71109447307546,0,0,12.390160896223646,9.584143426109506,162.37784368790605,96.34809416380864,0.0,2.5,0.0,0.0,0.0,0.0,3.824429663301032,66.02974952409741,118.35801067184111
PT0054,diabetes,36.6501213002625,1,33.78992663562636,109.71109447307546,285,1,11.799354434089706,9.363600485175802,162.37784368790605,96.34809416380864,1000.0,2.5,20.0,0.0,0.0,0.0,3.6420674019890225,66.02974952409741,118.35801067184111
PT0054,diabetes,36.6501213002625,1,33.78992663562636,109.71109447307546,371,2,11.477047608448025,9.036571252161039,162.37784368790605,96.34809416380864,2000.0,5.0,0.0,0.0,0.0,0.0,3.542582028474291,66.02974952409741,118.35801067184111
PT0054,diabetes,36.6501213002625,1,33.78992663562636,109.71109447307546,434,3,11.130952643914403,8.865774776041697,162.37784368790605,96.34809416380864,2000.0,0.0,0.0,0.0,0.0,0.0,3.4357540494215795,66.02974952409741,118.35801067184111
PT0054,diabetes,36.6501213002625,1,33.78992663562636,109.71109447307546,487,4,10.834084411894274,9.049012294471916,162.37784368790605,96.34809416380864,1000.0,10.0,0.0,0.0,0.0,0.0,3.3441207218046993,66.02974952409741,118.35801067184111
PT0055,diabetes,49.04891709845194,0,36.74666894007976,77.03445700447085,0,0,11.423098587882455,9.495167099921147,162.37784368790605,96.34809416380864,2000.0,5.0,30.0,0.0,0.0,0.0,3.5259297641263845,66.02974952409741,118.35801067184111
PT0055,diabetes,49.04891709845194,0,36.74666894007976,77.03445700447085,479,1,11.692236156813356,8.96057296620948,162.37784368790605,96.34809416380864,500.0,5.0,0.0,0.0,0.0,0.0,3.609003560403056,66.02974952409741,118.35801067184111
PT0055,diabetes,49.04891709845194,0,36.74666894007976,77.03445700447085,566,2,10.802259998648863,8.802696397747578,162.37784368790605,96.34809416380864,1000.0,10.0,30.0,0.0,0.0,0.0,3.334297586249616,66.02974952409741,118.35801067184111
PT0055,diabetes,49.04891709845194,0,36.74666894007976,77.03445700447085,578,3,11.19859549612655,8.645984646391495,162.37784368790605,96.34809416380864,500.0,5.0,0.0,0.0,0.0,0.0,3.456633143137729,66.02974952409741,118.35801067184111
PT0056,diabetes,64.17641838397216,1,33.96243477149166,100.01229610434801,0,0,12.934571930802512,10.261094553555607,162.37784368790605,96.34809416380864,2000.0,0.0,20.0,0.0,0.0,0.0,3.9924712026410423,66.02974952409741,118.35801067184111
PT0056,diabetes,64.17641838397216,1,33.96243477149166,100.01229610434801,206,1,13.615617421673038,10.255650260597879,162.37784368790605,96.34809416380864,1000.0,0.0,0.0,0.0,0.0,0.0,4.202687244156412,66.02974952409741,118.35801067184111
PT0056,diabetes,64.17641838397216,1,33.96243477149166,100.01229610434801,209,2,13.361064404566564,10.471976823602525,162.37784368790605,96.34809416380864,2000.0,5.0,0.0,0.0,0.0,0.0,4.124115212876213,66.02974952409741,118.35801067184111
PT0056,diabetes,64.17641838397216,1,33.96243477149166,100.01229610434801,413,3,12.757682648819499,9.356758563586844,162.37784368790605,96.34809416380864,2000.0,0.0,0.0,0.0,0.0,0.0,3.9378713776022853,66.02974952409741,118.35801067184111
PT0056,diabetes,64.17641838397216,1,33.96243477149166,100.01229610434801,596,4,13.126911801616632,10.247077698189354,162.37784368790605,96.34809416380864,1000.0,0.0,10.0,0.0,0.0,0.0,4.051840109432334,66.02974952409741,118.35801067184111
PT0056,diabetes,64.17641838397216,1,33.96243477149166,100.01229610434801,621,5,12.807330207062732,9.508298941461979,162.37784368790605,96.34809416380864,2000.0,0.0,0.0,0.0,0.0,0.0,3.9531959239133636,66.02974952409741,118.35801067184111
PT0056,diabetes,64.17641838397216,1,33.96243477149166,100.01229610434801,634,6,12.08695806209686,8.943740220159288,162.37784368790605,96.34809416380864,1000.0,0.0,0.0,0.0,0.0,0.0,3.7308410551672306,66.02974952409741,118.35801067184111
PT0056,diabetes,64.17641838397216,1,33.96243477149166,100.01229610434801,714,7,12.995070095502479,9.647839999460041,162.37784368790605,96.34809416380864,1000.0,5.0,0.0,0.0,0.0,0.0,4.011144969478432,66.02974952409741,118.35801067184111
PT0057,diabetes,40.5799539184876,0,37.490143994925376,59.715840126736715,0,0,12.107301599356932,9.379784600979326,162.37784368790605,96.34809416380864,1000.0,0.0,0.0,0.0,0.0,0.0,3.7371204270015066,66.02974952409741,118.35801067184111
PT0057,diabetes,40.5799539184876,0,37.490143994925376,59.715840126736715,178,1,13.078843195528906,9.647583699622281,162.37784368790605,96.34809416380864,2000.0,0.0,0.0,0.0,0.0,0.0,4.037002933019923,66.02974952409741,118.35801067184111
PT0057,diabetes,40.5799539184876,0,37.490143994925376,59.715840126736715,216,2,11.976223832364932,9.089215760512383,162.37784368790605,96.34809416380864,0.0,5.0,0.0,0.0,0.0,0.0,3.6966610895899756,66.02974952409741,118.35801067184111
PT0057,diabetes,40.5799539184876,0,37.490143994925376,59.715840126736715,402,3,11.513976226377851,8.560815626060236,162.37784368790605,96.34809416380864,1000.0,5.0,0.0,0.0,0.0,0.0,3.5539806618752965,66.02974952409741,118.35801067184111
PT0057,diabetes,40.5799539184876,0,37.490143994925376,59.715840126736715,462,4,12.429601218376972,9.732594573178433,162.37784368790605,96.34809416380864,1000.0,0.0,0.0,0.0,0.0,0.0,3.8366035760723585,66.02974952409741,118.35801067184111
PT0057,diabetes,40.5799539184876,0,37.490143994925376,59.715840126736715,576,5,11.985354772642227,8.908295087520596,162.37784368790605,96.34809416380864,2000.0,0.0,0.0,0.0,0.0,0.0,3.699479506488901,66.02974952409741,118.35801067184111
PT0057,diabetes,40.5799539184876,0,37.490143994925376,59.715840126736715,699,6,11.752981591050427,9.376585889661074,162.37784368790605,96.34809416380864,1000.0,5.0,0.0,0.0,0.0,0.0,3.6277536511042316,66.02974952409741,118.35801067184111
PT0058,diabetes,41.47129831169063,1,36.39122690292812,102.68248837888785,0,0,9.809923812563333,7.659992310081559,162.37784368790605,96.34809416380864,0.0,0.0,10.0,0.0,0.0,0.0,3.027996483477882,66.02974952409741,118.35801067184111
PT0058,diabetes,41.47129831169063,1,36.39122690292812,102.68248837888785,63,1,8.520535353774552,6.917212890150607,162.37784368790605,96.34809416380864,2000.0,0.0,10.0,0.0,0.0,0.0,2.6300052458650782,66.02974952409741,118.35801067184111
PT0058,diabetes,41.47129831169063,1,36.39122690292812,102.68248837888785,320,2,8.92677899861327,7.437529462750751,162.37784368790605,96.34809416380864,1000.0,0.0,0.0,0.0,0.0,0.0,2.755399117571963,66.02974952409741,118.35801067184111
PT0058,diabetes,41.47129831169063,1,36.39122690292812,102.68248837888785,486,3,9.04961113854295,7.668538004020077,162.37784368790605,96.34809416380864,1000.0,2.5,30.0,0.0,0.0,0.0,2.7933133047635907,66.02974952409741,118.35801067184111
PT0058,diabetes,41.47129831169063,1,36.39122690292812,102.68248837888785,587,4,8.399195973128377,7.136373674354277,162.37784368790605,96.34809416380864,1000.0,0.0,0.0,0.0,0.0,0.0,2.5925518237056258,66.02974952409741,118.35801067184111
PT0058,diabetes,41.47129831169063,1,36.39122690292812,102.68248837888785,605,5,7.65938736798044,6.480318135588791,162.37784368790605,96.34809416380864,500.0,0.0,20.0,0.0,0.0,0.0,2.364197567583296,66.02974952409741,118.35801067184111
PT0059,diabetes,62.16581473755574,1,39.20548961540065,108.74923541404289,0,0,10.594478254663933,8.27519235940175,162.37784368790605,96.34809416380864,2000.0,0.0,0.0,0.0,0.0,0.0,3.270162287939601,66.02974952409741,118.35801067184111
PT0059,diabetes,62.16581473755574,1,39.20548961540065,108.74923541404289,183,1,10.93044526373823,8.470863704369439,162.37784368790605,96.34809416380864,1000.0,5.0,20.0,0.0,0.0,0.0,3.3738641047405338,66.02974952409741,118.35801067184111
PT0059,diabetes,62.16581473755574,1,39.20548961540065,108.74923541404289,207,2,10.570956300364262,8.480012996467748,162.37784368790605,96.34809416380864,500.0,2.5,0.0,0.0,0.0,0.0,3.262901844712436,66.02974952409741,118.35801067184111
PT0059,diabetes,62.16581473755574,1,39.20548961540065,108.74923541404289,312,3,10.181490711095071,7.839315757543152,162.37784368790605,96.34809416380864,2000.0,2.5,0.0,0.0,0.0,0.0,3.1426867994913454,66.02974952409741,118.35801067184111
PT0059,diabetes,62.16581473755574,1,39.20548961540065,108.74923541404289,429,4,10.491374356578945,7.932706515761265,162.37784368790605,96.34809416380864,2000.0,2.5,0.0,0.0,0.0,0.0,3.238337551397368,66.02974952409741,118.35801067184111
PT0059,diabetes,62.16581473755574,1,39.20548961540065,108.74923541404289,542,5,10.841281191273502,7.872677111837604,162.37784368790605,96.34809416380864,500.0,0.0,0.0,0.0,0.0,0.0,3.346342127706421,66.02974952409741,118.35801067184111
PT0059,diabetes,62.16581473755574,1,39.20548961540065,108.74923541404289,664,6,9.451958666472269,7.464230384311714,162.37784368790605,96.34809416380864,1000.0,0.0,0.0,0.0,0.0,0.0,2.9175045750511073,66.02974952409741,118.35801067184111
PT0060,diabetes,35.03959975705544,0,23.684194940958413,80.72877095207835,0,0,9.291831622396849,7.620830415130879,162.37784368790605,96.34809416380864,1000.0,10.0,30.0,0.0,0.0,0.0,2.868078694113161,66.02974952409741,118.35801067184111
PT0060,diabetes,35.03959975705544,0,23.684194940958413,80.72877095207835,237,1,9.89622869557904,8.211875867987828,162.37784368790605,96.34809416380864,1000.0,0.0,10.0,0.0,0.0,0.0,3.0546359240353973,66.02974952409741,118.35801067184111
PT0060,diabetes,35.03959975705544,0,23.684194940958413,80.72877095207835,288,2,10.158715496166488,8.192178849939648,162.37784368790605,96.34809416380864,500.0,0.0,10.0,0.0,0.0,0.0,3.1356568498167228,66.02974952409741,118.35801067184111
PT0060,diabetes,35.03959975705544,0,23.684194940958413,80.72877095207835,380,3,9.050197130173993,7.1505620552468265,162.37784368790605,96.34809416380864,0.0,0.0,30.0,0.0,0.0,0.0,2.793494180847039,66.02974952409741,118.35801067184111
PT0061,diabetes,53.24989229550727,0,26.39414335154038,100.5355314145774,0,0,13.631445079531655,10.373839442742756,162.37784368790605,96.34809416380864,0.0,0.0,10.0,0.0,0.0,0.0,4.207572714548771,66.02974952409741,118.35801067184111
PT0061,diabetes,53.24989229550727,0,26.39414335154038,100.5355314145774,372,1,12.869094218081269,9.154187011104483,162.37784368790605,96.34809416380864,2000.0,2.5,0.0,0.0,0.0,0.0,3.9722604153144188,66.02974952409741,118.35801067184111
PT0061,diabetes,53.24989229550727,0,26.39414335154038,100.5355314145774,384,2,12.032455860719406,9.035354981745286,162.37784368790605,96.34809416380864,2000.0,0.0,0.0,0.0,0.0,0.0,3.714018042342057,66.02974952409741,118.35801067184111
PT0061,diabetes,53.24989229550727,0,26.39414335154038,100.5355314145774,484,3,12.767790556468617,9.927127395144547,162.37784368790605,96.34809416380864,0.0,2.5,10.0,0.0,0.0,0.0,3.940991351763313,66.02974952409741,118.35801067184111
PT0062,diabetes,70.01177934603393,1,35.98039617428722,54.61654936480625,0,0,11.953834302385474,9.453432285750313,162.37784368790605,96.34809416380864,2000.0,0.0,30.0,0.0,0.0,0.0,3.689750188002983,66.02974952409741,118.35801067184111
PT0062,diabetes,70.01177934603393,1,35.98039617428722,54.61654936480625,387,1,12.370730699275848,9.75204135757656,162.37784368790605,96.34809416380864,1000.0,0.0,0.0,0.0,0.0,0.0,3.8184322091764784,66.02974952409741,118.35801067184111
PT0062,diabetes,70.01177934603393,1,35.98039617428722,54.61654936480625,574,2,12.07175377176805,9.075731869996984,162.37784368790605,96.34809416380864,1000.0,10.0,0.0,0.0,0.0,0.0,3.7261479975524052,66.02974952409741,118.35801067184111
PT0062,diabetes,70.01177934603393,1,35.98039617428722,54.61654936480625,689,3,10.883801188016545,8.581298289141385,162.37784368790605,96.34809416380864,500.0,5.0,0.0,0.0,0.0,0.0,3.359466633367773,66.02974952409741,118.35801067184111
PT0063,diabetes,37.654112150823245,1,23.092729322834412,80.67769328542687,0,0,13.239585948665653,10.382202526547713,162.37784368790605,96.34809416380864,500.0,0.0,10.0,0.0,0.0,0.0,4.086618862821465,66.02974952409741,118.35801067184111
PT0063,diabetes,37.654112150823245,1,23.092729322834412,80.67769328542687,436,1,14.306082576116967,11.00601501265088,162.37784368790605,96.34809416380864,1000.0,2.5,0.0,0.0,0.0,0.0,4.415810821828104,66.02974952409741,118.35801067184111
PT0063,diabetes,37.654112150823245,1,23.092729322834412,80.67769328542687,517,2,13.343106866291842,10.088970768001674,162.37784368790605,96.34809416380864,2000.0,2.5,30.0,0.0,0.0,0.0,4.118572319395415,66.02974952409741,118.35801067184111
PT0063,diabetes,37.654112150823245,1,23.092729322834412,80.67769328542687,535,3,13.72675710407295,10.612892418930453,162.37784368790605,96.34809416380864,2000.0,0.0,0.0,0.0,0.0,0.0,4.236992359457185,66.02974952409741,118.35801067184111
PT0064,diabetes,50.73000537602667,0,35.361987787371035,75.82576779265013,0,0,9.97881105804474,7.94064979393236,162.37784368790605,96.34809416380864,1000.0,2.5,0.0,0.0,0.0,0.0,3.080126346583143,66.02974952409741,118.35801067184111
PT0064,diabetes,50.73000537602667,0,35.361987787371035,75.82576779265013,179,1,9.843916413839695,7.6370435564342465,162.37784368790605,96.34809416380864,1000.0,0.0,30.0,0.0,0.0,0.0,3.038488866405186,66.02974952409741,118.35801067184111
PT0064,diabetes,50.73000537602667,0,35.361987787371035,75.82576779265013,234,2,10.408652871379559,8.11656667898383,162.37784368790605,96.34809416380864,500.0,5.0,10.0,0.0,0.0,0.0,3.212804186299157,66.02974952409741,118.35801067184111
PT0064,diabetes,50.73000537602667,0,35.361987787371035,75.82576779265013,313,3,9.176362018289426,7.463388085695533,162.37784368790605,96.34809416380864,500.0,0.0,10.0,0.0,0.0,0.0,2.832437076312003,66.02974952409741,118.35801067184111
PT0064,diabetes,50.73000537602667,0,35.361987787371035,75.82576779265013,419,4,9.904375770086085,8.050316701668477,162.37784368790605,96.34809416380864,2000.0,0.0,0.0,0.0,0.0,0.0,3.0571506543665716,66.02974952409741,118.35801067184111
PT0065,diabetes,52.84126876919565,0,29.374619377881903,56.82629209298892,0,0,10.169308282267737,8.060321441022694,162.37784368790605,96.34809416380864,2000.0,5.0,0.0,0.0,0.0,0.0,3.1389264897933087,66.02974952409741,118.35801067184111
PT0065,diabetes,52.84126876919565,0,29.374619377881903,56.82629209298892,176,1,9.818087363042933,8.12098531128809,162.37784368790605,96.34809416380864,1000.0,5.0,10.0,0.0,0.0,0.0,3.030516299392586,66.02974952409741,118.35801067184111
PT0065,diabetes,52.84126876919565,0,29.374619377881903,56.82629209298892,230,2,8.891000537879513,7.671125814418297,162.37784368790605,96.34809416380864,0.0,5.0,10.0,0.0,0.0,0.0,2.74435549935881,66.02974952409741,118.35801067184111
PT0065,diabetes,52.84126876919565,0,29.374619377881903,56.82629209298892,635,3,8.936916523646806,7.25360403558063,162.37784368790605,96.34809416380864,2000.0,10.0,0.0,0.0,0.0,0.0,2.758528233632314,66.02974952409741,118.35801067184111
PT0066,diabetes,62.04075840357513,1,27.966537825864233,87.01775747378835,0,0,10.10510294845724,8.725884199833773,162.37784368790605,96.34809416380864,500.0,0.0,0.0,0.0,0.0,0.0,3.1191084434238014,66.02974952409741,118.35801067184111
PT0066,diabetes,62.04075840357513,1,27.966537825864233,87.01775747378835,140,1,9.853654810345516,7.903145587461059,162.37784368790605,96.34809416380864,2000.0,2.5,0.0,0.0,0.0,0.0,3.0414947847933163,66.02974952409741,118.35801067184111
PT0066,diabetes,62.04075840357513,1,27.966537825864233,87.01775747378835,159,2,10.102118486308756,8.24017827425128,162.37784368790605,96.34809416380864,1000.0,0.0,0.0,0.0,0.0,0.0,3.118187239440636,66.02974952409741,118.35801067184111
PT0066,diabetes,62.04075840357513,1,27.966537825864233,87.01775747378835,209,3,10.25608090688258,8.45958323609185,162.37784368790605,96.34809416380864,500.0,0.0,0.0,0.0,0.0,0.0,3.1657103065910897,66.02974952409741,118.35801067184111
PT0066,diabetes,62.04075840357513,1,27.966537825864233,87.01775747378835,508,4,9.17199543021947,7.019839464748453,162.37784368790605,96.34809416380864,2000.0,0.0,10.0,0.0,0.0,0.0,2.831089256127743,66.02974952409741,118.35801067184111
PT0066,diabetes,62.04075840357513,1,27.966537825864233,87.01775747378835,547,5,9.206482223987122,7.488009319392321,162.37784368790605,96.34809416380864,1000.0,0.0,30.0,0.0,0.0,0.0,2.841734179804025,66.02974952409741,118.35801067184111
PT0066,diabetes,62.04075840357513,1,27.966537825864233,87.01775747378835,686,6,9.771576715665583,7.426056543052766,162.37784368790605,96.34809416380864,1000.0,0.0,0.0,0.0,0.0,0.0,3.01616001290211,66.02974952409741,118.35801067184111
PT0066,diabetes,62.04075840357513,1,27.966537825864233,87.01775747378835,690,7,9.809045741056332,8.169590065954083,162.37784368790605,96.34809416380864,1000.0,0.0,30.0,0.0,0.0,0.0,3.0277254520727217,66.02974952409741,118.35801067184111
PT0067,diabetes,38.06554645803526,0,32.87441569390728,109.12841993019092,0,0,11.1945528263442,8.903388905693195,162.37784368790605,96.34809416380864,1000.0,0.0,0.0,0.0,0.0,0.0,3.4553853057315767,66.02974952409741,118.35801067184111
PT0067,diabetes,38.06554645803526,0,32.87441569390728,109.12841993019092,69,1,10.356072763643706,8.096214840000338,162.37784368790605,96.34809416380864,2000.0,5.0,30.0,0.0,0.0,0.0,3.1965744597113575,66.02974952409741,118.35801067184111
PT0067,diabetes,38.06554645803526,0,32.87441569390728,109.12841993019092,166,2,10.299860121332232,8.162484256964246,162.37784368790605,96.34809416380864,2000.0,0.0,0.0,0.0,0.0,0.0,3.1792234907845494,66.02974952409741,118.35801067184111
PT0067,diabetes,38.06554645803526,0,32.87441569390728,109.12841993019092,497,3,10.386451610539991,8.328275320797601,162.37784368790605,96.34809416380864,1000.0,0.0,0.0,0.0,0.0,0.0,3.205951397120011,66.02974952409741,118.35801067184111
PT0068,diabetes,72.1295459244866,1,29.500673855484337,45.23505591102116,0,0,14.700004442368709,10.691744711619386,162.37784368790605,96.34809416380864,0.0,2.5,0.0,0.0,0.0,0.0,4.537401371211142,66.02974952409741,118.35801067184111
PT0068,diabetes,72.1295459244866,1,29.500673855484337,45.23505591102116,533,1,15.430238644052997,10.896387797698319,162.37784368790605,96.34809416380864,500.0,0.0,0.0,0.0,0.0,0.0,4.762800328131025,66.02974952409741,118.35801067184111
PT0068,diabetes,72.1295459244866,1,29.500673855484337,45.23505591102116,548,2,15.669569896936203,11.65044518100577,162.37784368790605,96.34809416380864,0.0,5.0,20.0,0.0,0.0,0.0,4.836673908187642,66.02974952409741,118.35801067184111
PT0068,diabetes,72.1295459244866,1,29.500673855484337,45.23505591102116,585,3,15.32767544823834,11.006160430099117,162.37784368790605,96.34809416380864,1000.0,0.0,20.0,0.0,0.0,0.0,4.731142488356235,66.02974952409741,118.35801067184111
PT0068,diabetes,72.1295459244866,1,29.500673855484337,45.23505591102116,660,4,14.329902960488871,10.96071124948059,162.37784368790605,96.34809416380864,2000.0,0.0,10.0,0.0,0.0,0.0,4.423163380470898,66.02974952409741,118.35801067184111
PT0068,diabetes,72.1295459244866,1,29.500673855484337,45.23505591102116,664,5,15.038926155994057,11.320417250536309,162.37784368790605,96.34809416380864,2000.0,0.0,0.0,0.0,0.0,0.0,4.642015206816833,66.02974952409741,118.35801067184111
PT0069,diabetes,54.55902061377098,0,22.671585263252698,97.26007541709939,0,0,15.440527863991491,11.278020903918026,162.37784368790605,96.34809416380864,500.0,0.0,0.0,0.0,0.0,0.0,4.76597626735204,66.02974952409741,118.35801067184111
PT0069,diabetes,54.55902061377098,0,22.671585263252698,97.26007541709939,368,1,15.535833279672678,11.748943888740165,162.37784368790605,96.34809416380864,1000.0,2.5,0.0,0.0,0.0,0.0,4.795393872325634,66.02974952409741,118.35801067184111
PT0069,diabetes,54.55902061377098,0,22.671585263252698,97.26007541709939,398,2,16.22770208262836,11.732179360497085,162.37784368790605,96.34809416380864,1000.0,0.0,0.0,0.0,0.0,0.0,5.00895070950462,66.02974952409741,118.35801067184111
PT0069,diabetes,54.55902061377098,0,22.671585263252698,97.26007541709939,699,3,16.536200589102044,11.86455331291851,162.37784368790605,96.34809416380864,0.0,0.0,20.0,0.0,0.0,0.0,5.104173915169498,66.02974952409741,118.35801067184111
PT0070,diabetes,49.10979487433174,0,34.9682647514071,82.63672953293836,0,0,9.86029400345718,7.975910354740861,162.37784368790605,96.34809416380864,1000.0,0.0,0.0,0.0,0.0,0.0,3.0435440824004503,66.02974952409741,118.35801067184111
PT0070,diabetes,49.10979487433174,0,34.9682647514071,82.63672953293836,27,1,8.871844419239865,7.470411785900395,162.37784368790605,96.34809416380864,1000.0,0.0,30.0,0.0,0.0,0.0,2.7384426440720384,66.02974952409741,118.35801067184111
PT0070,diabetes,49.10979487433174,0,34.9682647514071,82.63672953293836,64,2,9.522126064431308,7.196140040495848,162.37784368790605,96.34809416380864,2000.0,10.0,30.0,0.0,0.0,0.0,2.9391629118877973,66.02974952409741,118.35801067184111
PT0070,diabetes,49.10979487433174,0,34.9682647514071,82.63672953293836,95,3,9.412613864550188,7.35457592274557,162.37784368790605,96.34809416380864,2000.0,5.0,0.0,0.0,0.0,0.0,2.9053601461911582,66.02974952409741,118.35801067184111
PT0070,diabetes,49.10979487433174,0,34.9682647514071,82.63672953293836,98,4,8.825804006336687,7.211985558190759,162.37784368790605,96.34809416380864,1000.0,0.0,10.0,0.0,0.0,0.0,2.724231503289258,66.02974952409741,118.35801067184111
PT0070,diabetes,49.10979487433174,0,34.9682647514071,82.63672953293836,303,5,9.668018545908675,7.562306978149544,162.37784368790605,96.34809416380864,1000.0,0.0,0.0,0.0,0.0,0.0,2.9841950578371446,66.02974952409741,118.35801067184111
PT0070,diabetes,49.10979487433174,0,34.9682647514071,82.63672953293836,452,6,8.182852058916176,6.6814659676285375,162.37784368790605,96.34809416380864,0.0,0.0,0.0,0.0,0.0,0.0,2.5257736688521266,66.02974952409741,118.35801067184111
PT0070,diabetes,49.10979487433174,0,34.9682647514071,82.63672953293836,459,7,8.258176197696782,6.769509079467384,162.37784368790605,96.34809416380864,2000.0,2.5,10.0,0.0,0.0,0.0,2.5490237196890737,66.02974952409741,118.35801067184111
PT0071,diabetes,49.25269934627757,0,32.090790551195056,76.2395946520312,0,0,15.197867506404968,11.054167563417119,162.37784368790605,96.34809416380864,1000.0,2.5,0.0,0.0,0.0,0.0,4.691075103643667,66.02974952409741,118.35801067184111
PT0071,diabetes,49.25269934627757,0,32.090790551195056,76.2395946520312,23,1,15.64951049440549,11.512857275696058,162.37784368790605,96.34809416380864,1000.0,2.5,0.0,0.0,0.0,0.0,4.830482239273161,66.02974952409741,118.35801067184111
PT0071,diabetes,49.25269934627757,0,32.090790551195056,76.2395946520312,27,2,15.870259002589725,11.40922725872881,162.37784368790605,96.34809416380864,1000.0,0.0,0.0,0.0,0.0,0.0,4.898619945466028,66.02974952409741,118.35801067184111
PT0071,diabetes,49.25269934627757,0,32.090790551195056,76.2395946520312,83,3,15.425096398434,11.236303125518711,162.37784368790605,96.34809416380864,1000.0,0.0,30.0,0.0,0.0,0.0,4.761213088316628,66.02974952409741,118.35801067184111
PT0071,diabetes,49.25269934627757,0,32.090790551195056,76.2395946520312,144,4,16.569961957332122,12.135462339555234,162.37784368790605,96.34809416380864,1000.0,5.0,0.0,0.0,0.0,0.0,5.114594924163182,66.02974952409741,118.35801067184111
PT0071,diabetes,49.25269934627757,0,32.090790551195056,76.2395946520312,236,5,15.85677701410399,11.523367232438561,162.37784368790605,96.34809416380864,1000.0,0.0,30.0,0.0,0.0,0.0,4.894458505020099,66.02974952409741,118.35801067184111
PT0071,diabetes,49.25269934627757,0,32.090790551195056,76.2395946520312,378,6,15.28062316949027,11.12014064071002,162.37784368790605,96.34809416380864,1000.0,5.0,0.0,0.0,0.0,0.0,4.716619018315996,66.02974952409741,118.35801067184111
PT0071,diabetes,49.25269934627757,0,32.090790551195056,76.2395946520312,644,7,15.791960453352901,11.707378828444458,162.37784368790605,96.34809416380864,1000.0,0.0,20.0,0.0,0.0,0.0,4.874451793268262,66.02974952409741,118.35801067184111
PT0072,diabetes,69.01134740621538,0,28.16084333718441,87.83526428807093,0,0,15.232838142253307,11.132782912432749,162.37784368790605,96.34809416380864,1000.0,2.5,0.0,0.0,0.0,0.0,4.701869373242188,66.02974952409741,118.35801067184111
PT0072,diabetes,69.01134740621538,0,28.16084333718441,87.83526428807093,46,1,14.455452533287353,10.717926433115057,162.37784368790605,96.34809416380864,500.0,2.5,0.0,0.0,0.0,0.0,4.46191634860803,66.02974952409741,118.35801067184111
PT0072,diabetes,69.01134740621538,0,28.16084333718441,87.83526428807093,167,2,14.65091743752173,10.553840482894278,162.37784368790605,96.34809416380864,1000.0,10.0,0.0,0.0,0.0,0.0,4.522249849048374,66.02974952409741,118.35801067184111
PT0072,diabetes,69.01134740621538,0,28.16084333718441,87.83526428807093,313,3,14.960317643631202,11.601449364523223,162.37784368790605,96.34809416380864,0.0,0.0,0.0,0.0,0.0,0.0,4.617751379334164,66.02974952409741,118.35801067184111
PT0072,diabetes,69.01134740621538,0,28.16084333718441,87.83526428807093,446,4,14.889503873823998,10.986371775022144,162.37784368790605,96.34809416380864,2000.0,0.0,0.0,0.0,0.0,0.0,4.595893529053674,66.02974952409741,118.35801067184111
PT0072,diabetes,69.01134740621538,0,28.16084333718441,87.83526428807093,515,5,13.932636445450479,10.069484524895653,162.37784368790605,96.34809416380864,2000.0,2.5,0.0,0.0,0.0,0.0,4.300540449495714,66.02974952409741,118.35801067184111
PT0072,diabetes,69.01134740621538,0,28.16084333718441,87.83526428807093,566,6,13.384493481427382,10.221987209768628,162.37784368790605,96.34809416380864,2000.0,0.0,0.0,0.0,0.0,0.0,4.131346987933919,66.02974952409741,118.35801067184111
PT0073,diabetes,71.36204079193135,0,32.15733170492896,73.7396562351922,0,0,13.124825915056716,10.041067103548205,162.37784368790605,96.34809416380864,2000.0,0.0,20.0,0.0,0.0,0.0,4.05119626578084,66.02974952409741,118.35801067184111
PT0073,diabetes,71.36204079193135,0,32.15733170492896,73.7396562351922,294,1,12.443942965622501,9.876351156702263,162.37784368790605,96.34809416380864,2000.0,2.5,0.0,0.0,0.0,0.0,3.8410303953888123,66.02974952409741,118.35801067184111
PT0073,diabetes,71.36204079193135,0,32.15733170492896,73.7396562351922,311,2,12.524680817967077,9.663949170196336,162.37784368790605,96.34809416380864,1000.0,0.0,20.0,0.0,0.0,0.0,3.8659514791458376,66.02974952409741,118.35801067184111
PT0073,diabetes,71.36204079193135,0,32.15733170492896,73.7396562351922,337,3,12.861233045063658,10.295260472636263,162.37784368790605,96.34809416380864,1000.0,5.0,0.0,0.0,0.0,0.0,3.969833933242983,66.02974952409741,118.35801067184111
PT0073,diabetes,71.36204079193135,0,32.15733170492896,73.7396562351922,397,4,12.925812135053887,9.646339522078721,162.37784368790605,96.34809416380864,2000.0,2.5,0.0,0.0,0.0,0.0,3.989767345686633,66.02974952409741,118.35801067184111
PT0073,diabetes,71.36204079193135,0,32.15733170492896,73.7396562351922,496,5,12.599272794782905,9.846579616824586,162.37784368790605,96.34809416380864,1000.0,0.0,0.0,0.0,0.0,0.0,3.888975535989657,66.02974952409741,118.35801067184111
PT0073,diabetes,71.36204079193135,0,32.15733170492896,73.7396562351922,580,6,12.005130980950572,9.390584764512152,162.37784368790605,96.34809416380864,2000.0,5.0,10.0,0.0,0.0,0.0,3.7055837627867434,66.02974952409741,118.35801067184111
PT0073,diabetes,71.36204079193135,0,32.15733170492896,73.7396562351922,595,7,13.346768290249853,9.769294069995766,162.37784368790605,96.34809416380864,500.0,5.0,10.0,0.0,0.0,0.0,4.119702478923788,66.02974952409741,118.35801067184111
PT0074,diabetes,70.43554780576801,0,27.940438178475986,75.61188899969311,0,0,13.51502685311816,10.04434336178306,162.37784368790605,96.34809416380864,1000.0,0.0,30.0,0.0,0.0,0.0,4.171638288662472,66.02974952409741,118.35801067184111
PT0074,diabetes,70.43554780576801,0,27.940438178475986,75.61188899969311,166,1,14.188551454884701,10.853590972096443,162.37784368790605,96.34809416380864,2000.0,5.0,0.0,0.0,0.0,0.0,4.379532882407744,66.02974952409741,118.35801067184111
PT0074,diabetes,70.43554780576801,0,27.940438178475986,75.61188899969311,218,2,14.31979587747944,10.562033334324957,162.37784368790605,96.34809416380864,500.0,0.0,30.0,0.0,0.0,0.0,4.420043660848654,66.02974952409741,118.35801067184111
PT0074,diabetes,70.43554780576801,0,27.940438178475986,75.61188899969311,245,3,13.567791155389736,10.210590197778064,162.37784368790605,96.34809416380864,2000.0,10.0,20.0,0.0,0.0,0.0,4.1879248699636324,66.02974952409741,118.35801067184111
PT0074,diabetes,70.43554780576801,0,27.940438178475986,75.61188899969311,391,4,14.034553829167972,10.619457883502859,162.37784368790605,96.34809416380864,2000.0,2.5,20.0,0.0,0.0,0.0,4.331998948603181,66.02974952409741,118.35801067184111
PT0074,diabetes,70.43554780576801,0,27.940438178475986,75.61188899969311,527,5,13.390616291373563,9.863014838125846,162.37784368790605,96.34809416380864,1000.0,2.5,0.0,0.0,0.0,0.0,4.13323689527064,66.02974952409741,118.35801067184111
PT0074,diabetes,70.43554780576801,0,27.940438178475986,75.61188899969311,584,6,13.78949769470756,10.435509183548122,162.37784368790605,96.34809416380864,1000.0,5.0,20.0,0.0,0.0,0.0,4.256358288433067,66.02974952409741,118.35801067184111
PT0074,diabetes,70.43554780576801,0,27.940438178475986,75.61188899969311,639,7,14.12240912932931,10.292738815745222,162.37784368790605,96.34809416380864,1000.0,2.5,0.0,0.0,0.0,0.0,4.359116951252981,66.02974952409741,118.35801067184111
PT0075,diabetes,42.958268463727805,0,26.064011858434785,87.64309432897659,0,0,14.813838079507155,11.42745512773577,162.37784368790605,96.34809416380864,1000.0,0.0,0.0,0.0,0.0,0.0,4.5725380205412085,66.02974952409741,118.35801067184111
PT0075,diabetes,42.958268463727805,0,26.064011858434785,87.64309432897659,103,1,15.02513800557414,10.85589949174949,162.37784368790605,96.34809416380864,1000.0,0.0,0.0,0.0,0.0,0.0,4.637759264387218,66.02974952409741,118.35801067184111
PT0075,diabetes,42.958268463727805,0,26.064011858434785,87.64309432897659,177,2,14.335543539209871,10.923052710682942,162.37784368790605,96.34809416380864,2000.0,0.0,20.0,0.0,0.0,0.0,4.4249044391027805,66.02974952409741,118.35801067184111
PT0075,diabetes,42.958268463727805,0,26.064011858434785,87.64309432897659,360,3,14.960488432911648,11.212402683165351,162.37784368790605,96.34809416380864,1000.0,10.0,10.0,0.0,0.0,0.0,4.617804096292062,66.02974952409741,118.35801067184111
PT0075,diabetes,42.958268463727805,0,26.064011858434785,87.64309432897659,556,4,15.000665879219236,10.68649543586238,162.37784368790605,96.34809416380864,1000.0,2.5,0.0,0.0,0.0,0.0,4.630205534719004,66.02974952409741,118.35801067184111
PT0076,diabetes,46.89318104426128,1,27.56649507405081,58.2047223858808,0,0,12.767180757532609,9.418707023331214,162.37784368790605,96.34809416380864,1000.0,0.0,0.0,0.0,0.0,0.0,3.9408031271583988,66.02974952409741,118.35801067184111
PT0076,diabetes,46.89318104426128,1,27.56649507405081,58.2047223858808,196,1,13.209950188455888,10.47737277043045,162.37784368790605,96.34809416380864,0.0,0.0,0.0,0.0,0.0,0.0,4.077471291503384,66.02974952409741,118.35801067184111
PT0076,diabetes,46.89318104426128,1,27.56649507405081,58.2047223858808,280,2,13.445786231931997,9.957133801470324,162.37784368790605,96.34809416380864,500.0,10.0,0.0,0.0,0.0,0.0,4.15026601692301,66.02974952409741,118.35801067184111
PT0076,diabetes,46.89318104426128,1,27.56649507405081,58.2047223858808,309,3,12.38731874874598,9.710171003966721,162.37784368790605,96.34809416380864,1000.0,5.0,0.0,0.0,0.0,0.0,3.823552387112926,66.02974952409741,118.35801067184111
PT0076,diabetes,46.89318104426128,1,27.56649507405081,58.2047223858808,618,4,11.896676891758103,9.132158197496066,162.37784368790605,96.34809416380864,2000.0,2.5,0.0,0.0,0.0,0.0,3.6721076005893343,66.02974952409741,118.35801067184111
PT0077,diabetes,56.70176284190106,0,35.53510914889137,72.53304763916111,0,0,13.928129731829339,10.756843100559298,162.37784368790605,96.34809416380864,500.0,0.0,0.0,0.0,0.0,0.0,4.299149377224656,66.02974952409741,118.35801067184111
PT0077,diabetes,56.70176284190106,0,35.53510914889137,72.53304763916111,170,1,14.949178826429149,10.83509119136145,162.37784368790605,96.34809416380864,0.0,2.5,10.0,0.0,0.0,0.0,4.614313197757797,66.02974952409741,118.35801067184111
PT0077,diabetes,56.70176284190106,0,35.53510914889137,72.53304763916111,432,2,13.878822120430272,10.278672716229426,162.37784368790605,96.34809416380864,0.0,2.5,0.0,0.0,0.0,0.0,4.283929761172811,66.02974952409741,118.35801067184111
PT0077,diabetes,56.70176284190106,0,35.53510914889137,72.53304763916111,448,3,13.865863646231494,9.882847954004601,162.37784368790605,96.34809416380864,1000.0,0.0,10.0,0.0,0.0,0.0,4.279929912136788,66.02974952409741,118.35801067184111
PT0077,diabetes,56.70176284190106,0,35.53510914889137,72.53304763916111,493,4,13.999005133577324,10.351139032529217,162.37784368790605,96.34809416380864,2000.0,0.0,20.0,0.0,0.0,0.0,4.321026251230868,66.02974952409741,118.35801067184111
PT0078,diabetes,45.20069850813707,1,35.04525193212326,96.72667531234532,0,0,10.23874029755366,7.660085045875343,162.37784368790605,96.34809416380864,1000.0,5.0,0.0,0.0,0.0,0.0,3.160357838511563,66.02974952409741,118.35801067184111
PT0078,diabetes,45.20069850813707,1,35.04525193212326,96.72667531234532,412,1,10.92524256847813,8.294071272291523,162.37784368790605,96.34809416380864,500.0,0.0,0.0,0.0,0.0,0.0,3.372258206136916,66.02974952409741,118.35801067184111
PT0078,diabetes,45.20069850813707,1,35.04525193212326,96.72667531234532,416,2,10.61504424068759,8.346091506067708,162.37784368790605,96.34809416380864,500.0,5.0,20.0,0.0,0.0,0.0,3.276510322292236,66.02974952409741,118.35801067184111
PT0078,diabetes,45.20069850813707,1,35.04525193212326,96.72667531234532,475,3,10.08840991507724,7.610027074172279,162.37784368790605,96.34809416380864,2000.0,0.0,0.0,0.0,0.0,0.0,3.1139558604538418,66.02974952409741,118.35801067184111
PT0078,diabetes,45.20069850813707,1,35.04525193212326,96.72667531234532,525,4,11.264634927690746,8.929111238829725,162.37784368790605,96.34809416380864,1000.0,0.0,0.0,0.0,0.0,0.0,3.4770173143472105,66.02974952409741,118.35801067184111
PT0078,diabetes,45.20069850813707,1,35.04525193212326,96.72667531234532,650,5,9.614026560724811,8.060326259802393,162.37784368790605,96.34809416380864,0.0,0.0,0.0,0.0,0.0,0.0,2.9675295317437254,66.02974952409741,118.35801067184111
PT0079,diabetes,72.11432901851954,0,24.301882918341693,67.68527466110429,0,0,9.187655277594558,7.616253930513848,162.37784368790605,96.34809416380864,1000.0,2.5,0.0,0.0,0.0,0.0,2.8359229290175207,66.02974952409741,118.35801067184111
PT0079,diabetes,72.11432901851954,0,24.301882918341693,67.68527466110429,256,1,9.351864173202225,7.926704217213044,162.37784368790605,96.34809416380864,500.0,2.5,0.0,0.0,0.0,0.0,2.886608741461753,66.02974952409741,118.35801067184111
PT0079,diabetes,72.11432901851954,0,24.301882918341693,67.68527466110429,301,2,9.641121882100544,7.766631497843077,162.37784368790605,96.34809416380864,1000.0,2.5,0.0,0.0,0.0,0.0,2.9758929542750345,66.02974952409741,118.35801067184111
PT0079,diabetes,72.11432901851954,0,24.301882918341693,67.68527466110429,377,3,10.831213216865198,8.328576079364986,162.37784368790605,96.34809416380864,0.0,5.0,0.0,0.0,0.0,0.0,3.3432344796057243,66.02974952409741,118.35801067184111
PT0079,diabetes,72.11432901851954,0,24.301882918341693,67.68527466110429,671,4,9.343003902206862,7.968368744194634,162.37784368790605,96.34809416380864,500.0,0.0,0.0,0.0,0.0,0.0,2.8838738711478515,66.02974952409741,118.35801067184111
PT0080,diabetes,59.974489804689085,1,33.176591314751334,71.8932511240677,0,0,11.32299353181617,8.876419035121447,162.37784368790605,96.34809416380864,1000.0,2.5,0.0,0.0,0.0,0.0,3.495030670153925,66.02974952409741,118.35801067184111
PT0080,diabetes,59.974489804689085,1,33.176591314751334,71.8932511240677,194,1,11.764999803963473,8.75637244571589,162.37784368790605,96.34809416380864,500.0,2.5,0.0,0.0,0.0,0.0,3.631463272823392,66.02974952409741,118.35801067184111
PT0080,diabetes,59.974489804689085,1,33.176591314751334,71.8932511240677,205,2,11.297214619748754,8.84662969425126,162.37784368790605,96.34809416380864,1000.0,2.5,0.0,0.0,0.0,0.0,3.487073579295782,66.02974952409741,118.35801067184111
PT0080,diabetes,59.974489804689085,1,33.176591314751334,71.8932511240677,236,3,12.17585966491492,9.834167897112525,162.37784368790605,96.34809416380864,1000.0,10.0,0.0,0.0,0.0,0.0,3.7582820165704054,66.02974952409741,118.35801067184111
PT0080,diabetes,59.974489804689085,1,33.176591314751334,71.8932511240677,264,4,11.523428263603497,9.410738055383588,162.37784368790605,96.34809416380864,0.0,2.5,0.0,0.0,0.0,0.0,3.5568981906989463,66.02974952409741,118.35801067184111
PT0080,diabetes,59.974489804689085,1,33.176591314751334,71.8932511240677,392,5,11.865645435241845,8.979164156852349,162.37784368790605,96.34809416380864,2000.0,5.0,10.0,0.0,0.0,0.0,3.6625292243446497,66.02974952409741,118.35801067184111
PT0080,diabetes,59.974489804689085,1,33.176591314751334,71.8932511240677,578,6,10.658558408525945,7.834547620530975,162.37784368790605,96.34809416380864,500.0,5.0,0.0,0.0,0.0,0.0,3.289941695431675,66.02974952409741,118.35801067184111
PT0080,diabetes,59.974489804689085,1,33.176591314751334,71.8932511240677,673,7,10.879066792826032,8.375379468290731,162.37784368790605,96.34809416380864,1000.0,0.0,20.0,0.0,0.0,0.0,3.3580052833856353,66.02974952409741,118.35801067184111
PT0081,diabetes,71.98476713932871,1,27.599149031882618,71.00432616716193,0,0,12.773972174637404,9.325308528419008,162.37784368790605,96.34809416380864,500.0,0.0,0.0,0.0,0.0,0.0,3.9428994112380784,66.02974952409741,118.35801067184111
PT0081,diabetes,71.98476713932871,1,27.599149031882618,71.00432616716193,371,1,13.200156891163623,9.698484685077199,162.37784368790605,96.34809416380864,500.0,2.5,0.0,0.0,0.0,0.0,4.074448427072505,66.02974952409741,118.35801067184111
PT0081,diabetes,71.98476713932871,1,27.599149031882618,71.00432616716193,376,2,13.484689413580524,10.06845343312656,162.37784368790605,96.34809416380864,500.0,5.0,20.0,0.0,0.0,0.0,4.162274132325189,66.02974952409741,118.35801067184111
PT0081,diabetes,71.98476713932871,1,27.599149031882618,71.00432616716193,477,3,12.498139533974369,9.463017710491243,162.37784368790605,96.34809416380864,2000.0,5.0,0.0,0.0,0.0,0.0,3.8577590694867556,66.02974952409741,118.35801067184111
PT0081,diabetes,71.98476713932871,1,27.599149031882618,71.00432616716193,512,4,13.555260352161907,9.453998681149427,162.37784368790605,96.34809416380864,2000.0,2.5,0.0,0.0,0.0,0.0,4.184057028700642,66.02974952409741,118.35801067184111
PT0081,diabetes,71.98476713932871,1,27.599149031882618,71.00432616716193,606,5,14.593890802515592,10.564211809005593,162.37784368790605,96.34809416380864,1000.0,5.0,0.0,0.0,0.0,0.0,4.504647627709813,66.02974952409741,118.35801067184111
PT0082,diabetes,70.26877693099082,0,25.775691891041436,50.92354395271487,0,0,9.755052638455343,8.186168709438176,162.37784368790605,96.34809416380864,2000.0,2.5,10.0,0.0,0.0,0.0,3.011059581069883,66.02974952409741,118.35801067184111
PT0082,diabetes,70.26877693099082,0,25.775691891041436,50.92354395271487,137,1,9.91933648080201,7.8843502227034445,162.37784368790605,96.34809416380864,500.0,10.0,0.0,0.0,0.0,0.0,3.0617685270742205,66.02974952409741,118.35801067184111
PT0082,diabetes,70.26877693099082,0,25.775691891041436,50.92354395271487,233,2,9.85303679261617,7.608051837326039,162.37784368790605,96.34809416380864,1000.0,10.0,0.0,0.0,0.0,0.0,3.0413040233208575,66.02974952409741,118.35801067184111
PT0082,diabetes,70.26877693099082,0,25.775691891041436,50.92354395271487,437,3,8.515324133603958,6.667576648121262,162.37784368790605,96.34809416380864,2000.0,0.0,0.0,0.0,0.0,0.0,2.628396715905755,66.02974952409741,118.35801067184111
PT0082,diabetes,70.26877693099082,0,25.775691891041436,50.92354395271487,590,4,8.353380487214151,7.419898808611478,162.37784368790605,96.34809416380864,2000.0,0.0,0.0,0.0,0.0,0.0,2.578410110386768,66.02974952409741,118.35801067184111
PT0082,diabetes,70.26877693099082,0,25.775691891041436,50.92354395271487,598,5,9.158522393269143,7.587765633443278,162.37784368790605,96.34809416380864,2000.0,0.0,0.0,0.0,0.0,0.0,2.826930578722409,66.02974952409741,118.35801067184111
PT0082,diabetes,70.26877693099082,0,25.775691891041436,50.92354395271487,667,6,8.184986722891743,7.510616567038973,162.37784368790605,96.34809416380864,0.0,0.0,0.0,0.0,0.0,0.0,2.526432568465918,66.02974952409741,118.35801067184111
PT0083,diabetes,69.07471422986177,0,31.691082821559245,56.96904911469686,0,0,13.768928668529396,10.732770292902094,162.37784368790605,96.34809416380864,1000.0,0.0,0.0,0.0,0.0,0.0,4.250009315686074,66.02974952409741,118.35801067184111
PT0083,diabetes,69.07471422986177,0,31.691082821559245,56.96904911469686,129,1,13.267730047989355,10.18432276223523,162.37784368790605,96.34809416380864,500.0,2.5,0.0,0.0,0.0,0.0,4.095306008146048,66.02974952409741,118.35801067184111
PT0083,diabetes,69.07471422986177,0,31.691082821559245,56.96904911469686,192,2,14.059606372632123,9.88044603923376,162.37784368790605,96.34809416380864,500.0,2.5,0.0,0.0,0.0,0.0,4.339731833685782,66.02974952409741,118.35801067184111
PT0083,diabetes,69.07471422986177,0,31.691082821559245,56.96904911469686,244,3,13.139994881368766,10.608236853135924,162.37784368790605,96.34809416380864,1000.0,0.0,30.0,0.0,0.0,0.0,4.055878420049159,66.02974952409741,118.35801067184111
PT0083,diabetes,69.07471422986177,0,31.691082821559245,56.96904911469686,257,4,13.273662279311251,9.376301966059389,162.37784368790605,96.34809416380864,500.0,0.0,20.0,0.0,0.0,0.0,4.097137090214073,66.02974952409741,118.35801067184111
PT0083,diabetes,69.07471422986177,0,31.691082821559245,56.96904911469686,465,5,13.229981603682942,9.701011415740384,162.37784368790605,96.34809416380864,500.0,0.0,30.0,0.0,0.0,0.0,4.083654321670135,66.02974952409741,118.35801067184111
PT0083,diabetes,69.07471422986177,0,31.691082821559245,56.96904911469686,515,6,13.926396975717875,10.251135853699012,162.37784368790605,96.34809416380864,2000.0,5.0,10.0,0.0,0.0,0.0,4.298614533171584,66.02974952409741,118.35801067184111
PT0084,diabetes,63.14632403422445,1,24.90791307612149,83.0989020863055,0,0,12.74652667630336,9.373195532127266,162.37784368790605,96.34809416380864,500.0,0.0,0.0,0.0,0.0,0.0,3.934427900752304,66.02974952409741,118.35801067184111
PT0084,diabetes,63.14632403422445,1,24.90791307612149,83.0989020863055,284,1,11.75438877599932,8.814529287252528,162.37784368790605,96.34809416380864,2000.0,0.0,0.0,0.0,0.0,0.0,3.62818800219179,66.02974952409741,118.35801067184111
PT0084,diabetes,63.14632403422445,1,24.90791307612149,83.0989020863055,305,2,12.027627454036969,9.119760154088112,162.37784368790605,96.34809416380864,500.0,2.5,10.0,0.0,0.0,0.0,3.7125276741460778,66.02974952409741,118.35801067184111
PT0084,diabetes,63.14632403422445,1,24.90791307612149,83.0989020863055,349,3,11.302878776674232,9.00622512863907,162.37784368790605,96.34809416380864,1000.0,0.0,0.0,0.0,0.0,0.0,3.4888219157334466,66.02974952409741,118.35801067184111
PT0084,diabetes,63.14632403422445,1,24.90791307612149,83.0989020863055,576,4,12.362246969726064,9.311670582362293,162.37784368790605,96.34809416380864,2000.0,0.0,0.0,0.0,0.0,0.0,3.815813564655445,66.02974952409741,118.35801067184111
PT0085,diabetes,71.29660746374694,0,23.718701415265915,91.28006674408334,0,0,9.850827074469484,7.872918259605365,162.37784368790605,96.34809416380864,2000.0,2.5,0.0,0.0,0.0,0.0,3.040621956986248,66.02974952409741,118.35801067184111
PT0085,diabetes,71.29660746374694,0,23.718701415265915,91.28006674408334,316,1,9.666922692127415,7.6566276933343795,162.37784368790605,96.34809416380864,2000.0,5.0,30.0,0.0,0.0,0.0,2.9838568043033287,66.02974952409741,118.35801067184111
PT0085,diabetes,71.29660746374694,0,23.718701415265915,91.28006674408334,339,2,9.816044667336332,7.369509776853748,162.37784368790605,96.34809416380864,1000.0,0.0,20.0,0.0,0.0,0.0,3.0298857873178147,66.02974952409741,118.35801067184111
PT0085,diabetes,71.29660746374694,0,23.718701415265915,91.28006674408334,403,3,9.614726376053103,7.5060717559401775,162.37784368790605,96.34809416380864,1000.0,2.5,20.0,0.0,0.0,0.0,2.967745541408391,66.02974952409741,118.35801067184111
PT0085,diabetes,71.29660746374694,0,23.718701415265915,91.28006674408334,424,4,9.949162257708299,7.856502050317906,162.37784368790605,96.34809416380864,2000.0,5.0,0.0,0.0,0.0,0.0,3.070974750212628,66.02974952409741,118.35801067184111
PT0085,diabetes,71.29660746374694,0,23.718701415265915,91.28006674408334,474,5,9.558193025158173,7.7530920610813,162.37784368790605,96.34809416380864,2000.0,0.0,30.0,0.0,0.0,0.0,2.9502955804321562,66.02974952409741,118.35801067184111
PT0086,diabetes,35.25298588958941,1,38.338526263691605,49.62068080143028,0,0,13.995868234473335,11.114325276343012,162.37784368790605,96.34809416380864,1000.0,0.0,20.0,0.0,0.0,0.0,4.320057995040769,66.02974952409741,118.35801067184111
PT0086,diabetes,35.25298588958941,1,38.338526263691605,49.62068080143028,237,1,12.973346724605287,9.953854849146577,162.37784368790605,96.34809416380864,500.0,0.0,0.0,0.0,0.0,0.0,4.004439688994832,66.02974952409741,118.35801067184111
PT0086,diabetes,35.25298588958941,1,38.338526263691605,49.62068080143028,315,2,13.852363274075213,10.471992813375653,162.37784368790605,96.34809416380864,1000.0,2.5,10.0,0.0,0.0,0.0,4.275762797264549,66.02974952409741,118.35801067184111
PT0086,diabetes,35.25298588958941,1,38.338526263691605,49.62068080143028,339,3,13.697638515697223,10.010360656056429,162.37784368790605,96.34809416380864,500.0,0.0,30.0,0.0,0.0,0.0,4.22800442184521,66.02974952409741,118.35801067184111
PT0086,diabetes,35.25298588958941,1,38.338526263691605,49.62068080143028,341,4,13.67007601793738,9.500878619554417,162.37784368790605,96.34809416380864,2000.0,10.0,10.0,0.0,0.0,0.0,4.219496797536672,66.02974952409741,118.35801067184111
PT0086,diabetes,35.25298588958941,1,38.338526263691605,49.62068080143028,353,5,13.686845216252214,10.404640880391272,162.37784368790605,96.34809416380864,1000.0,5.0,20.0,0.0,0.0,0.0,4.224672890083183,66.02974952409741,118.35801067184111
PT0086,diabetes,35.25298588958941,1,38.338526263691605,49.62068080143028,387,6,13.573104864785666,9.922885616765067,162.37784368790605,96.34809416380864,1000.0,10.0,10.0,0.0,0.0,0.0,4.189565034930509,66.02974952409741,118.35801067184111
PT0086,diabetes,35.25298588958941,1,38.338526263691605,49.62068080143028,516,7,14.063348419456457,10.26189138675926,162.37784368790605,96.34809416380864,500.0,0.0,0.0,0.0,0.0,0.0,4.34088687880556,66.02974952409741,118.35801067184111
PT0087,diabetes,74.03578369125293,0,34.32148561454461,56.8124219077752,0,0,14.402788801627628,11.723502475156037,162.37784368790605,96.34809416380864,0.0,5.0,0.0,0.0,0.0,0.0,4.445660810102395,66.02974952409741,118.35801067184111
PT0087,diabetes,74.03578369125293,0,34.32148561454461,56.8124219077752,133,1,14.798224625860058,10.383679480541742,162.37784368790605,96.34809416380864,1000.0,2.5,30.0,0.0,0.0,0.0,4.567718667848805,66.02974952409741,118.35801067184111
PT0087,diabetes,74.03578369125293,0,34.32148561454461,56.8124219077752,243,2,14.76199194829545,10.393212169810262,162.37784368790605,96.34809416380864,500.0,0.0,0.0,0.0,0.0,0.0,4.5565348480405286,66.02974952409741,118.35801067184111
PT0087,diabetes,74.03578369125293,0,34.32148561454461,56.8124219077752,488,3,15.346756029067949,11.029321801780176,162.37784368790605,96.34809416380864,500.0,2.5,10.0,0.0,0.0,0.0,4.737032027638974,66.02974952409741,118.35801067184111
PT0088,diabetes,68.84726117379951,1,22.54865636424369,75.23592882939481,0,0,15.15343616181642,10.52942321674562,162.37784368790605,96.34809416380864,2000.0,5.0,20.0,0.0,0.0,0.0,4.677360628614002,66.02974952409741,118.35801067184111
PT0088,diabetes,68.84726117379951,1,22.54865636424369,75.23592882939481,110,1,15.34315186533315,10.853609191058506,162.37784368790605,96.34809416380864,500.0,2.5,20.0,0.0,0.0,0.0,4.735919542432832,66.02974952409741,118.35801067184111
PT0088,diabetes,68.84726117379951,1,22.54865636424369,75.23592882939481,134,2,15.299585908556939,11.371169318987715,162.37784368790605,96.34809416380864,2000.0,2.5,30.0,0.0,0.0,0.0,4.722472183774575,66.02974952409741,118.35801067184111
PT0088,diabetes,68.84726117379951,1,22.54865636424369,75.23592882939481,329,3,15.683136820871406,11.793500641936525,162.37784368790605,96.34809416380864,2000.0,0.0,0.0,0.0,0.0,0.0,4.840861565375641,66.02974952409741,118.35801067184111
PT0088,diabetes,68.84726117379951,1,22.54865636424369,75.23592882939481,382,4,14.522652832438286,11.145933794904652,162.37784368790605,96.34809416380864,500.0,5.0,20.0,0.0,0.0,0.0,4.482658840945951,66.02974952409741,118.35801067184111
PT0089,diabetes,52.79343037127447,0,31.5947308861544,89.72401265158257,0,0,11.281496930724975,9.087068116849203,162.37784368790605,96.34809416380864,1000.0,0.0,30.0,0.0,0.0,0.0,3.482222052617109,66.02974952409741,118.35801067184111
PT0089,diabetes,52.79343037127447,0,31.5947308861544,89.72401265158257,295,1,10.984779736762246,9.024489353307207,162.37784368790605,96.34809416380864,2000.0,0.0,10.0,0.0,0.0,0.0,3.390635345413947,66.02974952409741,118.35801067184111
PT0089,diabetes,52.79343037127447,0,31.5947308861544,89.72401265158257,372,2,11.536538177672925,8.677811630418397,162.37784368790605,96.34809416380864,2000.0,2.5,0.0,0.0,0.0,0.0,3.560944784175043,66.02974952409741,118.35801067184111
PT0089,diabetes,52.79343037127447,0,31.5947308861544,89.72401265158257,582,3,12.841329754315243,9.504726434202116,162.37784368790605,96.34809416380864,1000.0,0.0,20.0,0.0,0.0,0.0,3.963690450831972,66.02974952409741,118.35801067184111
PT0090,diabetes,37.7048003051718,1,37.12451837130061,49.5702240066896,0,0,15.375723177066545,10.777970387989885,162.37784368790605,96.34809416380864,0.0,2.5,0.0,0.0,0.0,0.0,4.74597322065454,66.02974952409741,118.35801067184111
PT0090,diabetes,37.7048003051718,1,37.12451837130061,49.5702240066896,165,1,15.255952607987512,11.311413394999914,162.37784368790605,96.34809416380864,0.0,0.0,20.0,0.0,0.0,0.0,4.709004038332146,66.02974952409741,118.35801067184111
PT0090,diabetes,37.7048003051718,1,37.12451837130061,49.5702240066896,465,2,15.503571083354334,11.178259816400631,162.37784368790605,96.34809416380864,1000.0,5.0,0.0,0.0,0.0,0.0,4.785435607728705,66.02974952409741,118.35801067184111
PT0090,diabetes,37.7048003051718,1,37.12451837130061,49.5702240066896,662,3,14.899161949238058,11.346863639818759,162.37784368790605,96.34809416380864,2000.0,10.0,0.0,0.0,0.0,0.0,4.598874654998148,66.02974952409741,118.35801067184111
PT0090,diabetes,37.7048003051718,1,37.12451837130061,49.5702240066896,676,4,13.862236166933931,10.465698170394765,162.37784368790605,96.34809416380864,500.0,5.0,10.0,0.0,0.0,0.0,4.278810230193606,66.02974952409741,118.35801067184111
PT0090,diabetes,37.7048003051718,1,37.12451837130061,49.5702240066896,677,5,14.182417117521597,10.778545201074959,162.37784368790605,96.34809416380864,500.0,5.0,0.0,0.0,0.0,0.0,4.377639416941666,66.02974952409741,118.35801067184111
PT0091,diabetes,53.86411116660592,0,38.47498969947968,64.71116017960998,0,0,13.08441603487684,9.936006696746336,162.37784368790605,96.34809416380864,500.0,2.5,20.0,0.0,0.0,0.0,4.038723082765318,66.02974952409741,118.35801067184111
PT0091,diabetes,53.86411116660592,0,38.47498969947968,64.71116017960998,215,1,12.129624540596579,9.35551518026002,162.37784368790605,96.34809416380864,2000.0,0.0,20.0,0.0,0.0,0.0,3.7440107748641442,66.02974952409741,118.35801067184111
PT0091,diabetes,53.86411116660592,0,38.47498969947968,64.71116017960998,230,2,13.142605616416539,9.886117027167082,162.37784368790605,96.34809416380864,1000.0,0.0,10.0,0.0,0.0,0.0,4.056684266933905,66.02974952409741,118.35801067184111
PT0091,diabetes,53.86411116660592,0,38.47498969947968,64.71116017960998,375,3,12.991222351657585,9.51520501230044,162.37784368790605,96.34809416380864,500.0,0.0,0.0,0.0,0.0,0.0,4.009957299211641,66.02974952409741,118.35801067184111
PT0091,diabetes,53.86411116660592,0,38.47498969947968,64.71116017960998,559,4,12.917475905855742,9.304431425275592,162.37784368790605,96.34809416380864,2000.0,5.0,0.0,0.0,0.0,0.0,3.9871942296074723,66.02974952409741,118.35801067184111
PT0091,diabetes,53.86411116660592,0,38.47498969947968,64.71116017960998,690,5,12.386252222719005,9.732545954900521,162.37784368790605,96.34809416380864,1000.0,0.0,0.0,0.0,0.0,0.0,3.8232231860792663,66.02974952409741,118.35801067184111
PT0092,diabetes,57.69442236056234,1,26.25322182730538,64.2651867715458,0,0,15.70449660470471,11.32706120707042,162.37784368790605,96.34809416380864,1000.0,0.0,0.0,0.0,0.0,0.0,4.847454618652187,66.02974952409741,118.35801067184111
PT0092,diabetes,57.69442236056234,1,26.25322182730538,64.2651867715458,267,1,16.292403991480544,11.82197598284135,162.37784368790605,96.34809416380864,0.0,2.5,0.0,0.0,0.0,0.0,5.028922032036995,66.02974952409741,118.35801067184111
PT0092,diabetes,57.69442236056234,1,26.25322182730538,64.2651867715458,414,2,15.669672959902362,11.307106644497606,162.37784368790605,96.34809416380864,1000.0,0.0,0.0,0.0,0.0,0.0,4.836705720289863,66.02974952409741,118.35801067184111
PT0092,diabetes,57.69442236056234,1,26.25322182730538,64.2651867715458,537,3,17.04138335820607,11.685974193952514,162.37784368790605,96.34809416380864,2000.0,5.0,0.0,0.0,0.0,0.0,5.2601069965662735,66.02974952409741,118.35801067184111
PT0092,diabetes,57.69442236056234,1,26.25322182730538,64.2651867715458,576,4,16.255868886590402,11.45543306499228,162.37784368790605,96.34809416380864,2000.0,10.0,20.0,0.0,0.0,0.0,5.017644862994238,66.02974952409741,118.35801067184111
PT0092,diabetes,57.69442236056234,1,26.25322182730538,64.2651867715458,579,5,16.676973367884663,11.909988828365343,162.37784368790605,96.34809416380864,500.0,2.5,0.0,0.0,0.0,0.0,5.147625779553733,66.02974952409741,118.35801067184111
PT0092,diabetes,57.69442236056234,1,26.25322182730538,64.2651867715458,598,6,16.200081686673055,12.00096202610673,162.37784368790605,96.34809416380864,1000.0,2.5,0.0,0.0,0.0,0.0,5.000425213953084,66.02974952409741,118.35801067184111
PT0092,diabetes,57.69442236056234,1,26.25322182730538,64.2651867715458,649,7,16.787583691302295,12.5714428169123,162.37784368790605,96.34809416380864,1000.0,2.5,0.0,0.0,0.0,0.0,5.181767499381976,66.02974952409741,118.35801067184111
PT0093,diabetes,35.75406316151813,1,33.1253290883936,74.92571316104653,0,0,10.064135787556515,7.901952703113307,162.37784368790605,96.34809416380864,500.0,5.0,0.0,0.0,0.0,0.0,3.1064632464257778,66.02974952409741,118.35801067184111
PT0093,diabetes,35.75406316151813,1,33.1253290883936,74.92571316104653,65,1,9.902541126152649,8.015592352513904,162.37784368790605,96.34809416380864,1000.0,0.0,0.0,0.0,0.0,0.0,3.0565843609391177,66.02974952409741,118.35801067184111
PT0093,diabetes,35.75406316151813,1,33.1253290883936,74.92571316104653,157,2,11.301827655981562,8.99136051262377,162.37784368790605,96.34809416380864,1000.0,0.0,20.0,0.0,0.0,0.0,3.488497469812976,66.02974952409741,118.35801067184111
PT0093,diabetes,35.75406316151813,1,33.1253290883936,74.92571316104653,344,3,10.184411096527556,7.745479034321809,162.37784368790605,96.34809416380864,500.0,0.0,20.0,0.0,0.0,0.0,3.1435882251281724,66.02974952409741,118.35801067184111
PT0093,diabetes,35.75406316151813,1,33.1253290883936,74.92571316104653,355,4,9.994692107195945,7.608821708714124,162.37784368790605,96.34809416380864,2000.0,0.0,10.0,0.0,0.0,0.0,3.085028297087815,66.02974952409741,118.35801067184111
PT0093,diabetes,35.75406316151813,1,33.1253290883936,74.92571316104653,554,5,9.819394639204502,7.810448943581036,162.37784368790605,96.34809416380864,1000.0,0.0,0.0,0.0,0.0,0.0,3.0309198119677894,66.02974952409741,118.35801067184111
PT0093,diabetes,35.75406316151813,1,33.1253290883936,74.92571316104653,616,6,9.231877184982782,7.361077126888784,162.37784368790605,96.34809416380864,1000.0,5.0,10.0,0.0,0.0,0.0,2.8495727577646854,66.02974952409741,118.35801067184111
PT0093,diabetes,35.75406316151813,1,33.1253290883936,74.92571316104653,717,7,9.837185222651124,8.556598573681509,162.37784368790605,96.34809416380864,1000.0,0.0,10.0,0.0,0.0,0.0,3.036411172058314,66.02974952409741,118.35801067184111
PT0094,diabetes,41.41587220224322,1,35.59047479501041,47.415443018258216,0,0,12.510426630057442,9.304818891906523,162.37784368790605,96.34809416380864,1000.0,5.0,10.0,0.0,0.0,0.0,3.8615516864777306,66.02974952409741,118.35801067184111
PT0094,diabetes,41.41587220224322,1,35.59047479501041,47.415443018258216,174,1,12.272809143534662,9.251606483935143,162.37784368790605,96.34809416380864,1000.0,0.0,20.0,0.0,0.0,0.0,3.788207088971032,66.02974952409741,118.35801067184111
PT0094,diabetes,41.41587220224322,1,35.59047479501041,47.415443018258216,197,2,11.39365853857201,8.503808378865484,162.37784368790605,96.34809416380864,1000.0,5.0,20.0,0.0,0.0,0.0,3.5168426022392274,66.02974952409741,118.35801067184111
PT0094,diabetes,41.41587220224322,1,35.59047479501041,47.415443018258216,585,3,10.964568440089147,7.879176064520536,162.37784368790605,96.34809416380864,2000.0,0.0,30.0,0.0,0.0,0.0,3.3843967918408504,66.02974952409741,118.35801067184111
PT0094,diabetes,41.41587220224322,1,35.59047479501041,47.415443018258216,630,4,10.373568900167879,8.478870808419185,162.37784368790605,96.34809416380864,500.0,0.0,10.0,0.0,0.0,0.0,3.201974933851819,66.02974952409741,118.35801067184111
PT0094,diabetes,41.41587220224322,1,35.59047479501041,47.415443018258216,718,5,10.865360021767794,8.9429619930968,162.37784368790605,96.34809416380864,1000.0,0.0,20.0,0.0,0.0,0.0,3.353774460052326,66.02974952409741,118.35801067184111
PT0095,diabetes,46.470968430411794,0,24.448494013976315,80.70567534792954,0,0,10.633494606471572,8.042296760472246,162.37784368790605,96.34809416380864,1000.0,2.5,0.0,0.0,0.0,0.0,3.282205335197559,66.02974952409741,118.35801067184111
PT0095,diabetes,46.470968430411794,0,24.448494013976315,80.70567534792954,218,1,10.349382164847388,8.455326634745205,162.37784368790605,96.34809416380864,1000.0,5.0,0.0,0.0,0.0,0.0,3.194509294882894,66.02974952409741,118.35801067184111
PT0095,diabetes,46.470968430411794,0,24.448494013976315,80.70567534792954,310,2,9.098262450504993,7.520521460401051,162.37784368790605,96.34809416380864,500.0,0.0,10.0,0.0,0.0,0.0,2.8083303430558746,66.02974952409741,118.35801067184111
PT0095,diabetes,46.470968430411794,0,24.448494013976315,80.70567534792954,336,3,9.105871501240836,7.396890977813782,162.37784368790605,96.34809416380864,2000.0,0.0,0.0,0.0,0.0,0.0,2.810679003383005,66.02974952409741,118.35801067184111
PT0095,diabetes,46.470968430411794,0,24.448494013976315,80.70567534792954,486,4,8.602492168205794,6.832767615162631,162.37784368790605,96.34809416380864,1000.0,0.0,0.0,0.0,0.0,0.0,2.6553025825861885,66.02974952409741,118.35801067184111
PT0095,diabetes,46.470968430411794,0,24.448494013976315,80.70567534792954,519,5,9.946430118909099,7.992460694268149,162.37784368790605,96.34809416380864,2000.0,0.0,10.0,0.0,0.0,0.0,3.070131430036609,66.02974952409741,118.35801067184111
PT0095,diabetes,46.470968430411794,0,24.448494013976315,80.70567534792954,583,6,9.012383323836566,7.490340931231485,162.37784368790605,96.34809416380864,500.0,0.0,0.0,0.0,0.0,0.0,2.7818223192908866,66.02974952409741,118.35801067184111
PT0096,diabetes,40.691319142263694,1,24.004569510158582,53.60504393153278,0,0,11.800825329201405,9.20259905973885,162.37784368790605,96.34809416380864,0.0,10.0,0.0,0.0,0.0,0.0,3.6425214182801673,66.02974952409741,118.35801067184111
PT0096,diabetes,40.691319142263694,1,24.004569510158582,53.60504393153278,26,1,10.840205179648361,8.701224755923695,162.37784368790605,96.34809416380864,2000.0,0.0,0.0,0.0,0.0,0.0,3.3460099987847944,66.02974952409741,118.35801067184111
PT0096,diabetes,40.691319142263694,1,24.004569510158582,53.60504393153278,202,2,10.89922327578944,8.710923734369278,162.37784368790605,96.34809416380864,2000.0,0.0,10.0,0.0,0.0,0.0,3.364226917793674,66.02974952409741,118.35801067184111
PT0096,diabetes,40.691319142263694,1,24.004569510158582,53.60504393153278,220,3,11.009186627372756,8.907105743108971,162.37784368790605,96.34809416380864,0.0,0.0,20.0,0.0,0.0,0.0,3.398168938982391,66.02974952409741,118.35801067184111
PT0096,diabetes,40.691319142263694,1,24.004569510158582,53.60504393153278,616,4,10.995572906852335,8.528162923196385,162.37784368790605,96.34809416380864,2000.0,5.0,0.0,0.0,0.0,0.0,3.3939668372484206,66.02974952409741,118.35801067184111
PT0096,diabetes,40.691319142263694,1,24.004569510158582,53.60504393153278,714,5,10.877157507059163,8.152547502438953,162.37784368790605,96.34809416380864,2000.0,5.0,10.0,0.0,0.0,0.0,3.357415950512262,66.02974952409741,118.35801067184111
PT0097,diabetes,59.20707400012313,1,27.69628256347444,104.54855971415174,0,0,11.917997228379662,9.580383962522102,162.37784368790605,96.34809416380864,1000.0,2.5,0.0,0.0,0.0,0.0,3.6786884778265225,66.02974952409741,118.35801067184111
PT0097,diabetes,59.20707400012313,1,27.69628256347444,104.54855971415174,180,1,12.387948003237268,9.407401666095245,162.37784368790605,96.34809416380864,500.0,0.0,10.0,0.0,0.0,0.0,3.823746616999237,66.02974952409741,118.35801067184111
PT0097,diabetes,59.20707400012313,1,27.69628256347444,104.54855971415174,186,2,11.943301366171475,9.19144840507604,162.37784368790605,96.34809416380864,2000.0,0.0,20.0,0.0,0.0,0.0,3.6864990216915956,66.02974952409741,118.35801067184111
PT0097,diabetes,59.20707400012313,1,27.69628256347444,104.54855971415174,242,3,12.224450700978695,9.445316735816927,162.37784368790605,96.34809416380864,2000.0,5.0,0.0,0.0,0.0,0.0,3.7732804497020904,66.02974952409741,118.35801067184111
PT0097,diabetes,59.20707400012313,1,27.69628256347444,104.54855971415174,511,4,11.795506480890879,8.787211071582576,162.37784368790605,96.34809416380864,1000.0,0.0,0.0,0.0,0.0,0.0,3.6408796671016512,66.02974952409741,118.35801067184111
PT0097,diabetes,59.20707400012313,1,27.69628256347444,104.54855971415174,552,5,11.26475842880141,8.226854347336024,162.37784368790605,96.34809416380864,0.0,0.0,0.0,0.0,0.0,0.0,3.477055435023369,66.02974952409741,118.35801067184111
PT0097,diabetes,59.20707400012313,1,27.69628256347444,104.54855971415174,579,6,11.516754096102726,9.628384995133382,162.37784368790605,96.34809416380864,500.0,0.0,0.0,0.0,0.0,0.0,3.5548380976637084,66.02974952409741,118.35801067184111
PT0098,diabetes,69.72069177730089,0,35.49273242773557,53.894065960256576,0,0,13.31798882709933,9.782088297292992,162.37784368790605,96.34809416380864,1000.0,0.0,0.0,0.0,0.0,0.0,4.11081921796466,66.02974952409741,118.35801067184111
PT0098,diabetes,69.72069177730089,0,35.49273242773557,53.894065960256576,286,1,13.566517040546108,10.133163924086066,162.37784368790605,96.34809416380864,1000.0,0.0,0.0,0.0,0.0,0.0,4.187531593181899,66.02974952409741,118.35801067184111
PT0098,diabetes,69.72069177730089,0,35.49273242773557,53.894065960256576,421,2,13.599574384740492,10.035166591977022,162.37784368790605,96.34809416380864,0.0,0.0,0.0,0.0,0.0,0.0,4.197735293423232,66.02974952409741,118.35801067184111
PT0098,diabetes,69.72069177730089,0,35.49273242773557,53.894065960256576,659,3,13.544490775066823,10.320082674427065,162.37784368790605,96.34809416380864,500.0,5.0,20.0,0.0,0.0,0.0,4.180732819237293,66.02974952409741,118.35801067184111
PT0098,diabetes,69.72069177730089,0,35.49273242773557,53.894065960256576,664,4,12.68723227579143,9.77384066674548,162.37784368790605,96.34809416380864,2000.0,5.0,10.0,0.0,0.0,0.0,3.9161256957942885,66.02974952409741,118.35801067184111
PT0098,diabetes,69.72069177730089,0,35.49273242773557,53.894065960256576,696,5,13.240841664126032,9.691644536909953,162.37784368790605,96.34809416380864,1000.0,0.0,0.0,0.0,0.0,0.0,4.087006460326902,66.02974952409741,118.35801067184111
PT0099,diabetes,68.06191445958187,0,23.32652497849012,45.69899164400166,0,0,10.455838923401192,8.190603754957332,162.37784368790605,96.34809416380864,500.0,0.0,0.0,0.0,0.0,0.0,3.227368947689835,66.02974952409741,118.35801067184111
PT0099,diabetes,68.06191445958187,0,23.32652497849012,45.69899164400166,126,1,10.014568931382282,7.903889935198927,162.37784368790605,96.34809416380864,500.0,0.0,20.0,0.0,0.0,0.0,3.091163610153331,66.02974952409741,118.35801067184111
PT0099,diabetes,68.06191445958187,0,23.32652497849012,45.69899164400166,437,2,10.360817151788211,7.776089975713012,162.37784368790605,96.34809416380864,2000.0,0.0,0.0,0.0,0.0,0.0,3.198038894185295,66.02974952409741,118.35801067184111
PT0099,diabetes,68.06191445958187,0,23.32652497849012,45.69899164400166,491,3,9.831081623353624,7.88709800893426,162.37784368790605,96.34809416380864,1000.0,0.0,10.0,0.0,0.0,0.0,3.0345271944084855,66.02974952409741,118.35801067184111
PT0099,diabetes,68.06191445958187,0,23.32652497849012,45.69899164400166,532,4,9.696649848188343,7.544797462266041,162.37784368790605,96.34809416380864,500.0,2.5,20.0,0.0,0.0,0.0,2.9930325864741354,66.02974952409741,118.35801067184111
PT0100,diabetes,50.50002142155073,1,24.69521574880187,83.79442674577902,0,0,14.605966143039241,11.40943304554272,162.37784368790605,96.34809416380864,1000.0,10.0,0.0,0.0,0.0,0.0,4.508374882818113,66.02974952409741,118.35801067184111
PT0100,diabetes,50.50002142155073,1,24.69521574880187,83.79442674577902,210,1,12.796396234372631,9.896894841657685,162.37784368790605,96.34809416380864,1000.0,0.0,0.0,0.0,0.0,0.0,3.9498209710096854,66.02974952409741,118.35801067184111
PT0100,diabetes,50.50002142155073,1,24.69521574880187,83.79442674577902,373,2,13.92563879407927,10.492257959470306,162.37784368790605,96.34809416380864,2000.0,0.0,20.0,0.0,0.0,0.0,4.2983805077724675,66.02974952409741,118.35801067184111
PT0100,diabetes,50.50002142155073,1,24.69521574880187,83.79442674577902,399,3,14.113344955017931,10.377422728313029,162.37784368790605,96.34809416380864,2000.0,0.0,20.0,0.0,0.0,0.0,4.356319142782202,66.02974952409741,118.35801067184111
PT0100,diabetes,50.50002142155073,1,24.69521574880187,83.79442674577902,413,4,14.612891130644003,10.81512818269926,162.37784368790605,96.34809416380864,500.0,0.0,0.0,0.0,0.0,0.0,4.5105123956587825,66.02974952409741,118.35801067184111
PT0100,diabetes,50.50002142155073,1,24.69521574880187,83.79442674577902,489,5,13.661548017598822,10.814191992571578,162.37784368790605,96.34809416380864,1000.0,2.5,0.0,0.0,0.0,0.0,4.216864488098836,66.02974952409741,118.35801067184111
PT0100,diabetes,50.50002142155073,1,24.69521574880187,83.79442674577902,571,6,13.952585500312434,10.424296156992064,162.37784368790605,96.34809416380864,1000.0,0.0,0.0,0.0,0.0,0.0,4.306698057763105,66.02974952409741,118.35801067184111
PT0101,diabetes,41.149411179553674,1,28.54834567896346,92.08340616478208,0,0,14.948355645285536,10.425998011245468,162.37784368790605,96.34809416380864,1000.0,10.0,10.0,0.0,0.0,0.0,4.614059109178136,66.02974952409741,118.35801067184111
PT0101,diabetes,41.149411179553674,1,28.54834567896346,92.08340616478208,193,1,15.706914424973116,11.563733650691454,162.37784368790605,96.34809416380864,500.0,2.5,10.0,0.0,0.0,0.0,4.848200919175035,66.02974952409741,118.35801067184111
PT0101,diabetes,41.149411179553674,1,28.54834567896346,92.08340616478208,348,2,14.49970064092368,10.735276448738542,162.37784368790605,96.34809416380864,2000.0,5.0,0.0,0.0,0.0,0.0,4.475574264498443,66.02974952409741,118.35801067184111
PT0101,diabetes,41.149411179553674,1,28.54834567896346,92.08340616478208,476,3,15.440391047812152,11.118601524309273,162.37784368790605,96.34809416380864,0.0,2.5,10.0,0.0,0.0,0.0,4.765934036758018,66.02974952409741,118.35801067184111
PT0101,diabetes,41.149411179553674,1,28.54834567896346,92.08340616478208,567,4,14.916707851857625,11.621646452017268,162.37784368790605,96.34809416380864,1000.0,5.0,0.0,0.0,0.0,0.0,4.604290490273387,66.02974952409741,118.35801067184111
PT0102,diabetes,71.5601882180387,1,38.391952760500786,59.55573545999948,0,0,14.784831141788944,11.281368098757866,162.37784368790605,96.34809416380864,1000.0,0.0,0.0,0.0,0.0,0.0,4.56358454576552,66.02974952409741,118.35801067184111
PT0102,diabetes,71.5601882180387,1,38.391952760500786,59.55573545999948,149,1,13.886466770960626,10.11247895266433,162.37784368790605,96.34809416380864,500.0,5.0,10.0,0.0,0.0,0.0,4.2862894099698465,66.02974952409741,118.35801067184111
PT0102,diabetes,71.5601882180387,1,38.391952760500786,59.55573545999948,295,2,14.463606800465003,11.102086393228399,162.37784368790605,96.34809416380864,1000.0,5.0,0.0,0.0,0.0,0.0,4.464433299076864,66.02974952409741,118.35801067184111
PT0102,diabetes,71.5601882180387,1,38.391952760500786,59.55573545999948,296,3,13.197525035753364,9.950437901400901,162.37784368790605,96.34809416380864,1000.0,0.0,10.0,0.0,0.0,0.0,4.073636061035871,66.02974952409741,118.35801067184111
PT0102,diabetes,71.5601882180387,1,38.391952760500786,59.55573545999948,334,4,14.827874648635003,11.32681710765352,162.37784368790605,96.34809416380864,1000.0,2.5,20.0,0.0,0.0,0.0,4.576870641545338,66.02974952409741,118.35801067184111
PT0102,diabetes,71.5601882180387,1,38.391952760500786,59.55573545999948,369,5,13.472980642844954,10.07405016688054,162.37784368790605,96.34809416380864,500.0,0.0,0.0,0.0,0.0,0.0,4.158660025091476,66.02974952409741,118.35801067184111
PT0102,diabetes,71.5601882180387,1,38.391952760500786,59.55573545999948,419,6,13.879828901263972,10.031890618853387,162.37784368790605,96.34809416380864,2000.0,0.0,0.0,0.0,0.0,0.0,4.284240520856812,66.02974952409741,118.35801067184111
PT0102,diabetes,71.5601882180387,1,38.391952760500786,59.55573545999948,552,7,13.058544633186468,9.826449113054036,162.37784368790605,96.34809416380864,500.0,0.0,0.0,0.0,0.0,0.0,4.030737443443557,66.02974952409741,118.35801067184111
PT0103,diabetes,44.83138705995694,0,39.98004787757962,59.92740185557277,0,0,10.575018500014789,8.616816482144172,162.37784368790605,96.34809416380864,2000.0,0.0,0.0,0.0,0.0,0.0,3.264155710337898,66.02974952409741,118.35801067184111
PT0103,diabetes,44.83138705995694,0,39.98004787757962,59.92740185557277,108,1,10.388255387331965,8.345091926880004,162.37784368790605,96.34809416380864,500.0,2.5,30.0,0.0,0.0,0.0,3.2065081628898,66.02974952409741,118.35801067184111
PT0103,diabetes,44.83138705995694,0,39.98004787757962,59.92740185557277,126,2,11.198557750672292,8.74841513744771,162.37784368790605,96.34809416380864,2000.0,2.5,0.0,0.0,0.0,0.0,3.4566214923741807,66.02974952409741,118.35801067184111
PT0103,diabetes,44.83138705995694,0,39.98004787757962,59.92740185557277,157,3,10.73298612126824,8.256396888503044,162.37784368790605,96.34809416380864,500.0,2.5,10.0,0.0,0.0,0.0,3.312915049431463,66.02974952409741,118.35801067184111
PT0103,diabetes,44.83138705995694,0,39.98004787757962,59.92740185557277,173,4,10.671722028893212,8.2872746385033,162.37784368790605,96.34809416380864,1000.0,0.0,0.0,0.0,0.0,0.0,3.2940048662517047,66.02974952409741,118.35801067184111
PT0103,diabetes,44.83138705995694,0,39.98004787757962,59.92740185557277,227,5,9.69958111418197,7.595386751719123,162.37784368790605,96.34809416380864,1000.0,0.0,0.0,0.0,0.0,0.0,2.9939373705775014,66.02974952409741,118.35801067184111
PT0103,diabetes,44.83138705995694,0,39.98004787757962,59.92740185557277,399,6,11.042709031812464,8.912060280096211,162.37784368790605,96.34809416380864,500.0,0.0,0.0,0.0,0.0,0.0,3.4085161878194477,66.02974952409741,118.35801067184111
PT0103,diabetes,44.83138705995694,0,39.98004787757962,59.92740185557277,549,7,10.990322168804948,8.02762131247959,162.37784368790605,96.34809416380864,2000.0,0.0,0.0,0.0,0.0,0.0,3.3923461094377942,66.02974952409741,118.35801067184111
PT0104,diabetes,55.39955718047459,1,25.091556629231572,84.78974192111842,0,0,12.363976545338888,9.27924449817971,162.37784368790605,96.34809416380864,2000.0,2.5,0.0,0.0,0.0,0.0,3.8163474269946036,66.02974952409741,118.35801067184111
PT0104,diabetes,55.39955718047459,1,25.091556629231572,84.78974192111842,157,1,11.500436623320239,9.126933478214747,162.37784368790605,96.34809416380864,2000.0,2.5,0.0,0.0,0.0,0.0,3.5498014377315137,66.02974952409741,118.35801067184111
PT0104,diabetes,55.39955718047459,1,25.091556629231572,84.78974192111842,207,2,12.084181156915289,8.916039697691717,162.37784368790605,96.34809416380864,500.0,0.0,30.0,0.0,0.0,0.0,3.729983917101186,66.02974952409741,118.35801067184111
PT0104,diabetes,55.39955718047459,1,25.091556629231572,84.78974192111842,324,3,11.26408008500447,8.662222157758103,162.37784368790605,96.34809416380864,2000.0,0.0,30.0,0.0,0.0,0.0,3.4768460529047136,66.02974952409741,118.35801067184111
PT0104,diabetes,55.39955718047459,1,25.091556629231572,84.78974192111842,592,4,11.142123312543713,8.882735330979619,162.37784368790605,96.34809416380864,1000.0,2.5,0.0,0.0,0.0,0.0,3.4392020624718262,66.02974952409741,118.35801067184111
PT0104,diabetes,55.39955718047459,1,25.091556629231572,84.78974192111842,594,5,10.980483031365072,8.093521777807847,162.37784368790605,96.34809416380864,2000.0,2.5,0.0,0.0,0.0,0.0,3.3893090956813525,66.02974952409741,118.35801067184111
PT0104,diabetes,55.39955718047459,1,25.091556629231572,84.78974192111842,618,6,9.683014736124811,7.3816350370820185,162.37784368790605,96.34809416380864,0.0,0.0,0.0,0.0,0.0,0.0,2.9888238818838584,66.02974952409741,118.35801067184111
PT0105,diabetes,49.654886196379614,0,24.23470023239221,66.56782064175081,0,0,15.449905390341906,11.357565972425284,162.37784368790605,96.34809416380864,2000.0,2.5,0.0,0.0,0.0,0.0,4.768870797152202,66.02974952409741,118.35801067184111
PT0105,diabetes,49.654886196379614,0,24.23470023239221,66.56782064175081,221,1,15.248378932325505,11.013446762889684,162.37784368790605,96.34809416380864,1000.0,2.5,0.0,0.0,0.0,0.0,4.7066662971111395,66.02974952409741,118.35801067184111
PT0105,diabetes,49.654886196379614,0,24.23470023239221,66.56782064175081,298,2,14.624754015245253,10.76064368209921,162.37784368790605,96.34809416380864,2000.0,2.5,20.0,0.0,0.0,0.0,4.514174072705702,66.02974952409741,118.35801067184111
PT0105,diabetes,49.654886196379614,0,24.23470023239221,66.56782064175081,360,3,14.58595403976807,10.582302179980017,162.37784368790605,96.34809416380864,0.0,0.0,0.0,0.0,0.0,0.0,4.5021978136084115,66.02974952409741,118.35801067184111
PT0105,diabetes,49.654886196379614,0,24.23470023239221,66.56782064175081,440,4,15.675837667585844,11.631888914622921,162.37784368790605,96.34809416380864,500.0,0.0,10.0,0.0,0.0,0.0,4.838608560061497,66.02974952409741,118.35801067184111
PT0105,diabetes,49.654886196379614,0,24.23470023239221,66.56782064175081,467,5,15.718138360689624,11.438725120946355,162.37784368790605,96.34809416380864,0.0,2.5,10.0,0.0,0.0,0.0,4.851665373999531,66.02974952409741,118.35801067184111
PT0105,diabetes,49.654886196379614,0,24.23470023239221,66.56782064175081,528,6,15.812181986022765,11.267073188485458,162.37784368790605,96.34809416380864,500.0,0.0,0.0,0.0,0.0,0.0,4.88069350635236,66.02974952409741,118.35801067184111
PT0105,diabetes,49.654886196379614,0,24.23470023239221,66.56782064175081,624,7,17.03513277725849,12.30219245796913,162.37784368790605,96.34809416380864,0.0,5.0,10.0,0.0,0.0,0.0,5.258177650580454,66.02974952409741,118.35801067184111
PT0106,diabetes,71.6175340210886,1,29.306999154783455,71.32673722256357,0,0,14.756278339511926,11.033652881777675,162.37784368790605,96.34809416380864,2000.0,0.0,0.0,0.0,0.0,0.0,4.554771247462681,66.02974952409741,118.35801067184111
PT0106,diabetes,71.6175340210886,1,29.306999154783455,71.32673722256357,38,1,14.824521304423163,10.897905443474162,162.37784368790605,96.34809416380864,1000.0,0.0,20.0,0.0,0.0,0.0,4.575835575965283,66.02974952409741,118.35801067184111
PT0106,diabetes,71.6175340210886,1,29.306999154783455,71.32673722256357,65,2,14.904210564251414,10.498106426628937,162.37784368790605,96.34809416380864,500.0,0.0,0.0,0.0,0.0,0.0,4.600432994165604,66.02974952409741,118.35801067184111
PT0106,diabetes,71.6175340210886,1,29.306999154783455,71.32673722256357,138,3,14.620612638558962,10.824929402467275,162.37784368790605,96.34809416380864,500.0,0.0,0.0,0.0,0.0,0.0,4.512895767768533,66.02974952409741,118.35801067184111
PT0106,diabetes,71.6175340210886,1,29.306999154783455,71.32673722256357,169,4,15.306238112819,11.269483721277828,162.37784368790605,96.34809416380864,1000.0,2.5,0.0,0.0,0.0,0.0,4.724525497490132,66.02974952409741,118.35801067184111
PT0106,diabetes,71.6175340210886,1,29.306999154783455,71.32673722256357,256,5,15.0898243068957,10.925202979311981,162.37784368790605,96.34809416380864,1000.0,2.5,20.0,0.0,0.0,0.0,4.65772576939514,66.02974952409741,118.35801067184111
PT0106,diabetes,71.6175340210886,1,29.306999154783455,71.32673722256357,701,6,14.346790309843419,10.636097137668287,162.37784368790605,96.34809416380864,500.0,0.0,20.0,0.0,0.0,0.0,4.428375942305002,66.02974952409741,118.35801067184111
PT0107,diabetes,59.33801479175031,0,27.977821381138085,74.14325422634982,0,0,9.893768685954809,8.132516809086761,162.37784368790605,96.34809416380864,2000.0,2.5,0.0,0.0,0.0,0.0,3.053876601064718,66.02974952409741,118.35801067184111
PT0107,diabetes,59.33801479175031,0,27.977821381138085,74.14325422634982,128,1,8.668707146650611,7.015058545400002,162.37784368790605,96.34809416380864,1000.0,2.5,0.0,0.0,0.0,0.0,2.6757409392661553,66.02974952409741,118.35801067184111
PT0107,diabetes,59.33801479175031,0,27.977821381138085,74.14325422634982,143,2,8.279303877309417,6.479580567672336,162.37784368790605,96.34809416380864,2000.0,5.0,0.0,0.0,0.0,0.0,2.5555451301295067,66.02974952409741,118.35801067184111
PT0107,diabetes,59.33801479175031,0,27.977821381138085,74.14325422634982,399,3,7.957744865851563,6.333644097175148,162.37784368790605,96.34809416380864,1000.0,0.0,0.0,0.0,0.0,0.0,2.4562905819261824,66.02974952409741,118.35801067184111
PT0107,diabetes,59.33801479175031,0,27.977821381138085,74.14325422634982,437,4,8.22759028166788,7.025582819501755,162.37784368790605,96.34809416380864,2000.0,0.0,0.0,0.0,0.0,0.0,2.5395828669414855,66.02974952409741,118.35801067184111
PT0107,diabetes,59.33801479175031,0,27.977821381138085,74.14325422634982,563,5,8.095572633088484,6.506287403589648,162.37784368790605,96.34809416380864,500.0,2.5,10.0,0.0,0.0,0.0,2.498833419413312,66.02974952409741,118.35801067184111
PT0107,diabetes,59.33801479175031,0,27.977821381138085,74.14325422634982,565,6,8.495193070344612,7.152284541800416,162.37784368790605,96.34809416380864,500.0,10.0,0.0,0.0,0.0,0.0,2.622182927713037,66.02974952409741,118.35801067184111
PT0107,diabetes,59.33801479175031,0,27.977821381138085,74.14325422634982,616,7,8.089868575966532,6.834517110425772,162.37784368790605,96.34809416380864,0.0,0.0,0.0,0.0,0.0,0.0,2.497072767115003,66.02974952409741,118.35801067184111
PT0108,diabetes,61.0377569368715,1,38.70952839574823,83.7164321706656,0,0,10.095322486658926,8.124338788529414,162.37784368790605,96.34809416380864,1000.0,5.0,30.0,0.0,0.0,0.0,3.1160895408820553,66.02974952409741,118.35801067184111
PT0108,diabetes,61.0377569368715,1,38.70952839574823,83.7164321706656,298,1,10.12442772296794,8.153455257431203,162.37784368790605,96.34809416380864,1000.0,10.0,0.0,0.0,0.0,0.0,3.1250733571561042,66.02974952409741,118.35801067184111
PT0108,diabetes,61.0377569368715,1,38.70952839574823,83.7164321706656,343,2,10.32043516507104,7.824374768572122,162.37784368790605,96.34809416380864,2000.0,0.0,0.0,0.0,0.0,0.0,3.1855743209519276,66.02974952409741,118.35801067184111
PT0108,diabetes,61.0377569368715,1,38.70952839574823,83.7164321706656,381,3,8.754035613698768,7.35680640647416,162.37784368790605,96.34809416380864,1000.0,5.0,10.0,0.0,0.0,0.0,2.7020789927616864,66.02974952409741,118.35801067184111
PT0108,diabetes,61.0377569368715,1,38.70952839574823,83.7164321706656,473,4,10.197769095014698,7.856826874949329,162.37784368790605,96.34809416380864,0.0,5.0,10.0,0.0,0.0,0.0,3.1477113939945367,66.02974952409741,118.35801067184111
PT0108,diabetes,61.0377569368715,1,38.70952839574823,83.7164321706656,542,5,8.801404810649124,7.201398362621495,162.37784368790605,96.34809416380864,500.0,0.0,0.0,0.0,0.0,0.0,2.71670028488703,66.02974952409741,118.35801067184111
PT0108,diabetes,61.0377569368715,1,38.70952839574823,83.7164321706656,657,6,10.116298423504633,7.5336255614724195,162.37784368790605,96.34809416380864,2000.0,0.0,10.0,0.0,0.0,0.0,3.12256411338843,66.02974952409741,118.35801067184111
PT0109,diabetes,65.98810372044909,1,25.397185978173326,92.27505637578301,0,0,10.68012883983031,8.744954955550881,162.37784368790605,96.34809416380864,1000.0,0.0,0.0,0.0,0.0,0.0,3.2965997685609563,66.02974952409741,118.35801067184111
PT0109,diabetes,65.98810372044909,1,25.397185978173326,92.27505637578301,117,1,10.594224364621923,7.833989252189872,162.37784368790605,96.34809416380864,0.0,10.0,10.0,0.0,0.0,0.0,3.270083920546633,66.02974952409741,118.35801067184111
PT0109,diabetes,65.98810372044909,1,25.397185978173326,92.27505637578301,163,2,9.966311933114417,8.385407720868859,162.37784368790605,96.34809416380864,2000.0,2.5,0.0,0.0,0.0,0.0,3.07626828335465,66.02974952409741,118.35801067184111
PT0109,diabetes,65.98810372044909,1,25.397185978173326,92.27505637578301,192,3,9.775603981026643,7.94474877767203,162.37784368790605,96.34809416380864,500.0,10.0,10.0,0.0,0.0,0.0,3.017403095476891,66.02974952409741,118.35801067184111
PT0109,diabetes,65.98810372044909,1,25.397185978173326,92.27505637578301,361,4,9.727755116118075,8.253286832542601,162.37784368790605,96.34809416380864,1000.0,5.0,0.0,0.0,0.0,0.0,3.0026337458417793,66.02974952409741,118.35801067184111
PT0109,diabetes,65.98810372044909,1,25.397185978173326,92.27505637578301,544,5,9.423898941725774,7.823623296457696,162.37784368790605,96.34809416380864,1000.0,10.0,20.0,0.0,0.0,0.0,2.908843473346022,66.02974952409741,118.35801067184111
PT0109,diabetes,65.98810372044909,1,25.397185978173326,92.27505637578301,589,6,9.46683217618058,7.64305363467544,162.37784368790605,96.34809416380864,1000.0,2.5,0.0,0.0,0.0,0.0,2.922095531714406,66.02974952409741,118.35801067184111
PT0109,diabetes,65.98810372044909,1,25.397185978173326,92.27505637578301,646,7,8.628050946794867,6.854902781622664,162.37784368790605,96.34809416380864,2000.0,0.0,30.0,0.0,0.0,0.0,2.663191725577349,66.02974952409741,118.35801067184111
PT0110,diabetes,40.131656975084404,1,25.772736069881976,74.31172717741909,0,0,11.932523323670182,9.35872280520099,162.37784368790605,96.34809416380864,1000.0,0.0,0.0,0.0,0.0,0.0,3.6831721992395297,66.02974952409741,118.35801067184111
PT0110,diabetes,40.131656975084404,1,25.772736069881976,74.31172717741909,435,1,10.833094422436801,8.464935214949557,162.37784368790605,96.34809416380864,2000.0,5.0,10.0,0.0,0.0,0.0,3.343815145058826,66.02974952409741,118.35801067184111
PT0110,diabetes,40.131656975084404,1,25.772736069881976,74.31172717741909,566,2,10.867619804411627,8.388677066420646,162.37784368790605,96.34809416380864,0.0,10.0,0.0,0.0,0.0,0.0,3.354471979628389,66.02974952409741,118.35801067184111
PT0110,diabetes,40.131656975084404,1,25.772736069881976,74.31172717741909,657,3,11.022522020101261,8.360758246603023,162.37784368790605,96.34809416380864,0.0,5.0,10.0,0.0,0.0,0.0,3.40228513020459,66.02974952409741,118.35801067184111
PT0110,diabetes,40.131656975084404,1,25.772736069881976,74.31172717741909,680,4,12.166548602257519,8.90529251386648,162.37784368790605,96.34809416380864,1000.0,0.0,0.0,0.0,0.0,0.0,3.755408001896821,66.02974952409741,118.35801067184111
PT0111,diabetes,52.746782979308016,0,29.72962089438751,88.77892031901166,0,0,10.699094659000469,8.645474545316716,162.37784368790605,96.34809416380864,500.0,5.0,0.0,0.0,0.0,0.0,3.3024538847448115,66.02974952409741,118.35801067184111
PT0111,diabetes,52.746782979308016,0,29.72962089438751,88.77892031901166,126,1,10.372016741326807,7.7923591387306645,162.37784368790605,96.34809416380864,2000.0,2.5,0.0,0.0,0.0,0.0,3.2014958341562076,66.02974952409741,118.35801067184111
PT0111,diabetes,52.746782979308016,0,29.72962089438751,88.77892031901166,138,2,10.178501441102805,7.842514583154293,162.37784368790605,96.34809416380864,1000.0,0.0,30.0,0.0,0.0,0.0,3.1417641114870656,66.02974952409741,118.35801067184111
PT0111,diabetes,52.746782979308016,0,29.72962089438751,88.77892031901166,318,3,10.249746848990826,8.761547483837973,162.37784368790605,96.34809416380864,500.0,5.0,0.0,0.0,0.0,0.0,3.1637551940551685,66.02974952409741,118.35801067184111
PT0111,diabetes,52.746782979308016,0,29.72962089438751,88.77892031901166,347,4,9.397916881596991,7.845213738746294,162.37784368790605,96.34809416380864,2000.0,5.0,0.0,0.0,0.0,0.0,2.900823677452938,66.02974952409741,118.35801067184111
PT0111,diabetes,52.746782979308016,0,29.72962089438751,88.77892031901166,410,5,9.30923548128781,7.460936218565071,162.37784368790605,96.34809416380864,2000.0,0.0,0.0,0.0,0.0,0.0,2.8734506852241712,66.02974952409741,118.35801067184111
PT0111,diabetes,52.746782979308016,0,29.72962089438751,88.77892031901166,445,6,9.631898360800184,7.287761222072972,162.37784368790605,96.34809416380864,1000.0,2.5,0.0,0.0,0.0,0.0,2.9730459607003232,66.02974952409741,118.35801067184111
PT0112,diabetes,62.06954517957654,1,37.312431375066815,93.88898770138005,0,0,13.740530396748714,10.713816423792615,162.37784368790605,96.34809416380864,1000.0,10.0,0.0,0.0,0.0,0.0,4.241243715796437,66.02974952409741,118.35801067184111
PT0112,diabetes,62.06954517957654,1,37.312431375066815,93.88898770138005,77,1,13.480130232334155,9.963517004719652,162.37784368790605,96.34809416380864,1000.0,2.5,20.0,0.0,0.0,0.0,4.160866865047142,66.02974952409741,118.35801067184111
PT0112,diabetes,62.06954517957654,1,37.312431375066815,93.88898770138005,92,2,13.549951627184722,9.832555316271524,162.37784368790605,96.34809416380864,1000.0,0.0,0.0,0.0,0.0,0.0,4.182418402257684,66.02974952409741,118.35801067184111
PT0112,diabetes,62.06954517957654,1,37.312431375066815,93.88898770138005,234,3,13.90984327484545,10.081563070596443,162.37784368790605,96.34809416380864,2000.0,0.0,0.0,0.0,0.0,0.0,4.293504957502296,66.02974952409741,118.35801067184111
PT0112,diabetes,62.06954517957654,1,37.312431375066815,93.88898770138005,611,4,13.305899072651595,10.422504125147002,162.37784368790605,96.34809416380864,2000.0,2.5,0.0,0.0,0.0,0.0,4.107087513758459,66.02974952409741,118.35801067184111
PT0113,diabetes,37.74953207913646,1,29.972358963774933,65.2651448205646,0,0,9.34054475082488,7.349451668555002,162.37784368790605,96.34809416380864,1000.0,5.0,0.0,0.0,0.0,0.0,2.8831148130879463,66.02974952409741,118.35801067184111
PT0113,diabetes,37.74953207913646,1,29.972358963774933,65.2651448205646,317,1,9.848060520052583,7.943389176886061,162.37784368790605,96.34809416380864,1000.0,5.0,0.0,0.0,0.0,0.0,3.0397680138562304,66.02974952409741,118.35801067184111
PT0113,diabetes,37.74953207913646,1,29.972358963774933,65.2651448205646,601,2,8.96747131771106,7.146657883657323,162.37784368790605,96.34809416380864,0.0,0.0,0.0,0.0,0.0,0.0,2.767959480066814,66.02974952409741,118.35801067184111
PT0113,diabetes,37.74953207913646,1,29.972358963774933,65.2651448205646,698,3,9.773240054708948,8.019251539722957,162.37784368790605,96.34809416380864,1000.0,0.0,0.0,0.0,0.0,0.0,3.016673430220162,66.02974952409741,118.35801067184111
PT0114,diabetes,71.47486330668079,0,36.39038408368515,53.66197438801701,0,0,14.667397888287367,10.96500583118461,162.37784368790605,96.34809416380864,2000.0,0.0,20.0,0.0,0.0,0.0,4.527336814851368,66.02974952409741,118.35801067184111
PT0114,diabetes,71.47486330668079,0,36.39038408368515,53.66197438801701,259,1,14.179472143932621,11.047921952609043,162.37784368790605,96.34809416380864,1000.0,0.0,10.0,0.0,0.0,0.0,4.376730401760536,66.02974952409741,118.35801067184111
PT0114,diabetes,71.47486330668079,0,36.39038408368515,53.66197438801701,265,2,14.573644181382967,10.493212851511775,162.37784368790605,96.34809416380864,0.0,2.5,20.0,0.0,0.0,0.0,4.498398170653543,66.02974952409741,118.35801067184111
PT0114,diabetes,71.47486330668079,0,36.39038408368515,53.66197438801701,691,3,14.562199371119695,10.59769373783348,162.37784368790605,96.34809416380864,1000.0,0.0,10.0,0.0,0.0,0.0,4.494865539218946,66.02974952409741,118.35801067184111
PT0115,diabetes,69.2242184238778,1,35.49059732420661,63.921380640329375,0,0,14.42937389708133,10.406248898053565,162.37784368790605,96.34809416380864,500.0,2.5,30.0,0.0,0.0,0.0,4.453866742899105,66.02974952409741,118.35801067184111
PT0115,diabetes,69.2242184238778,1,35.49059732420661,63.921380640329375,75,1,14.819808640248645,11.067507453490546,162.37784368790605,96.34809416380864,2000.0,0.0,10.0,0.0,0.0,0.0,4.574380933623416,66.02974952409741,118.35801067184111
PT0115,diabetes,69.2242184238778,1,35.49059732420661,63.921380640329375,76,2,14.301226217977348,10.408546981175643,162.37784368790605,96.34809416380864,2000.0,10.0,0.0,0.0,0.0,0.0,4.414311825949008,66.02974952409741,118.35801067184111
PT0115,diabetes,69.2242184238778,1,35.49059732420661,63.921380640329375,173,3,14.894593403211251,11.39925431309313,162.37784368790605,96.34809416380864,0.0,5.0,0.0,0.0,0.0,0.0,4.59746449712454,66.02974952409741,118.35801067184111
PT0115,diabetes,69.2242184238778,1,35.49059732420661,63.921380640329375,181,4,14.179627274490159,10.168598273356965,162.37784368790605,96.34809416380864,2000.0,0.0,20.0,0.0,0.0,0.0,4.376778285392629,66.02974952409741,118.35801067184111
PT0115,diabetes,69.2242184238778,1,35.49059732420661,63.921380640329375,392,5,14.263083957290586,10.74028478261455,162.37784368790605,96.34809416380864,0.0,2.5,30.0,0.0,0.0,0.0,4.402538581483695,66.02974952409741,118.35801067184111
PT0115,diabetes,69.2242184238778,1,35.49059732420661,63.921380640329375,553,6,13.649072112031197,10.648509904571497,162.37784368790605,96.34809416380864,0.0,5.0,0.0,0.0,0.0,0.0,4.213013591913629,66.02974952409741,118.35801067184111
PT0115,diabetes,69.2242184238778,1,35.49059732420661,63.921380640329375,642,7,13.637555245518579,10.175195404373996,162.37784368790605,96.34809416380864,2000.0,2.5,0.0,0.0,0.0,0.0,4.209458719116735,66.02974952409741,118.35801067184111
PT0116,diabetes,40.7147847416343,1,26.314342615140188,48.4554761627573,0,0,8.362338124502221,7.095822178086164,162.37784368790605,96.34809416380864,0.0,0.0,20.0,0.0,0.0,0.0,2.5811750344296858,66.02974952409741,118.35801067184111
PT0116,diabetes,40.7147847416343,1,26.314342615140188,48.4554761627573,140,1,8.518814799139603,6.532207652138356,162.37784368790605,96.34809416380864,2000.0,0.0,20.0,0.0,0.0,0.0,2.629474168001091,66.02974952409741,118.35801067184111
PT0116,diabetes,40.7147847416343,1,26.314342615140188,48.4554761627573,233,2,8.75951858407468,7.256086744116848,162.37784368790605,96.34809416380864,2000.0,2.5,0.0,0.0,0.0,0.0,2.7037714029510513,66.02974952409741,118.35801067184111
PT0116,diabetes,40.7147847416343,1,26.314342615140188,48.4554761627573,438,3,9.125445961139212,7.203757269552682,162.37784368790605,96.34809416380864,2000.0,0.0,0.0,0.0,0.0,0.0,2.8167209866716365,66.02974952409741,118.35801067184111
PT0116,diabetes,40.7147847416343,1,26.314342615140188,48.4554761627573,542,4,8.090390917987275,6.719442484683925,162.37784368790605,96.34809416380864,1000.0,5.0,0.0,0.0,0.0,0.0,2.4972339966854054,66.02974952409741,118.35801067184111
PT0117,diabetes,50.84586980353201,1,32.894398494716526,94.41789350461265,0,0,15.796250816049218,11.74390330738695,162.37784368790605,96.34809416380864,1000.0,5.0,20.0,0.0,0.0,0.0,4.875776085220526,66.02974952409741,118.35801067184111
PT0117,diabetes,50.84586980353201,1,32.894398494716526,94.41789350461265,373,1,15.580661670412317,11.347381351520252,162.37784368790605,96.34809416380864,1000.0,2.5,0.0,0.0,0.0,0.0,4.809230902267268,66.02974952409741,118.35801067184111
PT0117,diabetes,50.84586980353201,1,32.894398494716526,94.41789350461265,436,2,16.713993709069587,12.215493224680351,162.37784368790605,96.34809416380864,2000.0,0.0,0.0,0.0,0.0,0.0,5.159052724866147,66.02974952409741,118.35801067184111
PT0117,diabetes,50.84586980353201,1,32.894398494716526,94.41789350461265,474,3,14.804134872181283,10.85612873493882,162.37784368790605,96.34809416380864,2000.0,2.5,0.0,0.0,0.0,0.0,4.569542963879956,66.02974952409741,118.35801067184111
PT0117,diabetes,50.84586980353201,1,32.894398494716526,94.41789350461265,475,4,15.602092024792249,11.143086978045195,162.37784368790605,96.34809416380864,2000.0,5.0,0.0,0.0,0.0,0.0,4.815845738319208,66.02974952409741,118.35801067184111
PT0117,diabetes,50.84586980353201,1,32.894398494716526,94.41789350461265,653,5,16.033768865389423,11.76308273038021,162.37784368790605,96.34809416380864,0.0,2.5,10.0,0.0,0.0,0.0,4.949089989783535,66.02974952409741,118.35801067184111
PT0118,diabetes,66.41350205950998,1,37.54480125737477,46.54033113771776,0,0,11.40914375172449,8.269973175882555,162.37784368790605,96.34809416380864,500.0,0.0,0.0,0.0,0.0,0.0,3.521622371365626,66.02974952409741,118.35801067184111
PT0118,diabetes,66.41350205950998,1,37.54480125737477,46.54033113771776,158,1,11.769906262982394,9.206445114331382,162.37784368790605,96.34809416380864,0.0,2.5,20.0,0.0,0.0,0.0,3.6329777331738993,66.02974952409741,118.35801067184111
PT0118,diabetes,66.41350205950998,1,37.54480125737477,46.54033113771776,506,2,11.732745874915485,8.462388942794576,162.37784368790605,96.34809416380864,2000.0,0.0,10.0,0.0,0.0,0.0,3.6215075600572466,66.02974952409741,118.35801067184111
PT0118,diabetes,66.41350205950998,1,37.54480125737477,46.54033113771776,509,3,11.047821511523424,8.693687310654983,162.37784368790605,96.34809416380864,1000.0,2.5,0.0,0.0,0.0,0.0,3.4100942398902303,66.02974952409741,118.35801067184111
PT0118,diabetes,66.41350205950998,1,37.54480125737477,46.54033113771776,630,4,11.791940000806722,8.783529751038103,162.37784368790605,96.34809416380864,1000.0,5.0,0.0,0.0,0.0,0.0,3.6397788135823417,66.02974952409741,118.35801067184111
PT0118,diabetes,66.41350205950998,1,37.54480125737477,46.54033113771776,677,5,10.922325928530231,8.594855604758719,162.37784368790605,96.34809416380864,1000.0,2.5,10.0,0.0,0.0,0.0,3.3713579366063313,66.02974952409741,118.35801067184111
PT0119,diabetes,68.32980155205297,1,24.490672472084864,96.85859404873088,0,0,15.029125041367433,11.198819837258409,162.37784368790605,96.34809416380864,1000.0,2.5,0.0,0.0,0.0,0.0,4.638989929435414,66.02974952409741,118.35801067184111
PT0119,diabetes,68.32980155205297,1,24.490672472084864,96.85859404873088,83,1,15.36186850284247,11.057800491342569,162.37784368790605,96.34809416380864,2000.0,0.0,0.0,0.0,0.0,0.0,4.7416967445440426,66.02974952409741,118.35801067184111
PT0119,diabetes,68.32980155205297,1,24.490672472084864,96.85859404873088,102,2,14.528414307885107,10.97660911490761,162.37784368790605,96.34809416380864,1000.0,0.0,10.0,0.0,0.0,0.0,4.484437216367203,66.02974952409741,118.35801067184111
PT0119,diabetes,68.32980155205297,1,24.490672472084864,96.85859404873088,214,3,14.77444198016172,10.632563074589061,162.37784368790605,96.34809416380864,1000.0,2.5,0.0,0.0,0.0,0.0,4.5603777578765845,66.02974952409741,118.35801067184111
PT0119,diabetes,68.32980155205297,1,24.490672472084864,96.85859404873088,322,4,14.28881529367138,11.183257752057855,162.37784368790605,96.34809416380864,500.0,5.0,0.0,0.0,0.0,0.0,4.410480987313233,66.02974952409741,118.35801067184111
PT0119,diabetes,68.32980155205297,1,24.490672472084864,96.85859404873088,381,5,15.144049370804723,11.384801035345376,162.37784368790605,96.34809416380864,500.0,5.0,0.0,0.0,0.0,0.0,4.6744632391217245,66.02974952409741,118.35801067184111
PT0119,diabetes,68.32980155205297,1,24.490672472084864,96.85859404873088,605,6,14.633925974584203,10.964196933083441,162.37784368790605,96.34809416380864,2000.0,5.0,20.0,0.0,0.0,0.0,4.5170051508216575,66.02974952409741,118.35801067184111
PT0119,diabetes,68.32980155205297,1,24.490672472084864,96.85859404873088,691,7,14.053514925534921,10.511490567111617,162.37784368790605,96.34809416380864,500.0,0.0,20.0,0.0,0.0,0.0,4.3378516070151125,66.02974952409741,118.35801067184111
PT0120,diabetes,47.416066361202745,1,26.331762560183762,95.23175095088595,0,0,14.360945742432481,10.88078544788268,162.37784368790605,96.34809416380864,500.0,0.0,0.0,0.0,0.0,0.0,4.432745252497493,66.02974952409741,118.35801067184111
PT0120,diabetes,47.416066361202745,1,26.331762560183762,95.23175095088595,112,1,14.3456804937669,10.64035922104191,162.37784368790605,96.34809416380864,1000.0,2.5,20.0,0.0,0.0,0.0,4.42803337907605,66.02974952409741,118.35801067184111
PT0120,diabetes,47.416066361202745,1,26.331762560183762,95.23175095088595,358,2,14.486723980782035,10.303689696223781,162.37784368790605,96.34809416380864,2000.0,10.0,0.0,0.0,0.0,0.0,4.471568802068055,66.02974952409741,118.35801067184111
PT0120,diabetes,47.416066361202745,1,26.331762560183762,95.23175095088595,708,3,14.290740579096598,10.61041404855342,162.37784368790605,96.34809416380864,1000.0,10.0,0.0,0.0,0.0,0.0,4.411075258747816,66.02974952409741,118.35801067184111
PT0121,diabetes,53.21905513766951,1,24.13944381226414,81.99627273802047,0,0,15.656016909828596,11.74464065863545,162.37784368790605,96.34809416380864,500.0,5.0,20.0,0.0,0.0,0.0,4.83249055283376,66.02974952409741,118.35801067184111
PT0121,diabetes,53.21905513766951,1,24.13944381226414,81.99627273802047,257,1,15.740530516130358,12.128122239738474,162.37784368790605,96.34809416380864,0.0,5.0,10.0,0.0,0.0,0.0,4.858577085978904,66.02974952409741,118.35801067184111
PT0121,diabetes,53.21905513766951,1,24.13944381226414,81.99627273802047,418,2,14.877380363149797,11.158594664370176,162.37784368790605,96.34809416380864,1000.0,0.0,30.0,0.0,0.0,0.0,4.592151405425571,66.02974952409741,118.35801067184111
PT0121,diabetes,53.21905513766951,1,24.13944381226414,81.99627273802047,550,3,15.178316680983226,11.190461294020427,162.37784368790605,96.34809416380864,1000.0,2.5,30.0,0.0,0.0,0.0,4.685040415530156,66.02974952409741,118.35801067184111
PT0121,diabetes,53.21905513766951,1,24.13944381226414,81.99627273802047,587,4,14.879746837388106,11.502692160751259,162.37784368790605,96.34809416380864,2000.0,0.0,20.0,0.0,0.0,0.0,4.592881857140462,66.02974952409741,118.35801067184111
PT0121,diabetes,53.21905513766951,1,24.13944381226414,81.99627273802047,620,5,14.422691823713055,10.91479549837783,162.37784368790605,96.34809416380864,2000.0,0.0,0.0,0.0,0.0,0.0,4.451804209586097,66.02974952409741,118.35801067184111
PT0121,diabetes,53.21905513766951,1,24.13944381226414,81.99627273802047,674,6,15.212179163000924,11.368645381210765,162.37784368790605,96.34809416380864,2000.0,0.0,20.0,0.0,0.0,0.0,4.695492634979619,66.02974952409741,118.35801067184111
PT0122,diabetes,51.12573009803574,1,24.781264746810653,71.09219206382613,0,0,11.549703206496684,9.855343372600535,162.37784368790605,96.34809416380864,1000.0,0.0,0.0,0.0,0.0,0.0,3.565008389738643,66.02974952409741,118.35801067184111
PT0122,diabetes,51.12573009803574,1,24.781264746810653,71.09219206382613,96,1,10.532066683845802,8.380902804870157,162.37784368790605,96.34809416380864,2000.0,0.0,0.0,0.0,0.0,0.0,3.250897916413738,66.02974952409741,118.35801067184111
PT0122,diabetes,51.12573009803574,1,24.781264746810653,71.09219206382613,170,2,10.834611470267133,8.677314200941485,162.37784368790605,96.34809416380864,1000.0,5.0,0.0,0.0,0.0,0.0,3.3442834071557885,66.02974952409741,118.35801067184111
PT0122,diabetes,51.12573009803574,1,24.781264746810653,71.09219206382613,410,3,11.356871895982117,8.350810341421914,162.37784368790605,96.34809416380864,500.0,2.5,0.0,0.0,0.0,0.0,3.505487791893147,66.02974952409741,118.35801067184111
PT0122,diabetes,51.12573009803574,1,24.781264746810653,71.09219206382613,474,4,12.20978768122016,9.674449405599134,162.37784368790605,96.34809416380864,500.0,2.5,0.0,0.0,0.0,0.0,3.768754464269956,66.02974952409741,118.35801067184111
PT0122,diabetes,51.12573009803574,1,24.781264746810653,71.09219206382613,533,5,11.427954772436125,9.274214716245067,162.37784368790605,96.34809416380864,500.0,0.0,20.0,0.0,0.0,0.0,3.527428706425284,66.02974952409741,118.35801067184111
PT0122,diabetes,51.12573009803574,1,24.781264746810653,71.09219206382613,581,6,11.275304801729705,8.705150374608202,162.37784368790605,96.34809416380864,2000.0,0.0,0.0,0.0,0.0,0.0,3.480310748800569,66.02974952409741,118.35801067184111
PT0122,diabetes,51.12573009803574,1,24.781264746810653,71.09219206382613,638,7,11.141106302685783,8.466563763954749,162.37784368790605,96.34809416380864,0.0,5.0,0.0,0.0,0.0,0.0,3.4388881454290114,66.02974952409741,118.35801067184111
PT0123,diabetes,47.71360134936595,0,26.409655461822922,45.35228698818287,0,0,10.773981136528585,7.990191100894532,162.37784368790605,96.34809416380864,1000.0,5.0,30.0,0.0,0.0,0.0,3.325568844141823,66.02974952409741,118.35801067184111
PT0123,diabetes,47.71360134936595,0,26.409655461822922,45.35228698818287,246,1,11.00112780445282,8.729899075520889,162.37784368790605,96.34809416380864,500.0,0.0,0.0,0.0,0.0,0.0,3.395681448974437,66.02974952409741,118.35801067184111
PT0123,diabetes,47.71360134936595,0,26.409655461822922,45.35228698818287,494,2,10.39582561466148,7.740667298736132,162.37784368790605,96.34809416380864,500.0,0.0,0.0,0.0,0.0,0.0,3.20884483972551,66.02974952409741,118.35801067184111
PT0123,diabetes,47.71360134936595,0,26.409655461822922,45.35228698818287,711,3,10.227686347248385,8.272810879361533,162.37784368790605,96.34809416380864,1000.0,0.0,0.0,0.0,0.0,0.0,3.156945852517335,66.02974952409741,118.35801067184111
PT0124,diabetes,57.47387788263876,1,28.13983670961504,82.08497095452982,0,0,14.532938758371497,11.409092028590617,162.37784368790605,96.34809416380864,2000.0,10.0,10.0,0.0,0.0,0.0,4.485833763417336,66.02974952409741,118.35801067184111
PT0124,diabetes,57.47387788263876,1,28.13983670961504,82.08497095452982,31,1,13.252552264189404,10.196839014060266,162.37784368790605,96.34809416380864,1000.0,0.0,0.0,0.0,0.0,0.0,4.09062113221313,66.02974952409741,118.35801067184111
PT0124,diabetes,57.47387788263876,1,28.13983670961504,82.08497095452982,109,2,13.80586857488211,10.561054092489691,162.37784368790605,96.34809416380864,1000.0,0.0,0.0,0.0,0.0,0.0,4.261411433446945,66.02974952409741,118.35801067184111
PT0124,diabetes,57.47387788263876,1,28.13983670961504,82.08497095452982,193,3,13.600522159266083,9.823602032534085,162.37784368790605,96.34809416380864,1000.0,0.0,0.0,0.0,0.0,0.0,4.198027839826797,66.02974952409741,118.35801067184111
PT0124,diabetes,57.47387788263876,1,28.13983670961504,82.08497095452982,217,4,13.94197633445825,10.236408652879797,162.37784368790605,96.34809416380864,1000.0,0.0,0.0,0.0,0.0,0.0,4.303423361902779,66.02974952409741,118.35801067184111
PT0124,diabetes,57.47387788263876,1,28.13983670961504,82.08497095452982,670,5,13.904551699831226,10.21771234926682,162.37784368790605,96.34809416380864,1000.0,10.0,0.0,0.0,0.0,0.0,4.291871624681239,66.02974952409741,118.35801067184111
PT0125,diabetes,50.279542359943235,1,32.7763805890837,61.099070044860554,0,0,10.401842506174237,7.510115314916443,162.37784368790605,96.34809416380864,500.0,0.0,0.0,0.0,0.0,0.0,3.2107020535724478,66.02974952409741,118.35801067184111
PT0125,diabetes,50.279542359943235,1,32.7763805890837,61.099070044860554,352,1,9.92212987925211,7.457509809849007,162.37784368790605,96.34809416380864,1000.0,0.0,0.0,0.0,0.0,0.0,3.0626307560624846,66.02974952409741,118.35801067184111
PT0125,diabetes,50.279542359943235,1,32.7763805890837,61.099070044860554,374,2,11.250850628076085,8.499225515612752,162.37784368790605,96.34809416380864,1000.0,0.0,0.0,0.0,0.0,0.0,3.4727625605328183,66.02974952409741,118.35801067184111
PT0125,diabetes,50.279542359943235,1,32.7763805890837,61.099070044860554,609,3,9.957699595277184,7.735981371598781,162.37784368790605,96.34809416380864,500.0,2.5,0.0,0.0,0.0,0.0,3.0736099417422245,66.02974952409741,118.35801067184111
PT0126,diabetes,73.54085456236706,1,33.0926312488449,69.61142272467407,0,0,9.897933250433582,7.459957636753833,162.37784368790605,96.34809416380864,2000.0,10.0,0.0,0.0,0.0,0.0,3.055162063300499,66.02974952409741,118.35801067184111
PT0126,diabetes,73.54085456236706,1,33.0926312488449,69.61142272467407,120,1,8.862980552620357,7.8026721854554495,162.37784368790605,96.34809416380864,500.0,10.0,0.0,0.0,0.0,0.0,2.7357066639088172,66.02974952409741,118.35801067184111
PT0126,diabetes,73.54085456236706,1,33.0926312488449,69.61142272467407,184,2,9.130840135885741,7.285703547703416,162.37784368790605,96.34809416380864,1000.0,2.5,20.0,0.0,0.0,0.0,2.8183859886100655,66.02974952409741,118.35801067184111
PT0126,diabetes,73.54085456236706,1,33.0926312488449,69.61142272467407,363,3,9.62389594769021,8.067494773988521,162.37784368790605,96.34809416380864,1000.0,0.0,0.0,0.0,0.0,0.0,2.9705758825203783,66.02974952409741,118.35801067184111
PT0127,diabetes,38.465567691812666,1,32.09311815386375,77.8032430600662,0,0,11.769366794265466,8.969740467319282,162.37784368790605,96.34809416380864,2000.0,10.0,10.0,0.0,0.0,0.0,3.6328112171632734,66.02974952409741,118.35801067184111
PT0127,diabetes,38.465567691812666,1,32.09311815386375,77.8032430600662,280,1,12.045619904044242,9.09845799368777,162.37784368790605,96.34809416380864,1000.0,10.0,0.0,0.0,0.0,0.0,3.71808134371499,66.02974952409741,118.35801067184111
PT0127,diabetes,38.465567691812666,1,32.09311815386375,77.8032430600662,501,2,12.97880794557346,9.600732312209608,162.37784368790605,96.34809416380864,2000.0,0.0,30.0,0.0,0.0,0.0,4.0061253858670085,66.02974952409741,118.35801067184111
PT0127,diabetes,38.465567691812666,1,32.09311815386375,77.8032430600662,544,3,13.236340160962595,10.11776091171399,162.37784368790605,96.34809416380864,2000.0,5.0,0.0,0.0,0.0,0.0,4.0856169963504545,66.02974952409741,118.35801067184111
PT0127,diabetes,38.465567691812666,1,32.09311815386375,77.8032430600662,554,4,11.628634035886321,9.567500417205963,162.37784368790605,96.34809416380864,2000.0,5.0,0.0,0.0,0.0,0.0,3.5893717057435777,66.02974952409741,118.35801067184111
PT0128,diabetes,58.16175815414199,0,26.49684412573272,73.39490544732624,0,0,12.194212321092303,9.745379227055505,162.37784368790605,96.34809416380864,2000.0,5.0,10.0,0.0,0.0,0.0,3.7639468697771576,66.02974952409741,118.35801067184111
PT0128,diabetes,58.16175815414199,0,26.49684412573272,73.39490544732624,132,1,12.021283339251495,9.170584872136699,162.37784368790605,96.34809416380864,1000.0,5.0,0.0,0.0,0.0,0.0,3.7105694573822947,66.02974952409741,118.35801067184111
PT0128,diabetes,58.16175815414199,0,26.49684412573272,73.39490544732624,200,2,12.034144821693843,9.505396950601936,162.37784368790605,96.34809416380864,1000.0,10.0,10.0,0.0,0.0,0.0,3.7145393682961663,66.02974952409741,118.35801067184111
PT0128,diabetes,58.16175815414199,0,26.49684412573272,73.39490544732624,269,3,12.47806600137903,9.774936451093081,162.37784368790605,96.34809416380864,2000.0,5.0,20.0,0.0,0.0,0.0,3.8515630390923277,66.02974952409741,118.35801067184111
PT0128,diabetes,58.16175815414199,0,26.49684412573272,73.39490544732624,430,4,12.028074598762188,9.191247320968728,162.37784368790605,96.34809416380864,1000.0,0.0,30.0,0.0,0.0,0.0,3.712665692817929,66.02974952409741,118.35801067184111
PT0128,diabetes,58.16175815414199,0,26.49684412573272,73.39490544732624,438,5,12.0731909383384,9.66767956910299,162.37784368790605,96.34809416380864,1000.0,0.0,20.0,0.0,0.0,0.0,3.7265916029671193,66.02974952409741,118.35801067184111
PT0128,diabetes,58.16175815414199,0,26.49684412573272,73.39490544732624,609,6,12.591077198050975,9.555006620728557,162.37784368790605,96.34809416380864,1000.0,2.5,0.0,0.0,0.0,0.0,3.886445828465068,66.02974952409741,118.35801067184111
PT0128,diabetes,58.16175815414199,0,26.49684412573272,73.39490544732624,611,7,12.526871776056064,9.308610859180412,162.37784368790605,96.34809416380864,500.0,10.0,0.0,0.0,0.0,0.0,3.8666277548759718,66.02974952409741,118.35801067184111
PT0129,diabetes,40.33396820721973,0,35.66173409000024,96.55789432346518,0,0,9.715136182059936,7.404762463870909,162.37784368790605,96.34809416380864,500.0,2.5,0.0,0.0,0.0,0.0,2.998738701529167,66.02974952409741,118.35801067184111
PT0129,diabetes,40.33396820721973,0,35.66173409000024,96.55789432346518,229,1,9.694655970122701,7.62959193475617,162.37784368790605,96.34809416380864,1000.0,0.0,0.0,0.0,0.0,0.0,2.9924171427778736,66.02974952409741,118.35801067184111
PT0129,diabetes,40.33396820721973,0,35.66173409000024,96.55789432346518,301,2,8.927360011230116,7.372263613922573,162.37784368790605,96.34809416380864,2000.0,5.0,20.0,0.0,0.0,0.0,2.755578456799696,66.02974952409741,118.35801067184111
PT0129,diabetes,40.33396820721973,0,35.66173409000024,96.55789432346518,395,3,9.162922375636262,7.503807184981187,162.37784368790605,96.34809416380864,500.0,10.0,0.0,0.0,0.0,0.0,2.8282887066130593,66.02974952409741,118.35801067184111
PT0129,diabetes,40.33396820721973,0,35.66173409000024,96.55789432346518,450,4,10.590945192378035,8.25309977038133,162.37784368790605,96.34809416380864,500.0,0.0,30.0,0.0,0.0,0.0,3.269071749380687,66.02974952409741,118.35801067184111
PT0129,diabetes,40.33396820721973,0,35.66173409000024,96.55789432346518,709,5,10.206336966354456,8.34050102399342,162.37784368790605,96.34809416380864,0.0,2.5,0.0,0.0,0.0,0.0,3.1503560102814085,66.02974952409741,118.35801067184111
PT0130,diabetes,44.02436816927377,1,24.75621600643042,89.8562737813286,0,0,15.988110596825573,11.250262630884002,162.37784368790605,96.34809416380864,1000.0,2.5,10.0,0.0,0.0,0.0,4.934996804220161,66.02974952409741,118.35801067184111
PT0130,diabetes,44.02436816927377,1,24.75621600643042,89.8562737813286,451,1,15.772057472532783,11.713542740485048,162.37784368790605,96.34809416380864,1000.0,5.0,10.0,0.0,0.0,0.0,4.868308406521786,66.02974952409741,118.35801067184111
PT0130,diabetes,44.02436816927377,1,24.75621600643042,89.8562737813286,503,2,16.228609015306468,11.675889799491028,162.37784368790605,96.34809416380864,2000.0,0.0,0.0,0.0,0.0,0.0,5.009230649391263,66.02974952409741,118.35801067184111
PT0130,diabetes,44.02436816927377,1,24.75621600643042,89.8562737813286,538,3,15.917456936741761,11.564137811710664,162.37784368790605,96.34809416380864,500.0,5.0,0.0,0.0,0.0,0.0,4.913188374474291,66.02974952409741,118.35801067184111
PT0130,diabetes,44.02436816927377,1,24.75621600643042,89.8562737813286,576,4,16.359558095696592,12.687315061963671,162.37784368790605,96.34809416380864,500.0,2.5,20.0,0.0,0.0,0.0,5.049650265538348,66.02974952409741,118.35801067184111
PT0130,diabetes,44.02436816927377,1,24.75621600643042,89.8562737813286,603,5,16.441744811296573,12.041525917958483,162.37784368790605,96.34809416380864,1000.0,5.0,0.0,0.0,0.0,0.0,5.075018565086875,66.02974952409741,118.35801067184111
PT0130,diabetes,44.02436816927377,1,24.75621600643042,89.8562737813286,655,6,15.945778773501988,11.122605032629489,162.37784368790605,96.34809416380864,500.0,0.0,10.0,0.0,0.0,0.0,4.921930381420948,66.02974952409741,118.35801067184111
PT0131,hypertension,48.07956457201156,1,32.426677968995634,102.03506417331599,0,0,12.367353622307368,9.407591840081146,178.71449988379132,100.94565409098789,0.0,0.0,0.0,10.0,5.0,0.0,3.817389818085541,77.76884579280343,126.86860268858904
PT0131,hypertension,48.07956457201156,1,32.426677968995634,102.03506417331599,269,1,12.367353622307368,9.407591840081146,175.33219464105528,101.53251683235551,0.0,0.0,0.0,0.0,5.0,50.0,3.817389818085541,73.79967780869977,126.13240943525544
PT0131,hypertension,48.07956457201156,1,32.426677968995634,102.03506417331599,422,2,12.367353622307368,9.407591840081146,172.68734675194946,106.86876414754984,0.0,0.0,0.0,20.0,10.0,0.0,3.817389818085541,65.81858260439962,128.8082916823497
PT0131,hypertension,48.07956457201156,1,32.426677968995634,102.03506417331599,485,3,12.367353622307368,9.407591840081146,165.6808330882878,104.1412339314225,0.0,0.0,0.0,0.0,0.0,0.0,3.817389818085541,61.53959915686531,124.65443365037761
PT0132,hypertension,57.38037509891842,0,27.03959836881058,101.12697464160917,0,0,12.367353622307368,9.407591840081146,174.68696419743483,97.09585577170755,0.0,0.0,0.0,0.0,10.0,25.0,3.817389818085541,77.59110842572728,122.95955858028331
PT0132,hypertension,57.38037509891842,0,27.03959836881058,101.12697464160917,50,1,12.367353622307368,9.407591840081146,174.4224921807103,101.01978912464563,0.0,0.0,0.0,20.0,0.0,25.0,3.817389818085541,73.40270305606467,125.48735681000052
PT0132,hypertension,57.38037509891842,0,27.03959836881058,101.12697464160917,186,2,12.367353622307368,9.407591840081146,173.97772845861152,102.51800923175394,0.0,0.0,0.0,0.0,5.0,25.0,3.817389818085541,71.45971922685759,126.33791564070647
PT0132,hypertension,57.38037509891842,0,27.03959836881058,101.12697464160917,372,3,12.367353622307368,9.407591840081146,171.5232920752654,99.12023569470368,0.0,0.0,0.0,0.0,0.0,25.0,3.817389818085541,72.40305638056172,123.25458782155759
PT0132,hypertension,57.38037509891842,0,27.03959836881058,101.12697464160917,480,4,12.367353622307368,9.407591840081146,173.7185742180056,101.4716934283221,0.0,0.0,0.0,5.0,0.0,50.0,3.817389818085541,72.24688078968352,125.55398702488327
PT0132,hypertension,57.38037509891842,0,27.03959836881058,101.12697464160917,608,5,12.367353622307368,9.407591840081146,167.96645257838878,99.922262362855,0.0,0.0,0.0,20.0,10.0,25.0,3.817389818085541,68.04419021553379,122.60365910136626
PT0132,hypertension,57.38037509891842,0,27.03959836881058,101.12697464160917,694,6,12.367353622307368,9.407591840081146,174.39457806319027,100.6654390469695,0.0,0.0,0.0,0.0,5.0,25.0,3.817389818085541,73.72913901622077,125.24181871904308
PT0133,hypertension,52.116548819597995,0,22.22563377421255,104.13649844890884,0,0,12.367353622307368,9.407591840081146,152.06984993908276,107.71443664137058,0.0,0.0,0.0,10.0,5.0,0.0,3.817389818085541,44.355413297712175,122.49957440727464
PT0133,hypertension,52.116548819597995,0,22.22563377421255,104.13649844890884,179,1,12.367353622307368,9.407591840081146,148.58563168970542,104.71347207481377,0.0,0.0,0.0,10.0,10.0,50.0,3.817389818085541,43.87215961489166,119.33752527977765
PT0133,hypertension,52.116548819597995,0,22.22563377421255,104.13649844890884,192,2,12.367353622307368,9.407591840081146,152.6259392549943,107.76457726210198,0.0,0.0,0.0,0.0,0.0,0.0,3.817389818085541,44.86136199289233,122.71836459306608
PT0133,hypertension,52.116548819597995,0,22.22563377421255,104.13649844890884,196,3,12.367353622307368,9.407591840081146,152.99153524693082,109.25043774545308,0.0,0.0,0.0,10.0,0.0,0.0,3.817389818085541,43.74109750147774,123.83080357927899
PT0133,hypertension,52.116548819597995,0,22.22563377421255,104.13649844890884,244,4,12.367353622307368,9.407591840081146,148.56076456227134,105.97770342814366,0.0,0.0,0.0,10.0,10.0,25.0,3.817389818085541,42.58306113412769,120.17205713951955
PT0133,hypertension,52.116548819597995,0,22.22563377421255,104.13649844890884,419,5,12.367353622307368,9.407591840081146,142.60021323209736,102.39876860507893,0.0,0.0,0.0,0.0,10.0,0.0,3.817389818085541,40.20144462701843,115.7992501474184
PT0133,hypertension,52.116548819597995,0,22.22563377421255,104.13649844890884,582,6,12.367353622307368,9.407591840081146,147.68242936111236,106.39360678159223,0.0,0.0,0.0,20.0,0.0,0.0,3.817389818085541,41.28882257952013,120.15654764143227
PT0134,hypertension,46.17759890877893,1,24.216890545712012,91.91633318487197,0,0,12.367353622307368,9.407591840081146,164.05480207383545,96.2652209101133,0.0,0.0,0.0,10.0,0.0,25.0,3.817389818085541,67.78958116372215,118.86174796468735
PT0134,hypertension,46.17759890877893,1,24.216890545712012,91.91633318487197,138,1,12.367353622307368,9.407591840081146,165.53736796732906,96.7860062162324,0.0,0.0,0.0,0.0,5.0,25.0,3.817389818085541,68.75136175109667,119.70312679993128
PT0134,hypertension,46.17759890877893,1,24.216890545712012,91.91633318487197,265,2,12.367353622307368,9.407591840081146,156.30851388480085,96.02848498281362,0.0,0.0,0.0,10.0,5.0,50.0,3.817389818085541,60.28002890198722,116.1218279501427
PT0134,hypertension,46.17759890877893,1,24.216890545712012,91.91633318487197,328,3,12.367353622307368,9.407591840081146,155.10170793098746,88.81481221094162,0.0,0.0,0.0,20.0,0.0,50.0,3.817389818085541,66.28689572004583,110.91044411762357
PT0134,hypertension,46.17759890877893,1,24.216890545712012,91.91633318487197,589,4,12.367353622307368,9.407591840081146,153.76016075834636,92.35510144669868,0.0,0.0,0.0,0.0,0.0,50.0,3.817389818085541,61.405059311647676,112.82345455058125
PT0134,hypertension,46.17759890877893,1,24.216890545712012,91.91633318487197,635,5,12.367353622307368,9.407591840081146,148.38472020100585,90.91354402410232,0.0,0.0,0.0,5.0,10.0,25.0,3.817389818085541,57.471176176903526,110.07060274973684
PT0134,hypertension,46.17759890877893,1,24.216890545712012,91.91633318487197,642,6,12.367353622307368,9.407591840081146,150.50583963186094,90.7954949405372,0.0,0.0,0.0,5.0,0.0,0.0,3.817389818085541,59.71034469132374,110.69894317097844
PT0135,hypertension,54.03320237397831,1,36.75547281996109,70.47412898331302,0,0,12.367353622307368,9.407591840081146,170.42853644787138,98.69512956973774,0.0,0.0,0.0,5.0,0.0,0.0,3.817389818085541,71.73340687813364,122.60626519578229
PT0135,hypertension,54.03320237397831,1,36.75547281996109,70.47412898331302,228,1,12.367353622307368,9.407591840081146,166.7472534866415,99.54455212923372,0.0,0.0,0.0,10.0,0.0,0.0,3.817389818085541,67.20270135740779,121.94545258170298
PT0135,hypertension,54.03320237397831,1,36.75547281996109,70.47412898331302,462,2,12.367353622307368,9.407591840081146,166.07851568678365,97.55443640583765,0.0,0.0,0.0,5.0,5.0,25.0,3.817389818085541,68.524079280946,120.39579616615298
PT0135,hypertension,54.03320237397831,1,36.75547281996109,70.47412898331302,475,3,12.367353622307368,9.407591840081146,164.58011330535547,96.47697270059086,0.0,0.0,0.0,20.0,0.0,0.0,3.817389818085541,68.1031406047646,119.17801956884573
PT0135,hypertension,54.03320237397831,1,36.75547281996109,70.47412898331302,580,4,12.367353622307368,9.407591840081146,162.3589110302734,93.57969068180557,0.0,0.0,0.0,10.0,10.0,25.0,3.817389818085541,68.77922034846782,116.50609746462818
PT0136,hypertension,72.45803658833954,1,30.817980255878176,47.17116009911933,0,0,12.367353622307368,9.407591840081146,149.19959691353327,104.54649280930809,0.0,0.0,0.0,10.0,5.0,0.0,3.817389818085541,44.65310410422518,119.43086084404982
PT0136,hypertension,72.45803658833954,1,30.817980255878176,47.17116009911933,88,1,12.367353622307368,9.407591840081146,155.24759293668663,100.49703730026754,0.0,0.0,0.0,10.0,10.0,100.0,3.817389818085541,54.750555636419094,118.74722251240723
PT0136,hypertension,72.45803658833954,1,30.817980255878176,47.17116009911933,264,2,12.367353622307368,9.407591840081146,142.20735664621833,100.4612583797585,0.0,0.0,0.0,0.0,5.0,0.0,3.817389818085541,41.746098266459825,114.37662446857844
PT0136,hypertension,72.45803658833954,1,30.817980255878176,47.17116009911933,697,3,12.367353622307368,9.407591840081146,148.34032818950683,95.02589207152725,0.0,0.0,0.0,20.0,5.0,0.0,3.817389818085541,53.31443611797958,112.79737077752044
PT0137,hypertension,55.70428380075549,0,22.78156108421837,87.15702616868455,0,0,12.367353622307368,9.407591840081146,172.38538955368423,92.91147461486683,0.0,0.0,0.0,10.0,0.0,0.0,3.817389818085541,79.4739149388174,119.40277959447263
PT0137,hypertension,55.70428380075549,0,22.78156108421837,87.15702616868455,233,1,12.367353622307368,9.407591840081146,168.01038904739073,96.37564769857042,0.0,0.0,0.0,10.0,0.0,25.0,3.817389818085541,71.63474134882031,120.25389481484386
PT0137,hypertension,55.70428380075549,0,22.78156108421837,87.15702616868455,333,2,12.367353622307368,9.407591840081146,167.3928570946829,98.5406174601988,0.0,0.0,0.0,10.0,5.0,0.0,3.817389818085541,68.8522396344841,121.49136400502684
PT0137,hypertension,55.70428380075549,0,22.78156108421837,87.15702616868455,380,3,12.367353622307368,9.407591840081146,173.49475067286576,100.606894581495,0.0,0.0,0.0,5.0,0.0,0.0,3.817389818085541,72.88785609137076,124.90284661195192
PT0138,hypertension,61.66419068884785,1,35.31773028699282,93.73253560151046,0,0,12.367353622307368,9.407591840081146,159.44954404223998,99.90281545979643,0.0,0.0,0.0,20.0,5.0,50.0,3.817389818085541,59.54672858244355,119.75172498727761
PT0138,hypertension,61.66419068884785,1,35.31773028699282,93.73253560151046,266,1,12.367353622307368,9.407591840081146,162.6427545774491,102.6992212861144,0.0,0.0,0.0,5.0,0.0,25.0,3.817389818085541,59.9435332913347,122.68039904989263
PT0138,hypertension,61.66419068884785,1,35.31773028699282,93.73253560151046,314,2,12.367353622307368,9.407591840081146,151.2116759259003,95.72374219691977,0.0,0.0,0.0,10.0,0.0,25.0,3.817389818085541,55.48793372898052,114.21972010657994
PT0138,hypertension,61.66419068884785,1,35.31773028699282,93.73253560151046,476,3,12.367353622307368,9.407591840081146,150.7418517548653,100.55681034570223,0.0,0.0,0.0,0.0,0.0,25.0,3.817389818085541,50.18504140916308,117.28515748208993
PT0138,hypertension,61.66419068884785,1,35.31773028699282,93.73253560151046,537,4,12.367353622307368,9.407591840081146,149.9894094572005,94.76824487955119,0.0,0.0,0.0,10.0,10.0,50.0,3.817389818085541,55.22116457764932,113.17529973876763
PT0138,hypertension,61.66419068884785,1,35.31773028699282,93.73253560151046,581,5,12.367353622307368,9.407591840081146,147.7072821533921,97.71304812264665,0.0,0.0,0.0,10.0,0.0,100.0,3.817389818085541,49.994234030745446,114.3777927995618
PT0138,hypertension,61.66419068884785,1,35.31773028699282,93.73253560151046,582,6,12.367353622307368,9.407591840081146,143.21422427359263,96.12536137678605,0.0,0.0,0.0,10.0,10.0,25.0,3.817389818085541,47.08886289680659,111.82164900905491
PT0138,hypertension,61.66419068884785,1,35.31773028699282,93.73253560151046,710,7,12.367353622307368,9.407591840081146,144.0656255887189,94.27394613907485,0.0,0.0,0.0,5.0,0.0,0.0,3.817389818085541,49.791679449644036,110.87117262228954
PT0139,hypertension,68.53247008428832,1,35.228975774629745,70.44003308733718,0,0,12.367353622307368,9.407591840081146,158.2561241601053,96.95772021128825,0.0,0.0,0.0,20.0,10.0,0.0,3.817389818085541,61.29840394881704,117.3905215275606
PT0139,hypertension,68.53247008428832,1,35.228975774629745,70.44003308733718,92,1,12.367353622307368,9.407591840081146,160.25659373169955,98.92573567584604,0.0,0.0,0.0,10.0,0.0,100.0,3.817389818085541,61.33085805585351,119.36935502779721
PT0139,hypertension,68.53247008428832,1,35.228975774629745,70.44003308733718,180,2,12.367353622307368,9.407591840081146,161.7027692276462,96.73206667663011,0.0,0.0,0.0,10.0,0.0,0.0,3.817389818085541,64.97070255101609,118.38896752696881
PT0139,hypertension,68.53247008428832,1,35.228975774629745,70.44003308733718,185,3,12.367353622307368,9.407591840081146,158.80636109024834,99.39527038898852,0.0,0.0,0.0,20.0,5.0,0.0,3.817389818085541,59.41109070125982,119.19896728940846
PT0139,hypertension,68.53247008428832,1,35.228975774629745,70.44003308733718,373,4,12.367353622307368,9.407591840081146,155.0797663226029,96.07271591367797,0.0,0.0,0.0,10.0,0.0,0.0,3.817389818085541,59.007050408924925,115.74173271665295
PT0139,hypertension,68.53247008428832,1,35.228975774629745,70.44003308733718,549,5,12.367353622307368,9.407591840081146,158.30595107574533,94.43343934545138,0.0,0.0,0.0,10.0,10.0,25.0,3.817389818085541,63.87251173029395,115.72427658888269
PT0139,hypertension,68.53247008428832,1,35.228975774629745,70.44003308733718,557,6,12.367353622307368,9.407591840081146,153.01143563717218,94.4923999575865,0.0,0.0,0.0,20.0,0.0,100.0,3.817389818085541,58.519035679585684,113.99874518411507
PT0139,hypertension,68.53247008428832,1,35.228975774629745,70.44003308733718,653,7,12.367353622307368,9.407591840081146,148.67033750558753,90.2468701126494,0.0,0.0,0.0,5.0,10.0,100.0,3.817389818085541,58.42346739293812,109.72135924362878
PT0140,hypertension,44.10966144702109,0,24.08041851436603,107.1327789869363,0,0,12.367353622307368,9.407591840081146,156.16887751919955,102.30293732657528,0.0,0.0,0.0,20.0,0.0,25.0,3.817389818085541,53.86594019262428,120.2582507241167
PT0140,hypertension,44.10966144702109,0,24.08041851436603,107.1327789869363,218,1,12.367353622307368,9.407591840081146,156.64480010900428,97.87602913982353,0.0,0.0,0.0,20.0,0.0,0.0,3.817389818085541,58.76877096918075,117.46561946288378
PT0140,hypertension,44.10966144702109,0,24.08041851436603,107.1327789869363,284,2,12.367353622307368,9.407591840081146,155.48591180874135,96.99211235116574,0.0,0.0,0.0,10.0,0.0,0.0,3.817389818085541,58.493799457575605,116.49004550369095
PT0140,hypertension,44.10966144702109,0,24.08041851436603,107.1327789869363,286,3,12.367353622307368,9.407591840081146,162.76321888355142,98.23836610410741,0.0,0.0,0.0,0.0,5.0,0.0,3.817389818085541,64.524852779444,119.74665036392209
PT0140,hypertension,44.10966144702109,0,24.08041851436603,107.1327789869363,332,4,12.367353622307368,9.407591840081146,159.09857007752362,96.57838020206431,0.0,0.0,0.0,10.0,5.0,0.0,3.817389818085541,62.52018987545931,117.41844349388408
PT0140,hypertension,44.10966144702109,0,24.08041851436603,107.1327789869363,381,5,12.367353622307368,9.407591840081146,151.44710880110583,98.65854761435862,0.0,0.0,0.0,10.0,10.0,0.0,3.817389818085541,52.7885611867472,116.2547346766077
PT0140,hypertension,44.10966144702109,0,24.08041851436603,107.1327789869363,573,6,12.367353622307368,9.407591840081146,161.7946836643397,91.7445250963826,0.0,0.0,0.0,10.0,10.0,0.0,3.817389818085541,70.05015856795708,115.0945779523683
PT0141,hypertension,59.03564906033542,0,35.22466280019254,109.95189361085454,0,0,12.367353622307368,9.407591840081146,177.54082958052442,105.1683271281424,0.0,0.0,0.0,10.0,5.0,0.0,3.817389818085541,72.37250245238202,129.29249461226973
PT0141,hypertension,59.03564906033542,0,35.22466280019254,109.95189361085454,244,1,12.367353622307368,9.407591840081146,177.80346932305494,105.47699677350705,0.0,0.0,0.0,20.0,5.0,25.0,3.817389818085541,72.32647254954789,129.58582095668967
PT0141,hypertension,59.03564906033542,0,35.22466280019254,109.95189361085454,251,2,12.367353622307368,9.407591840081146,173.36888143148607,105.63470092774872,0.0,0.0,0.0,10.0,10.0,25.0,3.817389818085541,67.73418050373735,128.21276109566116
PT0141,hypertension,59.03564906033542,0,35.22466280019254,109.95189361085454,253,3,12.367353622307368,9.407591840081146,172.4629098915618,106.82657470821462,0.0,0.0,0.0,20.0,10.0,50.0,3.817389818085541,65.63633518334717,128.70535310266368
PT0141,hypertension,59.03564906033542,0,35.22466280019254,109.95189361085454,405,4,12.367353622307368,9.407591840081146,168.55715250850105,106.01251609287182,0.0,0.0,0.0,20.0,5.0,25.0,3.817389818085541,62.54463641562923,126.8607282314149
PT0141,hypertension,59.03564906033542,0,35.22466280019254,109.95189361085454,521,5,12.367353622307368,9.407591840081146,169.0997328146147,99.21828394878156,0.0,0.0,0.0,0.0,10.0,0.0,3.817389818085541,69.88144886583314,122.5121002373926
PT0141,hypertension,59.03564906033542,0,35.22466280019254,109.95189361085454,524,6,12.367353622307368,9.407591840081146,159.03391165546148,106.04506120014238,0.0,0.0,0.0,0.0,0.0,0.0,3.817389818085541,52.988850455319096,123.70801135191542
PT0141,hypertension,59.03564906033542,0,35.22466280019254,109.95189361085454,549,7,12.367353622307368,9.407591840081146,164.7715982178155,103.77533896577019,0.0,0.0,0.0,10.0,5.0,0.0,3.817389818085541,60.996259252045306,124.10742538311862
PT0142,hypertension,43.88256344102055,1,28.729352286462827,84.38017819655255,0,0,12.367353622307368,9.407591840081146,174.23605004931915,100.94812831125186,0.0,0.0,0.0,10.0,0.0,0.0,3.817389818085541,73.28792173806728,125.3774355572743
PT0142,hypertension,43.88256344102055,1,28.729352286462827,84.38017819655255,218,1,12.367353622307368,9.407591840081146,167.5923507549651,101.38305614666737,0.0,0.0,0.0,5.0,10.0,50.0,3.817389818085541,66.20929460829774,123.45282101609995
PT0142,hypertension,43.88256344102055,1,28.729352286462827,84.38017819655255,563,2,12.367353622307368,9.407591840081146,163.43785241886374,100.0118852297374,0.0,0.0,0.0,10.0,10.0,25.0,3.817389818085541,63.42596718912634,121.15387429277952
PT0142,hypertension,43.88256344102055,1,28.729352286462827,84.38017819655255,614,3,12.367353622307368,9.407591840081146,163.01460175950754,100.78031404750766,0.0,0.0,0.0,5.0,5.0,25.0,3.817389818085541,62.23428771199988,121.52507661817428
PT0142,hypertension,43.88256344102055,1,28.729352286462827,84.38017819655255,691,4,12.367353622307368,9.407591840081146,157.88130292492022,97.56803045724214,0.0,0.0,0.0,20.0,10.0,25.0,3.817389818085541,60.313272467678075,117.67245461313483
PT0142,hypertension,43.88256344102055,1,28.729352286462827,84.38017819655255,711,5,12.367353622307368,9.407591840081146,158.31088701105912,96.96600717736115,0.0,0.0,0.0,10.0,10.0,50.0,3.817389818085541,61.34487983369797,117.41430045526047
PT0143,hypertension,40.77805598077093,1,39.71010394797101,89.65854791148618,0,0,12.367353622307368,9.407591840081146,164.18806510377212,103.27028838307575,0.0,0.0,0.0,0.0,5.0,0.0,3.817389818085541,60.91777672069637,123.57621395664121
PT0143,hypertension,40.77805598077093,1,39.71010394797101,89.65854791148618,147,1,12.367353622307368,9.407591840081146,161.98627955929905,93.82454404920067,0.0,0.0,0.0,20.0,10.0,0.0,3.817389818085541,68.16173551009838,116.5451225525668
PT0143,hypertension,40.77805598077093,1,39.71010394797101,89.65854791148618,192,2,12.367353622307368,9.407591840081146,159.79270219748835,93.21742172723665,0.0,0.0,0.0,10.0,5.0,50.0,3.817389818085541,66.5752804702517,115.40918188398722
PT0143,hypertension,40.77805598077093,1,39.71010394797101,89.65854791148618,596,3,12.367353622307368,9.407591840081146,161.78346292401767,95.62480393988729,0.0,0.0,0.0,5.0,5.0,0.0,3.817389818085541,66.15865898413038,117.67769026793074
PT0144,hypertension,71.07666651408817,0,31.842703628891876,63.52844324249214,0,0,12.367353622307368,9.407591840081146,172.83346768996626,93.31384656665999,0.0,0.0,0.0,20.0,0.0,50.0,3.817389818085541,79.51962112330627,119.8203869410954
PT0144,hypertension,71.07666651408817,0,31.842703628891876,63.52844324249214,142,1,12.367353622307368,9.407591840081146,174.436820445563,88.68788129620194,0.0,0.0,0.0,0.0,0.0,0.0,3.817389818085541,85.74893914936106,117.27086101265563
PT0144,hypertension,71.07666651408817,0,31.842703628891876,63.52844324249214,351,2,12.367353622307368,9.407591840081146,175.7092325406386,89.93061166337351,0.0,0.0,0.0,5.0,0.0,0.0,3.817389818085541,85.77862087726508,118.52348528912854
PT0144,hypertension,71.07666651408817,0,31.842703628891876,63.52844324249214,462,3,12.367353622307368,9.407591840081146,175.6830857744365,88.11988550803241,0.0,0.0,0.0,10.0,10.0,25.0,3.817389818085541,87.5632002664041,117.30761893016711
PT0144,hypertension,71.07666651408817,0,31.842703628891876,63.52844324249214,649,4,12.367353622307368,9.407591840081146,170.47449411106433,84.2596421412049,0.0,0.0,0.0,5.0,5.0,0.0,3.817389818085541,86.21485196985942,112.99792613115805
PT0144,hypertension,71.07666651408817,0,31.842703628891876,63.52844324249214,670,5,12.367353622307368,9.407591840081146,172.2148149052912,88.36712561178105,0.0,0.0,0.0,5.0,5.0,50.0,3.817389818085541,83.84768929351016,116.31635537628443
PT0144,hypertension,71.07666651408817,0,31.842703628891876,63.52844324249214,697,6,12.367353622307368,9.407591840081146,172.09141146532468,83.82296240447074,0.0,0.0,0.0,0.0,0.0,50.0,3.817389818085541,88.26844906085394,113.24577875808872
PT0145,hypertension,58.79977489039681,0,33.847487415937834,99.31193134730202,0,0,12.367353622307368,9.407591840081146,154.15673886151706,99.85497941879527,0.0,0.0,0.0,0.0,0.0,25.0,3.817389818085541,54.30175944272179,117.95556589970253
PT0145,hypertension,58.79977489039681,0,33.847487415937834,99.31193134730202,212,1,12.367353622307368,9.407591840081146,146.63206608904258,97.59550560601576,0.0,0.0,0.0,20.0,5.0,100.0,3.817389818085541,49.03656048302682,113.9410257670247
PT0145,hypertension,58.79977489039681,0,33.847487415937834,99.31193134730202,523,2,12.367353622307368,9.407591840081146,142.59261978795493,96.82149841260211,0.0,0.0,0.0,5.0,10.0,50.0,3.817389818085541,45.77112137535282,112.07853887105306
PT0145,hypertension,58.79977489039681,0,33.847487415937834,99.31193134730202,530,3,12.367353622307368,9.407591840081146,143.4374059087052,97.81376409916994,0.0,0.0,0.0,0.0,0.0,25.0,3.817389818085541,45.62364180953524,113.02164470234835
PT0145,hypertension,58.79977489039681,0,33.847487415937834,99.31193134730202,550,4,12.367353622307368,9.407591840081146,139.0559080470009,95.46767524557508,0.0,0.0,0.0,0.0,10.0,50.0,3.817389818085541,43.58823280142583,109.99708617938369
PT0145,hypertension,58.79977489039681,0,33.847487415937834,99.31193134730202,583,5,12.367353622307368,9.407591840081146,151.377570509273,93.72903554303262,0.0,0.0,0.0,0.0,0.0,0.0,3.817389818085541,57.648534966240376,112.94521386511275
PT0146,hypertension,45.983360106497706,0,38.3500686973774,77.68811887115092,0,0,12.367353622307368,9.407591840081146,159.4124640045481,95.00428472895453,0.0,0.0,0.0,20.0,0.0,100.0,3.817389818085541,64.40817927559357,116.47367782081905
PT0146,hypertension,45.983360106497706,0,38.3500686973774,77.68811887115092,278,1,12.367353622307368,9.407591840081146,156.5809443427618,99.70341175047531,0.0,0.0,0.0,10.0,0.0,50.0,3.817389818085541,56.877532592286485,118.66258928123747
PT0146,hypertension,45.983360106497706,0,38.3500686973774,77.68811887115092,321,2,12.367353622307368,9.407591840081146,157.25691669357684,95.73347292905044,0.0,0.0,0.0,10.0,0.0,0.0,3.817389818085541,61.523443764526405,116.2412875172259
PT0146,hypertension,45.983360106497706,0,38.3500686973774,77.68811887115092,345,3,12.367353622307368,9.407591840081146,156.34198790228646,98.50026249958057,0.0,0.0,0.0,0.0,0.0,50.0,3.817389818085541,57.84172540270589,117.78083763381586
PT0146,hypertension,45.983360106497706,0,38.3500686973774,77.68811887115092,375,4,12.367353622307368,9.407591840081146,150.68333489425152,92.29434948993675,0.0,0.0,0.0,10.0,10.0,50.0,3.817389818085541,58.38898540431477,111.75734462470834
PT0147,hypertension,38.48517248188693,0,22.819763799780148,66.68627741321177,0,0,12.367353622307368,9.407591840081146,158.85797440059181,100.27643781896057,0.0,0.0,0.0,20.0,0.0,0.0,3.817389818085541,58.58153658163124,119.80361667950432
PT0147,hypertension,38.48517248188693,0,22.819763799780148,66.68627741321177,124,1,12.367353622307368,9.407591840081146,154.96926653041902,99.05753419044412,0.0,0.0,0.0,10.0,5.0,0.0,3.817389818085541,55.911732339974904,117.69477830376908
PT0147,hypertension,38.48517248188693,0,22.819763799780148,66.68627741321177,275,2,12.367353622307368,9.407591840081146,152.8578627335548,98.61527258144285,0.0,0.0,0.0,20.0,10.0,0.0,3.817389818085541,54.24259015211196,116.69613596548017
PT0147,hypertension,38.48517248188693,0,22.819763799780148,66.68627741321177,503,3,12.367353622307368,9.407591840081146,147.24210377995504,98.02264718242506,0.0,0.0,0.0,0.0,5.0,50.0,3.817389818085541,49.219456597529984,114.42913271493505
PT0147,hypertension,38.48517248188693,0,22.819763799780148,66.68627741321177,515,4,12.367353622307368,9.407591840081146,146.865303322387,98.0567580787698,0.0,0.0,0.0,0.0,0.0,25.0,3.817389818085541,48.8085452436172,114.32627315997554
PT0147,hypertension,38.48517248188693,0,22.819763799780148,66.68627741321177,648,5,12.367353622307368,9.407591840081146,157.657729958182,94.98642255347396,0.0,0.0,0.0,20.0,5.0,0.0,3.817389818085541,62.67130740470803,115.8768583550433
PT0148,hypertension,70.51826330783207,1,27.387010698197265,90.74089878561381,0,0,12.367353622307368,9.407591840081146,167.28041610059617,96.91624813246943,0.0,0.0,0.0,5.0,5.0,0.0,3.817389818085541,70.36416796812674,120.37097078851168
PT0148,hypertension,70.51826330783207,1,27.387010698197265,90.74089878561381,157,1,12.367353622307368,9.407591840081146,166.67722365748338,95.27111279247528,0.0,0.0,0.0,10.0,10.0,50.0,3.817389818085541,71.4061108650081,119.07314974747798
PT0148,hypertension,70.51826330783207,1,27.387010698197265,90.74089878561381,584,2,12.367353622307368,9.407591840081146,161.88597545500593,94.73333472121689,0.0,0.0,0.0,20.0,10.0,50.0,3.817389818085541,67.15264073378904,117.11754829914658
PT0148,hypertension,70.51826330783207,1,27.387010698197265,90.74089878561381,591,3,12.367353622307368,9.407591840081146,152.5861219908114,92.097430027705,0.0,0.0,0.0,20.0,10.0,50.0,3.817389818085541,60.48869196310639,112.26032734874046
PT0148,hypertension,70.51826330783207,1,27.387010698197265,90.74089878561381,664,4,12.367353622307368,9.407591840081146,152.24675480922102,89.74799288646021,0.0,0.0,0.0,10.0,0.0,25.0,3.817389818085541,62.498761922760806,110.58091352738047
PT0149,hypertension,47.68524055348799,0,34.60461517970187,98.28586221788953,0,0,12.367353622307368,9.407591840081146,181.17056089587564,86.09936559760273,0.0,0.0,0.0,0.0,10.0,25.0,3.817389818085541,95.07119529827291,117.78976403036036
PT0149,hypertension,47.68524055348799,0,34.60461517970187,98.28586221788953,182,1,12.367353622307368,9.407591840081146,178.93264915719982,91.71199396137673,0.0,0.0,0.0,10.0,10.0,0.0,3.817389818085541,87.22065519582308,120.78554569331776
PT0149,hypertension,47.68524055348799,0,34.60461517970187,98.28586221788953,247,2,12.367353622307368,9.407591840081146,172.66288434099022,91.5358359472479,0.0,0.0,0.0,0.0,10.0,100.0,3.817389818085541,81.12704839374231,118.57818541182867
PT0149,hypertension,47.68524055348799,0,34.60461517970187,98.28586221788953,337,3,12.367353622307368,9.407591840081146,178.59389439527206,82.15421832688769,0.0,0.0,0.0,0.0,0.0,25.0,3.817389818085541,96.43967606838437,114.30077701634914
PT0150,hypertension,43.99164407472285,0,26.451818923715813,82.96907272876325,0,0,12.367353622307368,9.407591840081146,160.13939654718453,92.69382871887193,0.0,0.0,0.0,5.0,5.0,0.0,3.817389818085541,67.4455678283126,115.17568466164279
PT0150,hypertension,43.99164407472285,0,26.451818923715813,82.96907272876325,32,1,12.367353622307368,9.407591840081146,159.0815418690727,87.48005564012499,0.0,0.0,0.0,20.0,5.0,25.0,3.817389818085541,71.60148622894772,111.3472177164409
PT0150,hypertension,43.99164407472285,0,26.451818923715813,82.96907272876325,59,2,12.367353622307368,9.407591840081146,157.65484567182241,90.18022798419108,0.0,0.0,0.0,0.0,5.0,0.0,3.817389818085541,67.47461768763134,112.67176721340152
PT0150,hypertension,43.99164407472285,0,26.451818923715813,82.96907272876325,265,3,12.367353622307368,9.407591840081146,159.31506285740082,87.40204274310437,0.0,0.0,0.0,10.0,5.0,50.0,3.817389818085541,71.91302011429644,111.37304944786986
PT0150,hypertension,43.99164407472285,0,26.451818923715813,82.96907272876325,305,4,12.367353622307368,9.407591840081146,158.8321393641737,89.25556093551134,0.0,0.0,0.0,0.0,0.0,0.0,3.817389818085541,69.57657842866237,112.44775374506547
PT0150,hypertension,43.99164407472285,0,26.451818923715813,82.96907272876325,367,5,12.367353622307368,9.407591840081146,155.88415863473048,84.13700101814754,0.0,0.0,0.0,10.0,5.0,0.0,3.817389818085541,71.74715761658294,108.0527202236752
PT0151,hypertension,71.36000808370983,0,24.167901888607147,46.81912634857852,0,0,12.367353622307368,9.407591840081146,151.3450232851254,94.07497762171354,0.0,0.0,0.0,5.0,0.0,50.0,3.817389818085541,57.27004566341185,113.16499284285082
PT0151,hypertension,71.36000808370983,0,24.167901888607147,46.81912634857852,611,1,12.367353622307368,9.407591840081146,155.52367397848508,86.39456135201021,0.0,0.0,0.0,10.0,0.0,0.0,3.817389818085541,69.12911262647486,109.4375988941685
PT0151,hypertension,71.36000808370983,0,24.167901888607147,46.81912634857852,650,2,12.367353622307368,9.407591840081146,152.38349528975763,85.47621313095874,0.0,0.0,0.0,5.0,5.0,100.0,3.817389818085541,66.90728215879889,107.77864051722504
PT0151,hypertension,71.36000808370983,0,24.167901888607147,46.81912634857852,663,3,12.367353622307368,9.407591840081146,147.9398253714556,85.76732254981826,0.0,0.0,0.0,20.0,0.0,25.0,3.817389818085541,62.17250282163735,106.49149015703071
PT0152,hypertension,45.845468715709934,0,25.512160998167047,97.27113673619328,0,0,12.367353622307368,9.407591840081146,168.31353239939705,92.47467422285305,0.0,0.0,0.0,5.0,10.0,0.0,3.817389818085541,75.838858176544,117.75429361503438
PT0152,hypertension,45.845468715709934,0,25.512160998167047,97.27113673619328,175,1,12.367353622307368,9.407591840081146,167.30565094086538,93.9336563080395,0.0,0.0,0.0,5.0,0.0,25.0,3.817389818085541,73.37199463282587,118.3909878523148
PT0152,hypertension,45.845468715709934,0,25.512160998167047,97.27113673619328,630,2,12.367353622307368,9.407591840081146,169.02726229160083,93.9018618493878,0.0,0.0,0.0,0.0,10.0,50.0,3.817389818085541,75.12540044221304,118.94366199679214
PT0152,hypertension,45.845468715709934,0,25.512160998167047,97.27113673619328,639,3,12.367353622307368,9.407591840081146,159.4338192240284,86.00340745928413,0.0,0.0,0.0,10.0,0.0,0.0,3.817389818085541,73.43041176474428,110.48021138086555
PT0153,hypertension,46.066562570659414,0,31.12935507487188,63.61337545322435,0,0,12.367353622307368,9.407591840081146,160.55887598431931,90.18648765146135,0.0,0.0,0.0,0.0,0.0,50.0,3.817389818085541,70.37238833285797,113.64395042908068
PT0153,hypertension,46.066562570659414,0,31.12935507487188,63.61337545322435,193,1,12.367353622307368,9.407591840081146,160.5194510760866,93.86925243349137,0.0,0.0,0.0,10.0,0.0,0.0,3.817389818085541,66.65019864259523,116.08598531435645
PT0153,hypertension,46.066562570659414,0,31.12935507487188,63.61337545322435,288,2,12.367353622307368,9.407591840081146,156.3546214773345,90.89740039932359,0.0,0.0,0.0,10.0,10.0,0.0,3.817389818085541,65.4572210780109,112.71647409199389
PT0153,hypertension,46.066562570659414,0,31.12935507487188,63.61337545322435,328,3,12.367353622307368,9.407591840081146,160.16583448398495,87.01941580769841,0.0,0.0,0.0,20.0,10.0,0.0,3.817389818085541,73.14641867628654,111.40155536646058
PT0153,hypertension,46.066562570659414,0,31.12935507487188,63.61337545322435,431,4,12.367353622307368,9.407591840081146,155.2322620224866,88.02289498980362,0.0,0.0,0.0,10.0,5.0,25.0,3.817389818085541,67.20936703268298,110.42601733403127
PT0153,hypertension,46.066562570659414,0,31.12935507487188,63.61337545322435,486,5,12.367353622307368,9.407591840081146,147.47392560244248,87.22717299902783,0.0,0.0,0.0,5.0,0.0,25.0,3.817389818085541,60.24675260341465,107.30942386683272
PT0153,hypertension,46.066562570659414,0,31.12935507487188,63.61337545322435,515,6,12.367353622307368,9.407591840081146,147.08388544637208,91.18981836573519,0.0,0.0,0.0,0.0,0.0,0.0,3.817389818085541,55.89406708063689,109.82117405928082
PT0153,hypertension,46.066562570659414,0,31.12935507487188,63.61337545322435,630,7,12.367353622307368,9.407591840081146,147.2366837030121,85.50194277140986,0.0,0.0,0.0,10.0,5.0,0.0,3.817389818085541,61.73474093160223,106.08018974861061
PT0154,hypertension,52.61507206339148,0,22.08552780932465,90.03544206825677,0,0,12.367353622307368,9.407591840081146,179.44987312326936,101.44059311965403,0.0,0.0,0.0,0.0,0.0,100.0,3.817389818085541,78.00928000361533,127.44368645419247
PT0154,hypertension,52.61507206339148,0,22.08552780932465,90.03544206825677,57,1,12.367353622307368,9.407591840081146,175.68174003255228,99.73409469442011,0.0,0.0,0.0,10.0,5.0,0.0,3.817389818085541,75.94764533813218,125.0499764737975
PT0154,hypertension,52.61507206339148,0,22.08552780932465,90.03544206825677,139,2,12.367353622307368,9.407591840081146,175.14280479182446,101.91897820500746,0.0,0.0,0.0,0.0,0.0,0.0,3.817389818085541,73.223826586817,126.32692040061313
PT0154,hypertension,52.61507206339148,0,22.08552780932465,90.03544206825677,205,3,12.367353622307368,9.407591840081146,171.54765245161087,104.72310543210703,0.0,0.0,0.0,0.0,0.0,100.0,3.817389818085541,66.82454701950384,126.99795443860832
PT0154,hypertension,52.61507206339148,0,22.08552780932465,90.03544206825677,414,4,12.367353622307368,9.407591840081146,169.23592878403434,99.81652519308267,0.0,0.0,0.0,10.0,5.0,25.0,3.817389818085541,69.41940359095167,122.95632639006656
PT0154,hypertension,52.61507206339148,0,22.08552780932465,90.03544206825677,585,5,12.367353622307368,9.407591840081146,170.3053790739446,97.16021746330162,0.0,0.0,0.0,5.0,5.0,25.0,3.817389818085541,73.14516161064299,121.54193800018261
PT0154,hypertension,52.61507206339148,0,22.08552780932465,90.03544206825677,608,6,12.367353622307368,9.407591840081146,162.4433904410455,98.75923808355117,0.0,0.0,0.0,0.0,5.0,50.0,3.817389818085541,63.68415235749433,119.98728886938261
PT0154,hypertension,52.61507206339148,0,22.08552780932465,90.03544206825677,678,7,12.367353622307368,9.407591840081146,168.5386463574641,95.54950086943424,0.0,0.0,0.0,0.0,0.0,0.0,3.817389818085541,72.98914548802986,119.87921603211086
PT0155,hypertension,73.63711167415748,1,34.95481505711189,88.99689945057087,0,0,12.367353622307368,9.407591840081146,162.71306384865622,102.23841352744964,0.0,0.0,0.0,5.0,5.0,0.0,3.817389818085541,60.47465032120658,122.39663030118517
PT0155,hypertension,73.63711167415748,1,34.95481505711189,88.99689945057087,157,1,12.367353622307368,9.407591840081146,167.60915365742136,100.16371940254598,0.0,0.0,0.0,0.0,0.0,0.0,3.817389818085541,67.44543425487538,122.64553082083778
PT0155,hypertension,73.63711167415748,1,34.95481505711189,88.99689945057087,291,2,12.367353622307368,9.407591840081146,166.18308207289277,98.36696143176071,0.0,0.0,0.0,0.0,0.0,50.0,3.817389818085541,67.81612064113206,120.97233497880474
PT0155,hypertension,73.63711167415748,1,34.95481505711189,88.99689945057087,392,3,12.367353622307368,9.407591840081146,160.55705112325398,92.74326284280055,0.0,0.0,0.0,10.0,10.0,100.0,3.817389818085541,67.81378828045344,115.34785893628502
PT0155,hypertension,73.63711167415748,1,34.95481505711189,88.99689945057087,587,4,12.367353622307368,9.407591840081146,157.651506516214,95.05638893324884,0.0,0.0,0.0,10.0,5.0,25.0,3.817389818085541,62.59511758296516,115.92142812757056
PT0155,hypertension,73.63711167415748,1,34.95481505711189,88.99689945057087,604,5,12.367353622307368,9.407591840081146,158.77531636919537,92.89467473973995,0.0,0.0,0.0,5.0,0.0,25.0,3.817389818085541,65.88064162945541,114.8548886162251
PT0156,hypertension,44.08351125171085,0,39.72449082750195,76.76466483885302,0,0,12.367353622307368,9.407591840081146,151.912814737448,93.63248273263717,0.0,0.0,0.0,0.0,5.0,100.0,3.817389818085541,58.28033200481083,113.05926006757412
PT0156,hypertension,44.08351125171085,0,39.72449082750195,76.76466483885302,142,1,12.367353622307368,9.407591840081146,146.7298700960809,95.18066234010813,0.0,0.0,0.0,0.0,0.0,0.0,3.817389818085541,51.54920775597277,112.36373159209906
PT0156,hypertension,44.08351125171085,0,39.72449082750195,76.76466483885302,305,2,12.367353622307368,9.407591840081146,150.66110986522315,89.75323728035761,0.0,0.0,0.0,20.0,5.0,0.0,3.817389818085541,60.907872584865544,110.0558614753128
PT0156,hypertension,44.08351125171085,0,39.72449082750195,76.76466483885302,384,3,12.367353622307368,9.407591840081146,154.3001198404733,88.03572167358021,0.0,0.0,0.0,20.0,0.0,0.0,3.817389818085541,66.26439816689307,110.1238543958779
PT0156,hypertension,44.08351125171085,0,39.72449082750195,76.76466483885302,705,4,12.367353622307368,9.407591840081146,147.1507433507213,85.19790604257628,0.0,0.0,0.0,0.0,10.0,0.0,3.817389818085541,61.952837308145035,105.84885181195796
PT0157,hypertension,51.774990283076576,1,32.958131608979755,73.60778940104665,0,0,12.367353622307368,9.407591840081146,171.97549727148555,87.66798220200648,0.0,0.0,0.0,10.0,5.0,0.0,3.817389818085541,84.30751506947907,115.77048722516618
PT0157,hypertension,51.774990283076576,1,32.958131608979755,73.60778940104665,140,1,12.367353622307368,9.407591840081146,173.3727801568991,90.0746880247737,0.0,0.0,0.0,20.0,0.0,0.0,3.817389818085541,83.29809213212539,117.84071873548217
PT0157,hypertension,51.774990283076576,1,32.958131608979755,73.60778940104665,256,2,12.367353622307368,9.407591840081146,172.36274235177822,88.84129073026345,0.0,0.0,0.0,20.0,10.0,25.0,3.817389818085541,83.52145162151477,116.6817746041017
PT0157,hypertension,51.774990283076576,1,32.958131608979755,73.60778940104665,637,3,12.367353622307368,9.407591840081146,173.03645403470054,86.07315633474262,0.0,0.0,0.0,20.0,0.0,25.0,3.817389818085541,86.96329769995792,115.0609222347286
PT0157,hypertension,51.774990283076576,1,32.958131608979755,73.60778940104665,675,4,12.367353622307368,9.407591840081146,172.1388877761838,84.53431457819671,0.0,0.0,0.0,0.0,0.0,0.0,3.817389818085541,87.60457319798708,113.73583897752575
PT0157,hypertension,51.774990283076576,1,32.958131608979755,73.60778940104665,679,5,12.367353622307368,9.407591840081146,170.879650678514,82.28429393645345,0.0,0.0,0.0,5.0,0.0,0.0,3.817389818085541,88.59535674206055,111.8160795171403
PT0158,hypertension,61.73844470818849,1,37.30098516021304,52.40808815764539,0,0,12.367353622307368,9.407591840081146,154.16086100931446,90.86248504805661,0.0,0.0,0.0,20.0,0.0,0.0,3.817389818085541,63.29837596125785,111.96194370180923
PT0158,hypertension,61.73844470818849,1,37.30098516021304,52.40808815764539,297,1,12.367353622307368,9.407591840081146,156.51895599401715,88.75637300087892,0.0,0.0,0.0,20.0,10.0,25.0,3.817389818085541,67.76258299313822,111.34390066525833
PT0158,hypertension,61.73844470818849,1,37.30098516021304,52.40808815764539,299,2,12.367353622307368,9.407591840081146,151.34168151280417,82.64616946044686,0.0,0.0,0.0,10.0,0.0,100.0,3.817389818085541,68.69551205235732,105.5446734778993
PT0158,hypertension,61.73844470818849,1,37.30098516021304,52.40808815764539,357,3,12.367353622307368,9.407591840081146,154.2900609389355,80.29856810244416,0.0,0.0,0.0,10.0,5.0,0.0,3.817389818085541,73.99149283649135,104.96239904794128
PT0158,hypertension,61.73844470818849,1,37.30098516021304,52.40808815764539,449,4,12.367353622307368,9.407591840081146,154.81080788121793,84.46590010924946,0.0,0.0,0.0,0.0,0.0,100.0,3.817389818085541,70.34490777196847,107.91420269990562
PT0158,hypertension,61.73844470818849,1,37.30098516021304,52.40808815764539,480,5,12.367353622307368,9.407591840081146,151.1340244021889,82.79476402416967,0.0,0.0,0.0,5.0,0.0,25.0,3.817389818085541,68.33926037801925,105.57451748350941
PT0158,hypertension,61.73844470818849,1,37.30098516021304,52.40808815764539,698,6,12.367353622307368,9.407591840081146,152.3192523110574,81.82452645181785,0.0,0.0,0.0,0.0,0.0,25.0,3.817389818085541,70.49472585923955,105.3227684048977
PT0159,hypertension,61.6367112000255,1,39.3617482004819,105.71724223779442,0,0,12.367353622307368,9.407591840081146,162.55362676305825,100.00067835080698,0.0,0.0,0.0,0.0,10.0,0.0,3.817389818085541,62.55294841225127,120.85166115489073
PT0159,hypertension,61.6367112000255,1,39.3617482004819,105.71724223779442,60,1,12.367353622307368,9.407591840081146,156.1548012102451,97.80622392931367,0.0,0.0,0.0,10.0,0.0,0.0,3.817389818085541,58.34857728093142,117.25574968962415
PT0159,hypertension,61.6367112000255,1,39.3617482004819,105.71724223779442,264,2,12.367353622307368,9.407591840081146,162.76753269362294,96.0792292898008,0.0,0.0,0.0,5.0,0.0,25.0,3.817389818085541,66.68830340382215,118.30866375774151
PT0159,hypertension,61.6367112000255,1,39.3617482004819,105.71724223779442,301,3,12.367353622307368,9.407591840081146,156.5108362011623,92.90526740024694,0.0,0.0,0.0,5.0,5.0,0.0,3.817389818085541,63.605568800915364,114.10712366721873
PT0159,hypertension,61.6367112000255,1,39.3617482004819,105.71724223779442,540,4,12.367353622307368,9.407591840081146,155.55555972392028,94.31600919043615,0.0,0.0,0.0,0.0,10.0,25.0,3.817389818085541,61.239550533484135,114.72919270159753
PT0159,hypertension,61.6367112000255,1,39.3617482004819,105.71724223779442,595,5,12.367353622307368,9.407591840081146,153.39761824163048,90.7763466342241,0.0,0.0,0.0,20.0,10.0,0.0,3.817389818085541,62.621271607406385,111.65010383669289
PT0160,hypertension,57.720815297333324,1,30.56173792152736,57.46517809327557,0,0,12.367353622307368,9.407591840081146,175.6702921175692,90.67991383491362,0.0,0.0,0.0,10.0,5.0,25.0,3.817389818085541,84.99037828265558,119.01003992913215
PT0160,hypertension,57.720815297333324,1,30.56173792152736,57.46517809327557,350,1,12.367353622307368,9.407591840081146,182.69524684431562,93.2854788618972,0.0,0.0,0.0,0.0,10.0,25.0,3.817389818085541,89.40976798241842,123.08873485603668
PT0160,hypertension,57.720815297333324,1,30.56173792152736,57.46517809327557,503,2,12.367353622307368,9.407591840081146,170.9674581216096,88.833477833251,0.0,0.0,0.0,10.0,0.0,0.0,3.817389818085541,82.13398028835861,116.21147126270387
PT0160,hypertension,57.720815297333324,1,30.56173792152736,57.46517809327557,544,3,12.367353622307368,9.407591840081146,170.33651398493987,88.43955286260882,0.0,0.0,0.0,0.0,5.0,0.0,3.817389818085541,81.89696112233105,115.73853990338584
PT0160,hypertension,57.720815297333324,1,30.56173792152736,57.46517809327557,615,4,12.367353622307368,9.407591840081146,174.75601265243785,87.33598146921307,0.0,0.0,0.0,10.0,5.0,0.0,3.817389818085541,87.42003118322478,116.47599186362133
PT0160,hypertension,57.720815297333324,1,30.56173792152736,57.46517809327557,624,5,12.367353622307368,9.407591840081146,170.06047299321682,83.51732092458646,0.0,0.0,0.0,20.0,0.0,100.0,3.817389818085541,86.54315206863036,112.36503828079658
PT0160,hypertension,57.720815297333324,1,30.56173792152736,57.46517809327557,675,6,12.367353622307368,9.407591840081146,172.23447592965542,80.27551606169779,0.0,0.0,0.0,0.0,10.0,50.0,3.817389818085541,91.95895986795763,110.92850268435033
PT0161,hypertension,41.77812718428714,1,37.01737996082835,105.60691413694661,0,0,12.367353622307368,9.407591840081146,169.9821874015985,87.91645093781527,0.0,0.0,0.0,20.0,0.0,50.0,3.817389818085541,82.06573646378324,115.27169642574302
PT0161,hypertension,41.77812718428714,1,37.01737996082835,105.60691413694661,362,1,12.367353622307368,9.407591840081146,166.83538190906958,86.56272419875832,0.0,0.0,0.0,0.0,0.0,25.0,3.817389818085541,80.27265771031126,113.32027676886207
PT0161,hypertension,41.77812718428714,1,37.01737996082835,105.60691413694661,518,2,12.367353622307368,9.407591840081146,169.71981724881644,84.59769855940327,0.0,0.0,0.0,10.0,10.0,100.0,3.817389818085541,85.12211868941317,112.971738122541
PT0161,hypertension,41.77812718428714,1,37.01737996082835,105.60691413694661,544,3,12.367353622307368,9.407591840081146,165.23642831458227,87.05767408328279,0.0,0.0,0.0,20.0,10.0,0.0,3.817389818085541,78.17875423129948,113.11725882704928
PT0161,hypertension,41.77812718428714,1,37.01737996082835,105.60691413694661,572,4,12.367353622307368,9.407591840081146,164.31962428618542,82.88493660329638,0.0,0.0,0.0,10.0,10.0,25.0,3.817389818085541,81.43468768288903,110.02983249759272
PT0161,hypertension,41.77812718428714,1,37.01737996082835,105.60691413694661,627,5,12.367353622307368,9.407591840081146,161.82763852795551,82.00698152594964,0.0,0.0,0.0,10.0,0.0,50.0,3.817389818085541,79.82065700200587,108.61386719328493
PT0161,hypertension,41.77812718428714,1,37.01737996082835,105.60691413694661,637,6,12.367353622307368,9.407591840081146,160.30560036764527,82.35332274255109,0.0,0.0,0.0,10.0,0.0,0.0,3.817389818085541,77.95227762509418,108.33741528424915
PT0161,hypertension,41.77812718428714,1,37.01737996082835,105.60691413694661,707,7,12.367353622307368,9.407591840081146,154.5881535735797,79.19444096592251,0.0,0.0,0.0,10.0,0.0,100.0,3.817389818085541,75.39371260765718,104.32567850180824
PT0162,hypertension,65.94599098317921,1,38.95534279459371,49.12259895471697,0,0,12.367353622307368,9.407591840081146,167.74598345600205,90.96879877228692,0.0,0.0,0.0,10.0,5.0,0.0,3.817389818085541,76.77718468371513,116.56119366685863
PT0162,hypertension,65.94599098317921,1,38.95534279459371,49.12259895471697,396,1,12.367353622307368,9.407591840081146,168.17502290658774,92.31824529190732,0.0,0.0,0.0,10.0,5.0,50.0,3.817389818085541,75.85677761468042,117.60383783013413
PT0162,hypertension,65.94599098317921,1,38.95534279459371,49.12259895471697,413,2,12.367353622307368,9.407591840081146,169.40364804157335,88.3452202899619,0.0,0.0,0.0,0.0,0.0,0.0,3.817389818085541,81.05842775161145,115.36469620716572
PT0162,hypertension,65.94599098317921,1,38.95534279459371,49.12259895471697,566,3,12.367353622307368,9.407591840081146,163.68687406529645,90.06597513168266,0.0,0.0,0.0,20.0,10.0,25.0,3.817389818085541,73.62089893361379,114.60627477622059
PT0162,hypertension,65.94599098317921,1,38.95534279459371,49.12259895471697,595,4,12.367353622307368,9.407591840081146,171.15681645117402,94.23124732118077,0.0,0.0,0.0,5.0,5.0,25.0,3.817389818085541,76.92556912999325,119.8731036978452
PT0162,hypertension,65.94599098317921,1,38.95534279459371,49.12259895471697,598,5,12.367353622307368,9.407591840081146,157.8760951164304,92.92996728563345,0.0,0.0,0.0,20.0,0.0,0.0,3.817389818085541,64.94612783079695,114.57867656256578
PT0163,hypertension,64.74366029649227,1,32.95413441398227,87.22717896876344,0,0,12.367353622307368,9.407591840081146,152.31112651319555,92.63197425575731,0.0,0.0,0.0,10.0,0.0,25.0,3.817389818085541,59.67915225743823,112.52502500823672
PT0163,hypertension,64.74366029649227,1,32.95413441398227,87.22717896876344,363,1,12.367353622307368,9.407591840081146,146.02427845235758,92.86650526138942,0.0,0.0,0.0,10.0,0.0,50.0,3.817389818085541,53.15777319096816,110.58576299171214
PT0163,hypertension,64.74366029649227,1,32.95413441398227,87.22717896876344,379,2,12.367353622307368,9.407591840081146,149.97143691466852,91.38306669587614,0.0,0.0,0.0,10.0,10.0,25.0,3.817389818085541,58.58837021879238,110.9125234354736
PT0163,hypertension,64.74366029649227,1,32.95413441398227,87.22717896876344,396,3,12.367353622307368,9.407591840081146,142.8317446815476,90.52956030588332,0.0,0.0,0.0,0.0,0.0,100.0,3.817389818085541,52.30218437566428,107.96362176443809
PT0163,hypertension,64.74366029649227,1,32.95413441398227,87.22717896876344,537,4,12.367353622307368,9.407591840081146,143.6078143741749,89.23801675735713,0.0,0.0,0.0,10.0,5.0,50.0,3.817389818085541,54.36979761681776,107.36128262962971
PT0163,hypertension,64.74366029649227,1,32.95413441398227,87.22717896876344,608,5,12.367353622307368,9.407591840081146,134.47978028244495,91.45932057278226,0.0,0.0,0.0,10.0,0.0,0.0,3.817389818085541,43.02045970966269,105.79947380933649
PT0163,hypertension,64.74366029649227,1,32.95413441398227,87.22717896876344,619,6,12.367353622307368,9.407591840081146,135.13232074547994,88.54604801486862,0.0,0.0,0.0,0.0,10.0,100.0,3.817389818085541,46.58627273061133,104.07480559173906
PT0163,hypertension,64.74366029649227,1,32.95413441398227,87.22717896876344,652,7,12.367353622307368,9.407591840081146,137.0289536408549,86.98719933603469,0.0,0.0,0.0,20.0,5.0,25.0,3.817389818085541,50.0417543048202,103.6677841043081
PT0164,hypertension,55.679119558384,1,22.0938937791681,86.4117647637832,0,0,12.367353622307368,9.407591840081146,159.64102466081823,94.4453673411221,0.0,0.0,0.0,0.0,10.0,0.0,3.817389818085541,65.19565731969614,116.17725311435414
PT0164,hypertension,55.679119558384,1,22.0938937791681,86.4117647637832,183,1,12.367353622307368,9.407591840081146,156.16477367389837,89.20013396746532,0.0,0.0,0.0,5.0,0.0,25.0,3.817389818085541,66.96463970643305,111.52168053627634
PT0164,hypertension,55.679119558384,1,22.0938937791681,86.4117647637832,296,2,12.367353622307368,9.407591840081146,153.294121045307,91.12995625002017,0.0,0.0,0.0,0.0,0.0,0.0,3.817389818085541,62.16416479528684,111.85134451511578
PT0164,hypertension,55.679119558384,1,22.0938937791681,86.4117647637832,446,3,12.367353622307368,9.407591840081146,159.49318246897715,90.63595120424898,0.0,0.0,0.0,5.0,0.0,100.0,3.817389818085541,68.85723126472817,113.58836162582504
PT0164,hypertension,55.679119558384,1,22.0938937791681,86.4117647637832,596,4,12.367353622307368,9.407591840081146,152.4852911323259,86.80663520475905,0.0,0.0,0.0,10.0,0.0,100.0,3.817389818085541,65.67865592756685,108.699520513948
PT0164,hypertension,55.679119558384,1,22.0938937791681,86.4117647637832,622,5,12.367353622307368,9.407591840081146,156.07948212744316,86.78936566601253,0.0,0.0,0.0,0.0,5.0,0.0,3.817389818085541,69.29011646143063,109.88607115315607
PT0164,hypertension,55.679119558384,1,22.0938937791681,86.4117647637832,652,6,12.367353622307368,9.407591840081146,157.40592984666466,88.21692935008305,0.0,0.0,0.0,0.0,0.0,0.0,3.817389818085541,69.18900049658161,111.27992951561025
PT0165,hypertension,43.40026431248908,1,30.602755911216274,72.30193304690488,0,0,12.367353622307368,9.407591840081146,167.1792814371858,104.00548155978056,0.0,0.0,0.0,0.0,0.0,0.0,3.817389818085541,63.173799877405244,125.06341485224898
PT0165,hypertension,43.40026431248908,1,30.602755911216274,72.30193304690488,160,1,12.367353622307368,9.407591840081146,178.73164765318666,103.04155623652039,0.0,0.0,0.0,0.0,10.0,0.0,3.817389818085541,75.69009141666626,128.2715867087425
PT0165,hypertension,43.40026431248908,1,30.602755911216274,72.30193304690488,198,2,12.367353622307368,9.407591840081146,171.6460598418891,103.28703094163612,0.0,0.0,0.0,0.0,10.0,25.0,3.817389818085541,68.35902890025298,126.07337390838711
PT0165,hypertension,43.40026431248908,1,30.602755911216274,72.30193304690488,305,3,12.367353622307368,9.407591840081146,171.80054919314833,105.6638091090968,0.0,0.0,0.0,5.0,0.0,0.0,3.817389818085541,66.13674008405152,127.70938913711397
PT0165,hypertension,43.40026431248908,1,30.602755911216274,72.30193304690488,395,4,12.367353622307368,9.407591840081146,165.77185710725928,103.46764355772497,0.0,0.0,0.0,10.0,0.0,50.0,3.817389818085541,62.30421354953431,124.23571474090308
PT0166,hypertension,45.79954949396634,0,24.98947094167765,70.51477544833234,0,0,12.367353622307368,9.407591840081146,170.3666778724391,93.41881601205883,0.0,0.0,0.0,0.0,0.0,0.0,3.817389818085541,76.94786186038029,119.06810329885225
PT0166,hypertension,45.79954949396634,0,24.98947094167765,70.51477544833234,148,1,12.367353622307368,9.407591840081146,168.3333552021129,93.85821278992844,0.0,0.0,0.0,10.0,5.0,0.0,3.817389818085541,74.47514241218445,118.6832602606566
PT0166,hypertension,45.79954949396634,0,24.98947094167765,70.51477544833234,235,2,12.367353622307368,9.407591840081146,171.50202270287195,91.45683762312356,0.0,0.0,0.0,0.0,10.0,100.0,3.817389818085541,80.04518507974839,118.1385659830397
PT0166,hypertension,45.79954949396634,0,24.98947094167765,70.51477544833234,596,3,12.367353622307368,9.407591840081146,165.09092944047939,90.9557950925703,0.0,0.0,0.0,0.0,10.0,25.0,3.817389818085541,74.13513434790909,115.66750654187332
PT0166,hypertension,45.79954949396634,0,24.98947094167765,70.51477544833234,632,4,12.367353622307368,9.407591840081146,163.09872274113042,90.40243136150366,0.0,0.0,0.0,10.0,5.0,50.0,3.817389818085541,72.69629137962676,114.63452848804592
PT0167,hypertension,67.92067531493288,0,32.55523519968279,107.56819585346881,0,0,12.367353622307368,9.407591840081146,153.62533378955098,101.09146591923961,0.0,0.0,0.0,20.0,5.0,0.0,3.817389818085541,52.53386787031137,118.6027552093434
PT0167,hypertension,67.92067531493288,0,32.55523519968279,107.56819585346881,18,1,12.367353622307368,9.407591840081146,155.72204116725646,98.97351838071152,0.0,0.0,0.0,5.0,5.0,100.0,3.817389818085541,56.74852278654494,117.88969264289317
PT0167,hypertension,67.92067531493288,0,32.55523519968279,107.56819585346881,189,2,12.367353622307368,9.407591840081146,148.3985822513974,97.77480400615134,0.0,0.0,0.0,20.0,10.0,0.0,3.817389818085541,50.623778245246044,114.6493967545667
PT0167,hypertension,67.92067531493288,0,32.55523519968279,107.56819585346881,567,3,12.367353622307368,9.407591840081146,140.80043705390605,94.61374668523648,0.0,0.0,0.0,10.0,10.0,25.0,3.817389818085541,46.186690368669574,110.00931014145966
PT0167,hypertension,67.92067531493288,0,32.55523519968279,107.56819585346881,633,4,12.367353622307368,9.407591840081146,142.78567870938335,95.70779611320918,0.0,0.0,0.0,10.0,10.0,0.0,3.817389818085541,47.07788259617416,111.40042364526724
PT0167,hypertension,67.92067531493288,0,32.55523519968279,107.56819585346881,654,5,12.367353622307368,9.407591840081146,129.61115421376746,94.46617151919212,0.0,0.0,0.0,20.0,10.0,25.0,3.817389818085541,35.14498269457535,106.18116575071723
PT0167,hypertension,67.92067531493288,0,32.55523519968279,107.56819585346881,667,6,12.367353622307368,9.407591840081146,135.9306866144957,97.67989352630595,0.0,0.0,0.0,5.0,10.0,0.0,3.817389818085541,38.25079308818975,110.43015788903587
PT0168,hypertension,41.11846556683311,1,32.77319142426852,95.49992366317758,0,0,12.367353622307368,9.407591840081146,163.99125138245412,96.94922744212874,0.0,0.0,0.0,0.0,0.0,0.0,3.817389818085541,67.04202394032538,119.29656875557053
PT0168,hypertension,41.11846556683311,1,32.77319142426852,95.49992366317758,86,1,12.367353622307368,9.407591840081146,165.01040340143808,101.6309291071199,0.0,0.0,0.0,10.0,0.0,0.0,3.817389818085541,63.379474294318186,122.75742053855929
PT0168,hypertension,41.11846556683311,1,32.77319142426852,95.49992366317758,105,2,12.367353622307368,9.407591840081146,165.46023986014404,99.55485461186642,0.0,0.0,0.0,10.0,0.0,50.0,3.817389818085541,65.90538524827763,121.52331636129229
PT0168,hypertension,41.11846556683311,1,32.77319142426852,95.49992366317758,199,3,12.367353622307368,9.407591840081146,164.73805341381183,96.38514059092817,0.0,0.0,0.0,10.0,0.0,0.0,3.817389818085541,68.35291282288365,119.16944486522273
PT0168,hypertension,41.11846556683311,1,32.77319142426852,95.49992366317758,359,4,12.367353622307368,9.407591840081146,161.6417223851887,96.4999355050621,0.0,0.0,0.0,0.0,10.0,0.0,3.817389818085541,65.1417868801266,118.2138644651043
PT0168,hypertension,41.11846556683311,1,32.77319142426852,95.49992366317758,456,5,12.367353622307368,9.407591840081146,164.7671747464121,98.00938813610642,0.0,0.0,0.0,5.0,10.0,0.0,3.817389818085541,66.75778661030569,120.26198367287499
PT0168,hypertension,41.11846556683311,1,32.77319142426852,95.49992366317758,577,6,12.367353622307368,9.407591840081146,165.40990716741493,96.40525153048279,0.0,0.0,0.0,0.0,0.0,25.0,3.817389818085541,69.00465563693214,119.40680340946017
PT0168,hypertension,41.11846556683311,1,32.77319142426852,95.49992366317758,674,7,12.367353622307368,9.407591840081146,162.85961382886325,93.67942502917495,0.0,0.0,0.0,0.0,10.0,25.0,3.817389818085541,69.1801887996883,116.73948796240438
PT0169,hypertension,55.21928748991013,0,38.43270055134535,79.7325316187883,0,0,12.367353622307368,9.407591840081146,169.11742557345806,104.30821366399023,0.0,0.0,0.0,20.0,0.0,50.0,3.817389818085541,64.80921190946783,125.91128430047951
PT0169,hypertension,55.21928748991013,0,38.43270055134535,79.7325316187883,120,1,12.367353622307368,9.407591840081146,166.68056811999304,101.80460627414989,0.0,0.0,0.0,5.0,0.0,25.0,3.817389818085541,64.87596184584315,123.42992688943094
PT0169,hypertension,55.21928748991013,0,38.43270055134535,79.7325316187883,265,2,12.367353622307368,9.407591840081146,162.08596468707694,101.81944288861493,0.0,0.0,0.0,20.0,0.0,25.0,3.817389818085541,60.26652179846201,121.90828348810227
PT0169,hypertension,55.21928748991013,0,38.43270055134535,79.7325316187883,466,3,12.367353622307368,9.407591840081146,169.52965067219114,101.99717514025492,0.0,0.0,0.0,0.0,10.0,25.0,3.817389818085541,67.53247553193621,124.508000317567
PT0170,hypertension,62.36607747943359,0,38.0151577813873,64.44995653910766,0,0,12.367353622307368,9.407591840081146,148.1816504984214,95.2566333663459,0.0,0.0,0.0,20.0,10.0,50.0,3.817389818085541,52.925017132075496,112.8983057437044
PT0170,hypertension,62.36607747943359,0,38.0151577813873,64.44995653910766,472,1,12.367353622307368,9.407591840081146,145.6756032689261,89.8813764816331,0.0,0.0,0.0,20.0,0.0,25.0,3.817389818085541,55.794226787293,108.47945207739743
PT0170,hypertension,62.36607747943359,0,38.0151577813873,64.44995653910766,498,2,12.367353622307368,9.407591840081146,139.836930287701,88.2667727403272,0.0,0.0,0.0,10.0,10.0,50.0,3.817389818085541,51.570157547373796,105.45682525611846
PT0170,hypertension,62.36607747943359,0,38.0151577813873,64.44995653910766,501,3,12.367353622307368,9.407591840081146,138.26867876295287,92.02680980968142,0.0,0.0,0.0,5.0,10.0,50.0,3.817389818085541,46.24186895327145,107.44076612743858
PT0170,hypertension,62.36607747943359,0,38.0151577813873,64.44995653910766,621,4,12.367353622307368,9.407591840081146,137.82635555295028,91.14722634237505,0.0,0.0,0.0,10.0,5.0,0.0,3.817389818085541,46.679129210575226,106.70693607923346
PT0171,hypertension,59.125209007128575,0,28.455612742542307,83.75128729302841,0,0,12.367353622307368,9.407591840081146,156.4546366819591,108.2276626688303,0.0,0.0,0.0,10.0,10.0,0.0,3.817389818085541,48.226974013128796,124.30332067320657
PT0171,hypertension,59.125209007128575,0,28.455612742542307,83.75128729302841,227,1,12.367353622307368,9.407591840081146,166.8284470486828,103.09887815652645,0.0,0.0,0.0,5.0,0.0,0.0,3.817389818085541,63.72956889215634,124.34206778724523
PT0171,hypertension,59.125209007128575,0,28.455612742542307,83.75128729302841,344,2,12.367353622307368,9.407591840081146,163.31917571590003,106.90411789603269,0.0,0.0,0.0,0.0,10.0,0.0,3.817389818085541,56.41505781986734,125.7091371693218
PT0171,hypertension,59.125209007128575,0,28.455612742542307,83.75128729302841,354,3,12.367353622307368,9.407591840081146,168.76223843670178,99.9313318962533,0.0,0.0,0.0,5.0,5.0,0.0,3.817389818085541,68.83090654044848,122.87496740973613
PT0171,hypertension,59.125209007128575,0,28.455612742542307,83.75128729302841,567,4,12.367353622307368,9.407591840081146,165.09826487847954,98.44441597093963,0.0,0.0,0.0,10.0,0.0,0.0,3.817389818085541,66.65384890753991,120.66236560678627
PT0171,hypertension,59.125209007128575,0,28.455612742542307,83.75128729302841,660,5,12.367353622307368,9.407591840081146,153.97499848410456,101.13283237010224,0.0,0.0,0.0,10.0,0.0,0.0,3.817389818085541,52.842166114002325,118.74688774143634
PT0172,hypertension,60.982691163288706,0,23.685570481846394,92.72222142148874,0,0,12.367353622307368,9.407591840081146,171.69819024768003,91.38180360536693,0.0,0.0,0.0,5.0,0.0,0.0,3.817389818085541,80.3163866423131,118.15393248613796
PT0172,hypertension,60.982691163288706,0,23.685570481846394,92.72222142148874,255,1,12.367353622307368,9.407591840081146,167.07990913230898,93.5733810630177,0.0,0.0,0.0,10.0,0.0,50.0,3.817389818085541,73.50652806929128,118.0755570861148
PT0172,hypertension,60.982691163288706,0,23.685570481846394,92.72222142148874,283,2,12.367353622307368,9.407591840081146,167.57283864602852,93.56513505277871,0.0,0.0,0.0,0.0,5.0,0.0,3.817389818085541,74.0077035932498,118.23436958386198
PT0172,hypertension,60.982691163288706,0,23.685570481846394,92.72222142148874,439,3,12.367353622307368,9.407591840081146,156.97500634498752,96.74346321644781,0.0,0.0,0.0,10.0,10.0,0.0,3.817389818085541,60.23154312853971,116.82064425929438
PT0172,hypertension,60.982691163288706,0,23.685570481846394,92.72222142148874,500,4,12.367353622307368,9.407591840081146,157.14088641042588,93.76995176158258,0.0,0.0,0.0,5.0,0.0,0.0,3.817389818085541,63.3709346488433,114.89359664453035
PT0172,hypertension,60.982691163288706,0,23.685570481846394,92.72222142148874,690,5,12.367353622307368,9.407591840081146,163.07972199593556,90.98356531623203,0.0,0.0,0.0,10.0,5.0,0.0,3.817389818085541,72.09615667970353,115.01561754279987
PT0173,hypertension,45.33973895605722,1,30.760174235958615,54.49880138487059,0,0,12.367353622307368,9.407591840081146,149.40302554954795,99.84932077964102,0.0,0.0,0.0,10.0,5.0,0.0,3.817389818085541,49.55370476990693,116.36722236960999
PT0173,hypertension,45.33973895605722,1,30.760174235958615,54.49880138487059,210,1,12.367353622307368,9.407591840081146,159.24027236946444,103.21213884420861,0.0,0.0,0.0,0.0,0.0,50.0,3.817389818085541,56.028133525255825,121.88818335262722
PT0173,hypertension,45.33973895605722,1,30.760174235958615,54.49880138487059,334,2,12.367353622307368,9.407591840081146,154.3547983755394,102.87511582440446,0.0,0.0,0.0,0.0,0.0,100.0,3.817389818085541,51.47968255113493,120.0350100081161
PT0173,hypertension,45.33973895605722,1,30.760174235958615,54.49880138487059,441,3,12.367353622307368,9.407591840081146,154.1253439277982,99.23892403426237,0.0,0.0,0.0,5.0,10.0,0.0,3.817389818085541,54.886419893535844,117.53439733210764
PT0173,hypertension,45.33973895605722,1,30.760174235958615,54.49880138487059,474,4,12.367353622307368,9.407591840081146,160.35122861389058,103.39667001702803,0.0,0.0,0.0,0.0,5.0,0.0,3.817389818085541,56.954558596862555,122.38152288264888
PT0173,hypertension,45.33973895605722,1,30.760174235958615,54.49880138487059,675,5,12.367353622307368,9.407591840081146,155.5183813794746,95.53777653997675,0.0,0.0,0.0,20.0,5.0,0.0,3.817389818085541,59.98060483949784,115.53131148647603
PT0174,hypertension,56.57067844977662,0,38.20019977345512,70.47677958094697,0,0,12.367353622307368,9.407591840081146,158.0494788406475,88.46675961994887,0.0,0.0,0.0,5.0,10.0,50.0,3.817389818085541,69.58271922069864,111.66099936018175
PT0174,hypertension,56.57067844977662,0,38.20019977345512,70.47677958094697,231,1,12.367353622307368,9.407591840081146,150.69552739922796,89.99441192106886,0.0,0.0,0.0,20.0,5.0,100.0,3.817389818085541,60.701115478159096,110.22811708045522
PT0174,hypertension,56.57067844977662,0,38.20019977345512,70.47677958094697,507,2,12.367353622307368,9.407591840081146,150.2714825543104,94.00059880454768,0.0,0.0,0.0,0.0,10.0,25.0,3.817389818085541,56.27088374976273,112.75756005446858
PT0174,hypertension,56.57067844977662,0,38.20019977345512,70.47677958094697,560,3,12.367353622307368,9.407591840081146,143.13933712638044,85.56203660722097,0.0,0.0,0.0,10.0,10.0,25.0,3.817389818085541,57.577300519159465,104.75447011360747
PT0174,hypertension,56.57067844977662,0,38.20019977345512,70.47677958094697,594,4,12.367353622307368,9.407591840081146,143.2697982212107,82.49911584812705,0.0,0.0,0.0,20.0,10.0,0.0,3.817389818085541,60.770682373083645,102.75600997248826
PT0174,hypertension,56.57067844977662,0,38.20019977345512,70.47677958094697,646,5,12.367353622307368,9.407591840081146,150.07514976091227,85.71112888789769,0.0,0.0,0.0,0.0,0.0,50.0,3.817389818085541,64.36402087301458,107.16580251223589
PT0175,hypertension,66.0665155569977,0,35.32649635669763,63.35984342482577,0,0,12.367353622307368,9.407591840081146,173.47059061115294,102.35135034123441,0.0,0.0,0.0,0.0,0.0,0.0,3.817389818085541,71.11924026991854,126.05776376454058
PT0175,hypertension,66.0665155569977,0,35.32649635669763,63.35984342482577,302,1,12.367353622307368,9.407591840081146,167.7350416057408,99.41075975131982,0.0,0.0,0.0,10.0,0.0,25.0,3.817389818085541,68.32428185442099,122.18552036946015
PT0175,hypertension,66.0665155569977,0,35.32649635669763,63.35984342482577,582,2,12.367353622307368,9.407591840081146,168.14071305425156,96.25547832075026,0.0,0.0,0.0,5.0,5.0,25.0,3.817389818085541,71.8852347335013,120.21722323191736
PT0175,hypertension,66.0665155569977,0,35.32649635669763,63.35984342482577,638,3,12.367353622307368,9.407591840081146,161.3222350437267,98.70246291589801,0.0,0.0,0.0,10.0,5.0,50.0,3.817389818085541,62.61977212782868,119.57572029184091
PT0175,hypertension,66.0665155569977,0,35.32649635669763,63.35984342482577,677,4,12.367353622307368,9.407591840081146,164.35428938905508,97.89453693691516,0.0,0.0,0.0,10.0,0.0,0.0,3.817389818085541,66.45975245213992,120.04778775429513
PT0176,hypertension,38.36714169921958,0,39.4362076200963,82.28729224184498,0,0,12.367353622307368,9.407591840081146,181.44937841071354,90.17133738658532,0.0,0.0,0.0,0.0,0.0,100.0,3.817389818085541,91.27804102412821,120.59735106129473
PT0176,hypertension,38.36714169921958,0,39.4362076200963,82.28729224184498,148,1,12.367353622307368,9.407591840081146,174.07563469667951,92.05164655581576,0.0,0.0,0.0,20.0,5.0,0.0,3.817389818085541,82.02398814086375,119.39297593610368
PT0176,hypertension,38.36714169921958,0,39.4362076200963,82.28729224184498,555,2,12.367353622307368,9.407591840081146,169.4486338935164,87.33130614885593,0.0,0.0,0.0,0.0,5.0,25.0,3.817389818085541,82.11732774466046,114.70374873040942
PT0176,hypertension,38.36714169921958,0,39.4362076200963,82.28729224184498,639,3,12.367353622307368,9.407591840081146,176.06126675362208,91.8429145867438,0.0,0.0,0.0,5.0,5.0,50.0,3.817389818085541,84.21835216687828,119.91569864236989
PT0177,hypertension,64.47301054785693,0,31.499107170267948,108.4303172044824,0,0,12.367353622307368,9.407591840081146,180.98278805162764,107.94638199536851,0.0,0.0,0.0,0.0,5.0,50.0,3.817389818085541,73.03640605625912,132.29185068078823
PT0177,hypertension,64.47301054785693,0,31.499107170267948,108.4303172044824,403,1,12.367353622307368,9.407591840081146,182.66533533141836,104.10819972322419,0.0,0.0,0.0,0.0,5.0,25.0,3.817389818085541,78.55713560819417,130.29391159262224
PT0177,hypertension,64.47301054785693,0,31.499107170267948,108.4303172044824,440,2,12.367353622307368,9.407591840081146,180.02404291085963,101.62872706520682,0.0,0.0,0.0,10.0,10.0,0.0,3.817389818085541,78.39531584565282,127.76049901375775
PT0177,hypertension,64.47301054785693,0,31.499107170267948,108.4303172044824,560,3,12.367353622307368,9.407591840081146,186.173780684997,104.92028494241207,0.0,0.0,0.0,0.0,5.0,50.0,3.817389818085541,81.25349574258495,132.00478352327372
PT0177,hypertension,64.47301054785693,0,31.499107170267948,108.4303172044824,579,4,12.367353622307368,9.407591840081146,171.93365548175598,100.78524868484536,0.0,0.0,0.0,10.0,0.0,25.0,3.817389818085541,71.14840679691062,124.50138428381557
PT0177,hypertension,64.47301054785693,0,31.499107170267948,108.4303172044824,619,5,12.367353622307368,9.407591840081146,172.17873480251532,103.18137510433931,0.0,0.0,0.0,10.0,5.0,0.0,3.817389818085541,68.99735969817601,126.18049500373131
PT0177,hypertension,64.47301054785693,0,31.499107170267948,108.4303172044824,692,6,12.367353622307368,9.407591840081146,174.37346958509585,95.64341802073642,0.0,0.0,0.0,0.0,5.0,25.0,3.817389818085541,78.73005156435943,121.88676854218956
PT0178,hypertension,50.86690395700309,1,39.0436555276882,102.51281592875063,0,0,12.367353622307368,9.407591840081146,163.10477373216017,94.21251111258951,0.0,0.0,0.0,10.0,5.0,0.0,3.817389818085541,68.89226261957066,117.1765986524464
PT0178,hypertension,50.86690395700309,1,39.0436555276882,102.51281592875063,96,1,12.367353622307368,9.407591840081146,162.01163611827545,95.16056781946058,0.0,0.0,0.0,0.0,5.0,25.0,3.817389818085541,66.85106829881487,117.44425725239887
PT0178,hypertension,50.86690395700309,1,39.0436555276882,102.51281592875063,181,2,12.367353622307368,9.407591840081146,154.74681502970517,95.92305797170394,0.0,0.0,0.0,0.0,0.0,0.0,3.817389818085541,58.823757058001235,115.53097699103769
PT0178,hypertension,50.86690395700309,1,39.0436555276882,102.51281592875063,367,3,12.367353622307368,9.407591840081146,164.4136293761722,97.72092054892298,0.0,0.0,0.0,0.0,5.0,0.0,3.817389818085541,66.69270882724922,119.95182349133938
PT0178,hypertension,50.86690395700309,1,39.0436555276882,102.51281592875063,463,4,12.367353622307368,9.407591840081146,152.8426029079508,95.52643873584994,0.0,0.0,0.0,0.0,5.0,50.0,3.817389818085541,57.31616417210087,114.63182679321689
PT0178,hypertension,50.86690395700309,1,39.0436555276882,102.51281592875063,549,5,12.367353622307368,9.407591840081146,151.72117420688392,93.38540336512824,0.0,0.0,0.0,20.0,5.0,0.0,3.817389818085541,58.335770841755675,112.83066031238013
PT0178,hypertension,50.86690395700309,1,39.0436555276882,102.51281592875063,688,6,12.367353622307368,9.407591840081146,149.68020517395146,92.23140056351751,0.0,0.0,0.0,0.0,0.0,100.0,3.817389818085541,57.44880461043395,111.38100210032883
PT0178,hypertension,50.86690395700309,1,39.0436555276882,102.51281592875063,702,7,12.367353622307368,9.407591840081146,146.39601590144792,94.44869524124458,0.0,0.0,0.0,10.0,10.0,50.0,3.817389818085541,51.947320660203346,111.7644687946457
PT0179,hypertension,61.17790865732918,0,34.92585499787808,48.39249316100076,0,0,12.367353622307368,9.407591840081146,161.62512582502217,97.73180254880104,0.0,0.0,0.0,10.0,0.0,0.0,3.817389818085541,63.893323276221125,119.02957697420808
PT0179,hypertension,61.17790865732918,0,34.92585499787808,48.39249316100076,54,1,12.367353622307368,9.407591840081146,166.6645612461848,92.91357781789786,0.0,0.0,0.0,0.0,10.0,50.0,3.817389818085541,73.75098342828694,117.49723896066017
PT0179,hypertension,61.17790865732918,0,34.92585499787808,48.39249316100076,86,2,12.367353622307368,9.407591840081146,151.53258889359,95.88770091819059,0.0,0.0,0.0,10.0,10.0,0.0,3.817389818085541,55.64488797539941,114.4359969099904
PT0179,hypertension,61.17790865732918,0,34.92585499787808,48.39249316100076,231,3,12.367353622307368,9.407591840081146,153.5331852166152,98.17149411674387,0.0,0.0,0.0,0.0,10.0,100.0,3.817389818085541,55.36169109987134,116.62539115003432
PT0179,hypertension,61.17790865732918,0,34.92585499787808,48.39249316100076,455,4,12.367353622307368,9.407591840081146,156.49390155322143,92.01227061497073,0.0,0.0,0.0,0.0,0.0,25.0,3.817389818085541,64.4816309382507,113.50614759438763
PT0179,hypertension,61.17790865732918,0,34.92585499787808,48.39249316100076,477,5,12.367353622307368,9.407591840081146,156.43776011616757,90.52153279776189,0.0,0.0,0.0,10.0,5.0,0.0,3.817389818085541,65.91622731840567,112.49360857056378
PT0179,hypertension,61.17790865732918,0,34.92585499787808,48.39249316100076,583,6,12.367353622307368,9.407591840081146,150.98364515470823,93.96049416360914,0.0,0.0,0.0,0.0,10.0,0.0,3.817389818085541,57.02315099109909,112.96821116064217
PT0180,hypertension,39.036601241618214,1,30.960569699252183,72.86205522670713,0,0,12.367353622307368,9.407591840081146,172.8116185302431,105.90400734913493,0.0,0.0,0.0,10.0,5.0,0.0,3.817389818085541,66.90761118110817,128.20654440950432
PT0180,hypertension,39.036601241618214,1,30.960569699252183,72.86205522670713,131,1,12.367353622307368,9.407591840081146,177.71056499426115,109.88056001756422,0.0,0.0,0.0,0.0,10.0,0.0,3.817389818085541,67.83000497669693,132.4905616764632
PT0180,hypertension,39.036601241618214,1,30.960569699252183,72.86205522670713,521,2,12.367353622307368,9.407591840081146,173.64200115179625,109.87061555887665,0.0,0.0,0.0,5.0,10.0,50.0,3.817389818085541,63.7713855929196,131.12774408984984
PT0180,hypertension,39.036601241618214,1,30.960569699252183,72.86205522670713,596,3,12.367353622307368,9.407591840081146,172.5203988488629,106.55525752630335,0.0,0.0,0.0,20.0,5.0,0.0,3.817389818085541,65.96514132255955,128.54363796715654
PT0180,hypertension,39.036601241618214,1,30.960569699252183,72.86205522670713,633,4,12.367353622307368,9.407591840081146,168.61867361231475,109.48675485492883,0.0,0.0,0.0,20.0,0.0,50.0,3.817389818085541,59.13191875738592,129.19739444072414
PT0180,hypertension,39.036601241618214,1,30.960569699252183,72.86205522670713,644,5,12.367353622307368,9.407591840081146,174.43525596759727,107.95873149400883,0.0,0.0,0.0,0.0,10.0,0.0,3.817389818085541,66.47652447358844,130.117572985205
PT0181,hypertension,71.96571240749128,1,33.02708492981509,97.86013951468746,0,0,12.367353622307368,9.407591840081146,168.2760028903404,89.44880058573465,0.0,0.0,0.0,5.0,0.0,0.0,3.817389818085541,78.82720230460576,115.7245346872699
PT0181,hypertension,71.96571240749128,1,33.02708492981509,97.86013951468746,91,1,12.367353622307368,9.407591840081146,162.5381268449305,90.5056853836556,0.0,0.0,0.0,20.0,10.0,25.0,3.817389818085541,72.0324414612749,114.51649920408057
PT0181,hypertension,71.96571240749128,1,33.02708492981509,97.86013951468746,201,2,12.367353622307368,9.407591840081146,160.33992188956168,81.79938188757808,0.0,0.0,0.0,10.0,10.0,100.0,3.817389818085541,78.5405400019836,107.97956188823927
PT0181,hypertension,71.96571240749128,1,33.02708492981509,97.86013951468746,221,3,12.367353622307368,9.407591840081146,155.75905371710147,87.59216473363726,0.0,0.0,0.0,0.0,5.0,0.0,3.817389818085541,68.1668889834642,110.31446106145866
PT0181,hypertension,71.96571240749128,1,33.02708492981509,97.86013951468746,230,4,12.367353622307368,9.407591840081146,156.02367422943564,84.12110812090482,0.0,0.0,0.0,5.0,0.0,0.0,3.817389818085541,71.90256610853082,108.08863015708177
PT0181,hypertension,71.96571240749128,1,33.02708492981509,97.86013951468746,304,5,12.367353622307368,9.407591840081146,152.75892492052304,81.88459537935151,0.0,0.0,0.0,0.0,5.0,100.0,3.817389818085541,70.87432954117153,105.50937189307535
PT0181,hypertension,71.96571240749128,1,33.02708492981509,97.86013951468746,360,6,12.367353622307368,9.407591840081146,154.4364883680485,83.13269694442548,0.0,0.0,0.0,0.0,10.0,0.0,3.817389818085541,71.30379142362301,106.90062741896648
PT0181,hypertension,71.96571240749128,1,33.02708492981509,97.86013951468746,543,7,12.367353622307368,9.407591840081146,153.95227240485622,77.64051603493182,0.0,0.0,0.0,20.0,0.0,0.0,3.817389818085541,76.3117563699244,103.07776815823995
PT0182,hypertension,44.47195527719967,1,24.175023267744344,47.28509524926434,0,0,12.367353622307368,9.407591840081146,188.74779802505654,92.5207992990171,0.0,0.0,0.0,0.0,0.0,0.0,3.817389818085541,96.22699872603944,124.59646554103026
PT0182,hypertension,44.47195527719967,1,24.175023267744344,47.28509524926434,155,1,12.367353622307368,9.407591840081146,183.3747236998253,94.03762915617966,0.0,0.0,0.0,0.0,5.0,0.0,3.817389818085541,89.33709454364563,123.81666067072821
PT0182,hypertension,44.47195527719967,1,24.175023267744344,47.28509524926434,270,2,12.367353622307368,9.407591840081146,183.71255458903636,93.05544221509285,0.0,0.0,0.0,10.0,5.0,50.0,3.817389818085541,90.6571123739435,123.27447967307403
PT0182,hypertension,44.47195527719967,1,24.175023267744344,47.28509524926434,279,3,12.367353622307368,9.407591840081146,183.02279230448727,98.2080797177241,0.0,0.0,0.0,0.0,10.0,0.0,3.817389818085541,84.81471258676316,126.4796505799785
PT0182,hypertension,44.47195527719967,1,24.175023267744344,47.28509524926434,316,4,12.367353622307368,9.407591840081146,177.86462705327213,95.048251367374,0.0,0.0,0.0,0.0,0.0,0.0,3.817389818085541,82.81637568589814,122.65370992934004
PT0182,hypertension,44.47195527719967,1,24.175023267744344,47.28509524926434,430,5,12.367353622307368,9.407591840081146,170.7507259882813,95.34454850680565,0.0,0.0,0.0,0.0,10.0,25.0,3.817389818085541,75.40617748147564,120.47994100063086
PT0182,hypertension,44.47195527719967,1,24.175023267744344,47.28509524926434,486,6,12.367353622307368,9.407591840081146,181.40274387654677,96.03299449350742,0.0,0.0,0.0,5.0,5.0,0.0,3.817389818085541,85.36974938303935,124.4895776211872
PT0183,hypertension,72.03433834410751,0,23.044495972046924,72.5294626681047,0,0,12.367353622307368,9.407591840081146,154.3621832829966,98.3921968917218,0.0,0.0,0.0,0.0,0.0,0.0,3.817389818085541,55.9699863912748,117.04885902214673
PT0183,hypertension,72.03433834410751,0,23.044495972046924,72.5294626681047,211,1,12.367353622307368,9.407591840081146,159.69587750415283,97.55111107160033,0.0,0.0,0.0,10.0,10.0,0.0,3.817389818085541,62.1447664325525,118.2660332157845
PT0183,hypertension,72.03433834410751,0,23.044495972046924,72.5294626681047,360,2,12.367353622307368,9.407591840081146,160.02728872897936,97.92875512516122,0.0,0.0,0.0,0.0,5.0,50.0,3.817389818085541,62.09853360381814,118.62826632643393
PT0183,hypertension,72.03433834410751,0,23.044495972046924,72.5294626681047,420,3,12.367353622307368,9.407591840081146,161.59717259388148,97.35236643647058,0.0,0.0,0.0,20.0,0.0,50.0,3.817389818085541,64.2448061574109,118.7673018222742
PT0184,hypertension,69.35961774398768,0,23.938174352660813,86.21025850247715,0,0,12.367353622307368,9.407591840081146,159.124924697852,106.56124318159989,0.0,0.0,0.0,20.0,5.0,0.0,3.817389818085541,52.56368151625212,124.08247035368393
PT0184,hypertension,69.35961774398768,0,23.938174352660813,86.21025850247715,394,1,12.367353622307368,9.407591840081146,154.74228143440232,108.31391610914075,0.0,0.0,0.0,0.0,5.0,25.0,3.817389818085541,46.42836532526157,123.79003788422794
PT0184,hypertension,69.35961774398768,0,23.938174352660813,86.21025850247715,567,2,12.367353622307368,9.407591840081146,154.28310425297224,102.83001147856008,0.0,0.0,0.0,5.0,0.0,25.0,3.817389818085541,51.453092774412156,119.98104240336413
PT0184,hypertension,69.35961774398768,0,23.938174352660813,86.21025850247715,719,3,12.367353622307368,9.407591840081146,151.0142350213027,103.44475573255332,0.0,0.0,0.0,5.0,10.0,0.0,3.817389818085541,47.56947928874939,119.30124882880311
PT0185,hypertension,54.063769463630905,1,35.40255288301715,53.73135547822812,0,0,12.367353622307368,9.407591840081146,186.90513163362488,104.6135969609718,0.0,0.0,0.0,5.0,0.0,25.0,3.817389818085541,82.29153467265307,132.04410851852282
PT0185,hypertension,54.063769463630905,1,35.40255288301715,53.73135547822812,220,1,12.367353622307368,9.407591840081146,185.57821743108184,101.70965918274852,0.0,0.0,0.0,5.0,5.0,0.0,3.817389818085541,83.86855824833331,129.6658452655263
PT0185,hypertension,54.063769463630905,1,35.40255288301715,53.73135547822812,240,2,12.367353622307368,9.407591840081146,175.00273964296895,101.91655249268791,0.0,0.0,0.0,5.0,0.0,50.0,3.817389818085541,73.08618715028103,126.27861487611493
PT0185,hypertension,54.063769463630905,1,35.40255288301715,53.73135547822812,350,3,12.367353622307368,9.407591840081146,179.16353102123014,96.32910453543656,0.0,0.0,0.0,5.0,5.0,50.0,3.817389818085541,82.83442648579359,123.94058003070108
PT0185,hypertension,54.063769463630905,1,35.40255288301715,53.73135547822812,415,4,12.367353622307368,9.407591840081146,174.51554819238143,98.44250851564752,0.0,0.0,0.0,0.0,10.0,0.0,3.817389818085541,76.07303967673391,123.80018840789215
PT0185,hypertension,54.063769463630905,1,35.40255288301715,53.73135547822812,586,5,12.367353622307368,9.407591840081146,175.47311787447765,98.82853234118863,0.0,0.0,0.0,20.0,0.0,0.0,3.817389818085541,76.64458553328902,124.37672751895164
PT0185,hypertension,54.063769463630905,1,35.40255288301715,53.73135547822812,596,6,12.367353622307368,9.407591840081146,169.36497351474046,94.38684276483292,0.0,0.0,0.0,0.0,10.0,0.0,3.817389818085541,74.97813074990754,119.3795530148021
PT0185,hypertension,54.063769463630905,1,35.40255288301715,53.73135547822812,715,7,12.367353622307368,9.407591840081146,171.85844542388625,95.09933604907263,0.0,0.0,0.0,0.0,0.0,0.0,3.817389818085541,76.75910937481362,120.68570584067717
PT0186,hypertension,59.89156535769627,1,31.410243963981657,79.85810795230844,0,0,12.367353622307368,9.407591840081146,169.3994137353432,107.55427787145389,0.0,0.0,0.0,0.0,10.0,0.0,3.817389818085541,61.8451358638893,128.169323159417
PT0186,hypertension,59.89156535769627,1,31.410243963981657,79.85810795230844,250,1,12.367353622307368,9.407591840081146,170.37012552717795,103.65095867561983,0.0,0.0,0.0,5.0,10.0,0.0,3.817389818085541,66.71916685155811,125.89068095947253
PT0186,hypertension,59.89156535769627,1,31.410243963981657,79.85810795230844,385,2,12.367353622307368,9.407591840081146,168.4419726336624,103.73181426624807,0.0,0.0,0.0,10.0,0.0,50.0,3.817389818085541,64.71015836741434,125.30186705538618
PT0186,hypertension,59.89156535769627,1,31.410243963981657,79.85810795230844,473,3,12.367353622307368,9.407591840081146,163.62667936900434,98.69658273823839,0.0,0.0,0.0,10.0,0.0,100.0,3.817389818085541,64.93009663076595,120.33994828182703
PT0186,hypertension,59.89156535769627,1,31.410243963981657,79.85810795230844,522,4,12.367353622307368,9.407591840081146,155.76380925556788,101.59931257593169,0.0,0.0,0.0,5.0,5.0,50.0,3.817389818085541,54.16449667963619,119.65414480247709
PT0186,hypertension,59.89156535769627,1,31.410243963981657,79.85810795230844,650,5,12.367353622307368,9.407591840081146,165.44046973612944,99.85469341040428,0.0,0.0,0.0,5.0,5.0,0.0,3.817389818085541,65.58577632572516,121.71661885231266
PT0186,hypertension,59.89156535769627,1,31.410243963981657,79.85810795230844,678,6,12.367353622307368,9.407591840081146,155.09054005953203,99.71174860837233,0.0,0.0,0.0,10.0,10.0,50.0,3.817389818085541,55.3787914511597,118.1713457587589
PT0186,hypertension,59.89156535769627,1,31.410243963981657,79.85810795230844,719,7,12.367353622307368,9.407591840081146,158.7707214191045,101.00424363639115,0.0,0.0,0.0,5.0,0.0,0.0,3.817389818085541,57.76647778271334,120.25973623062893
PT0187,hypertension,53.01783160575614,1,27.622656484592586,49.80432094102375,0,0,12.367353622307368,9.407591840081146,150.25409405346656,89.582993135638,0.0,0.0,0.0,0.0,10.0,50.0,3.817389818085541,60.671100917828554,109.80669344158086
PT0187,hypertension,53.01783160575614,1,27.622656484592586,49.80432094102375,7,1,12.367353622307368,9.407591840081146,153.51957754699305,86.21982961095662,0.0,0.0,0.0,0.0,0.0,25.0,3.817389818085541,67.29974793603643,108.65307892296876
PT0187,hypertension,53.01783160575614,1,27.622656484592586,49.80432094102375,94,2,12.367353622307368,9.407591840081146,157.26728404164956,88.03346182739017,0.0,0.0,0.0,0.0,0.0,0.0,3.817389818085541,69.23382221425939,111.11140256547664
PT0187,hypertension,53.01783160575614,1,27.622656484592586,49.80432094102375,313,3,12.367353622307368,9.407591840081146,153.31851839198018,82.27992996231907,0.0,0.0,0.0,0.0,10.0,50.0,3.817389818085541,71.0385884296611,105.95945943887277
PT0187,hypertension,53.01783160575614,1,27.622656484592586,49.80432094102375,466,4,12.367353622307368,9.407591840081146,151.81664132641197,84.90570462185016,0.0,0.0,0.0,5.0,0.0,25.0,3.817389818085541,66.9109367045618,107.20935019003743
PT0187,hypertension,53.01783160575614,1,27.622656484592586,49.80432094102375,678,5,12.367353622307368,9.407591840081146,148.08720801079335,82.70941209335577,0.0,0.0,0.0,0.0,5.0,0.0,3.817389818085541,65.37779591743758,104.50201073250163
PT0188,hypertension,59.384454929399624,1,25.82830719914996,48.19575916004908,0,0,12.367353622307368,9.407591840081146,167.6276258987568,95.58930238533182,0.0,0.0,0.0,0.0,10.0,0.0,3.817389818085541,72.03832351342498,119.60207688980681
PT0188,hypertension,59.384454929399624,1,25.82830719914996,48.19575916004908,341,1,12.367353622307368,9.407591840081146,162.97113441234794,98.38602368712566,0.0,0.0,0.0,0.0,0.0,25.0,3.817389818085541,64.58511072522228,119.91439392886642
PT0188,hypertension,59.384454929399624,1,25.82830719914996,48.19575916004908,425,2,12.367353622307368,9.407591840081146,167.42013280326853,96.90447084124224,0.0,0.0,0.0,10.0,0.0,25.0,3.817389818085541,70.51566196202629,120.40969149525101
PT0188,hypertension,59.384454929399624,1,25.82830719914996,48.19575916004908,426,3,12.367353622307368,9.407591840081146,163.43085546578948,94.76703190524655,0.0,0.0,0.0,5.0,5.0,50.0,3.817389818085541,68.66382356054292,117.6549730920942
PT0188,hypertension,59.384454929399624,1,25.82830719914996,48.19575916004908,475,4,12.367353622307368,9.407591840081146,170.5550290022593,92.90289114922462,0.0,0.0,0.0,0.0,0.0,25.0,3.817389818085541,77.65213785303467,118.78693710023617
PT0188,hypertension,59.384454929399624,1,25.82830719914996,48.19575916004908,527,5,12.367353622307368,9.407591840081146,168.8792035479479,92.29880896441736,0.0,0.0,0.0,0.0,10.0,50.0,3.817389818085541,76.58039458353053,117.82560715892754
PT0189,hypertension,66.42221985908829,1,29.00107659379433,47.43850461266368,0,0,12.367353622307368,9.407591840081146,158.3356978032211,94.69499339438191,0.0,0.0,0.0,20.0,5.0,100.0,3.817389818085541,63.6407044088392,115.90856153066164
PT0189,hypertension,66.42221985908829,1,29.00107659379433,47.43850461266368,169,1,12.367353622307368,9.407591840081146,161.19695353757805,100.33469056740834,0.0,0.0,0.0,10.0,0.0,50.0,3.817389818085541,60.86226297016971,120.62211155746492
PT0189,hypertension,66.42221985908829,1,29.00107659379433,47.43850461266368,225,2,12.367353622307368,9.407591840081146,160.35757682890022,89.18801434403613,0.0,0.0,0.0,20.0,10.0,100.0,3.817389818085541,71.16956248486409,112.91120183899083
PT0189,hypertension,66.42221985908829,1,29.00107659379433,47.43850461266368,243,3,12.367353622307368,9.407591840081146,152.09676708460782,90.80956921939497,0.0,0.0,0.0,20.0,5.0,0.0,3.817389818085541,61.287197865212846,111.23863517446593
PT0189,hypertension,66.42221985908829,1,29.00107659379433,47.43850461266368,549,4,12.367353622307368,9.407591840081146,152.7182187257238,89.99910466089278,0.0,0.0,0.0,5.0,0.0,0.0,3.817389818085541,62.71911406483102,110.90547601583646
PT0190,hypertension,58.32390446471477,1,26.409974788473868,82.24355009695131,0,0,12.367353622307368,9.407591840081146,180.40130587861117,105.88013377106171,0.0,0.0,0.0,10.0,5.0,0.0,3.817389818085541,74.52117210754946,130.7205244735782
PT0190,hypertension,58.32390446471477,1,26.409974788473868,82.24355009695131,335,1,12.367353622307368,9.407591840081146,166.13765321208155,103.21146179815142,0.0,0.0,0.0,10.0,0.0,0.0,3.817389818085541,62.92619141393013,124.18685893612813
PT0190,hypertension,58.32390446471477,1,26.409974788473868,82.24355009695131,532,2,12.367353622307368,9.407591840081146,170.04553027120417,102.94486791012254,0.0,0.0,0.0,20.0,10.0,25.0,3.817389818085541,67.10066236108163,125.31175536381642
PT0190,hypertension,58.32390446471477,1,26.409974788473868,82.24355009695131,618,3,12.367353622307368,9.407591840081146,162.32888330612906,98.72641750393424,0.0,0.0,0.0,10.0,0.0,100.0,3.817389818085541,63.602465802194814,119.92723943799918
PT0191,hypertension,50.663608704166606,1,31.80483252797951,81.70222029716876,0,0,12.367353622307368,9.407591840081146,158.06057568138615,94.7339112216524,0.0,0.0,0.0,5.0,5.0,0.0,3.817389818085541,63.32666445973375,115.84279937489698
PT0191,hypertension,50.663608704166606,1,31.80483252797951,81.70222029716876,322,1,12.367353622307368,9.407591840081146,155.99358184388777,91.60698436357956,0.0,0.0,0.0,20.0,5.0,0.0,3.817389818085541,64.38659748030821,113.0691835236823
PT0191,hypertension,50.663608704166606,1,31.80483252797951,81.70222029716876,340,2,12.367353622307368,9.407591840081146,156.09104361310088,94.80394542815526,0.0,0.0,0.0,0.0,5.0,50.0,3.817389818085541,61.28709818494562,115.23297815647047
PT0191,hypertension,50.663608704166606,1,31.80483252797951,81.70222029716876,552,3,12.367353622307368,9.407591840081146,161.43965722931017,93.45851159767378,0.0,0.0,0.0,5.0,10.0,0.0,3.817389818085541,67.9811456316364,116.11889347488591
PT0191,hypertension,50.663608704166606,1,31.80483252797951,81.70222029716876,555,4,12.367353622307368,9.407591840081146,155.95617878074657,87.24607166505076,0.0,0.0,0.0,10.0,10.0,0.0,3.817389818085541,68.7101071156958,110.14944070361604
PT0191,hypertension,50.663608704166606,1,31.80483252797951,81.70222029716876,685,5,12.367353622307368,9.407591840081146,152.18822959642927,88.05747305132492,0.0,0.0,0.0,10.0,5.0,100.0,3.817389818085541,64.13075654510435,109.43439189969304
PT0191,hypertension,50.663608704166606,1,31.80483252797951,81.70222029716876,702,6,12.367353622307368,9.407591840081146,154.77337103515865,83.50083928687245,0.0,0.0,0.0,5.0,0.0,0.0,3.817389818085541,71.2725317482862,107.25834986963451
PT0191,hypertension,50.663608704166606,1,31.80483252797951,81.70222029716876,711,7,12.367353622307368,9.407591840081146,148.15572533119106,85.37702205252839,0.0,0.0,0.0,10.0,5.0,0.0,3.817389818085541,62.778703278662675,106.30325647874928
PT0192,hypertension,52.03435417656992,1,22.07096198558827,85.7160021733749,0,0,12.367353622307368,9.407591840081146,171.3273776574035,97.89732764954277,0.0,0.0,0.0,0.0,0.0,0.0,3.817389818085541,73.43005000786073,122.37401098549635
PT0192,hypertension,52.03435417656992,1,22.07096198558827,85.7160021733749,315,1,12.367353622307368,9.407591840081146,170.23293377820252,93.39921220296637,0.0,0.0,0.0,5.0,0.0,0.0,3.817389818085541,76.83372157523615,119.01045272804508
PT0192,hypertension,52.03435417656992,1,22.07096198558827,85.7160021733749,334,2,12.367353622307368,9.407591840081146,165.84816384980698,95.73656613362783,0.0,0.0,0.0,0.0,10.0,0.0,3.817389818085541,70.11159771617915,119.10709870568755
PT0192,hypertension,52.03435417656992,1,22.07096198558827,85.7160021733749,349,3,12.367353622307368,9.407591840081146,165.99578788290466,93.89876139842283,0.0,0.0,0.0,20.0,5.0,50.0,3.817389818085541,72.09702648448183,117.93110355991678
PT0192,hypertension,52.03435417656992,1,22.07096198558827,85.7160021733749,436,4,12.367353622307368,9.407591840081146,160.00035142707628,94.52005921062685,0.0,0.0,0.0,0.0,5.0,50.0,3.817389818085541,65.48029221644943,116.34682328277667
PT0192,hypertension,52.03435417656992,1,22.07096198558827,85.7160021733749,443,5,12.367353622307368,9.407591840081146,159.0258920212382,88.36106295364155,0.0,0.0,0.0,20.0,0.0,0.0,3.817389818085541,70.66482906759666,111.91600597617376
PT0192,hypertension,52.03435417656992,1,22.07096198558827,85.7160021733749,565,6,12.367353622307368,9.407591840081146,156.5550716134347,88.50941046828136,0.0,0.0,0.0,20.0,10.0,0.0,3.817389818085541,68.04566114515335,111.19129751666581
PT0192,hypertension,52.03435417656992,1,22.07096198558827,85.7160021733749,700,7,12.367353622307368,9.407591840081146,157.08717001478894,86.79996231669688,0.0,0.0,0.0,5.0,0.0,50.0,3.817389818085541,70.28720769809206,110.22903154939424
PT0193,hypertension,56.97505736759451,1,36.08881784916714,55.581249996160274,0,0,12.367353622307368,9.407591840081146,155.88655908900606,94.25596284622809,0.0,0.0,0.0,5.0,10.0,25.0,3.817389818085541,61.63059624277797,114.79949492715407
PT0193,hypertension,56.97505736759451,1,36.08881784916714,55.581249996160274,61,1,12.367353622307368,9.407591840081146,149.94012823353475,95.16051986984364,0.0,0.0,0.0,20.0,10.0,0.0,3.817389818085541,54.77960836369111,113.42038932440734
PT0193,hypertension,56.97505736759451,1,36.08881784916714,55.581249996160274,249,2,12.367353622307368,9.407591840081146,150.57527183710226,96.65170058896516,0.0,0.0,0.0,0.0,0.0,25.0,3.817389818085541,53.92357124813711,114.62622433834419
PT0193,hypertension,56.97505736759451,1,36.08881784916714,55.581249996160274,256,3,12.367353622307368,9.407591840081146,149.75399932220418,94.71034653944675,0.0,0.0,0.0,0.0,5.0,25.0,3.817389818085541,55.043652782757434,113.05823080036589
PT0193,hypertension,56.97505736759451,1,36.08881784916714,55.581249996160274,384,4,12.367353622307368,9.407591840081146,150.77193255032745,94.7417176723549,0.0,0.0,0.0,10.0,10.0,0.0,3.817389818085541,56.030214877972554,113.41845596501241
PT0193,hypertension,56.97505736759451,1,36.08881784916714,55.581249996160274,420,5,12.367353622307368,9.407591840081146,155.18559599736662,92.77528229009408,0.0,0.0,0.0,10.0,5.0,0.0,3.817389818085541,62.410313707272536,113.57872019251826
PT0193,hypertension,56.97505736759451,1,36.08881784916714,55.581249996160274,658,6,12.367353622307368,9.407591840081146,146.2654555193039,93.16179593150144,0.0,0.0,0.0,20.0,10.0,50.0,3.817389818085541,53.10365958780247,110.86301579410227
PT0194,hypertension,51.61105722070816,1,31.166024657740294,75.50731028780794,0,0,12.367353622307368,9.407591840081146,163.88465545767872,102.04145465009988,0.0,0.0,0.0,5.0,0.0,25.0,3.817389818085541,61.84320080757884,122.65585491929282
PT0194,hypertension,51.61105722070816,1,31.166024657740294,75.50731028780794,161,1,12.367353622307368,9.407591840081146,154.36069009277122,101.18529304789246,0.0,0.0,0.0,10.0,5.0,0.0,3.817389818085541,53.175397044878764,118.91042539618537
PT0194,hypertension,51.61105722070816,1,31.166024657740294,75.50731028780794,188,2,12.367353622307368,9.407591840081146,156.5924953178029,95.27343301950553,0.0,0.0,0.0,10.0,0.0,50.0,3.817389818085541,61.31906229829737,115.71312045227133
PT0194,hypertension,51.61105722070816,1,31.166024657740294,75.50731028780794,531,3,12.367353622307368,9.407591840081146,150.79263828608416,93.74621675193939,0.0,0.0,0.0,20.0,10.0,0.0,3.817389818085541,57.04642153414477,112.7616905966543
PT0195,hypertension,59.29046802797828,1,24.96778782205124,64.37311522254856,0,0,12.367353622307368,9.407591840081146,169.7335344024076,101.78251731672687,0.0,0.0,0.0,20.0,5.0,0.0,3.817389818085541,67.95101708568073,124.4328563452871
PT0195,hypertension,59.29046802797828,1,24.96778782205124,64.37311522254856,124,1,12.367353622307368,9.407591840081146,172.4159866064707,102.88469611141744,0.0,0.0,0.0,10.0,10.0,0.0,3.817389818085541,69.53129049505327,126.06179294310186
PT0195,hypertension,59.29046802797828,1,24.96778782205124,64.37311522254856,170,2,12.367353622307368,9.407591840081146,173.6881164534013,102.03505766684044,0.0,0.0,0.0,10.0,10.0,50.0,3.817389818085541,71.65305878656086,125.91941059569406
PT0195,hypertension,59.29046802797828,1,24.96778782205124,64.37311522254856,230,3,12.367353622307368,9.407591840081146,165.3245003970183,97.25246989364916,0.0,0.0,0.0,0.0,10.0,0.0,3.817389818085541,68.07203050336915,119.94314672810555
PT0195,hypertension,59.29046802797828,1,24.96778782205124,64.37311522254856,357,4,12.367353622307368,9.407591840081146,167.2543362074195,99.48424232817767,0.0,0.0,0.0,20.0,5.0,50.0,3.817389818085541,67.77009387924183,122.07427362125829
PT0195,hypertension,59.29046802797828,1,24.96778782205124,64.37311522254856,491,5,12.367353622307368,9.407591840081146,158.71956850034903,96.28729782668955,0.0,0.0,0.0,20.0,0.0,0.0,3.817389818085541,62.432270673659474,117.09805471790938
PT0195,hypertension,59.29046802797828,1,24.96778782205124,64.37311522254856,498,6,12.367353622307368,9.407591840081146,157.9086051973245,93.23463084678367,0.0,0.0,0.0,10.0,5.0,0.0,3.817389818085541,64.67397435054083,114.79262229696396
PT0195,hypertension,59.29046802797828,1,24.96778782205124,64.37311522254856,524,7,12.367353622307368,9.407591840081146,158.44922679171708,94.22619244418826,0.0,0.0,0.0,5.0,10.0,0.0,3.817389818085541,64.22303434752882,115.6338705600312
PT0196,hypertension,68.21553430702019,1,29.829652205926877,77.33814356841235,0,0,12.367353622307368,9.407591840081146,152.31770743269152,105.43199562441575,0.0,0.0,0.0,0.0,5.0,100.0,3.817389818085541,46.88571180827577,121.06056622717433
PT0196,hypertension,68.21553430702019,1,29.829652205926877,77.33814356841235,396,1,12.367353622307368,9.407591840081146,148.52541404674838,103.35952629710926,0.0,0.0,0.0,10.0,0.0,50.0,3.817389818085541,45.165887749639126,118.41482221365563
PT0196,hypertension,68.21553430702019,1,29.829652205926877,77.33814356841235,426,2,12.367353622307368,9.407591840081146,152.0506551448943,103.000105306942,0.0,0.0,0.0,0.0,0.0,25.0,3.817389818085541,49.0505498379523,119.35028858625944
PT0196,hypertension,68.21553430702019,1,29.829652205926877,77.33814356841235,464,3,12.367353622307368,9.407591840081146,155.44519756740607,106.23883055905623,0.0,0.0,0.0,10.0,0.0,50.0,3.817389818085541,49.206367008349844,122.64095289517284
PT0196,hypertension,68.21553430702019,1,29.829652205926877,77.33814356841235,548,4,12.367353622307368,9.407591840081146,146.970292274193,99.8261825067595,0.0,0.0,0.0,10.0,0.0,50.0,3.817389818085541,47.14410976743352,115.54088576257067
PT0196,hypertension,68.21553430702019,1,29.829652205926877,77.33814356841235,706,5,12.367353622307368,9.407591840081146,150.92792771703606,101.47300911102462,0.0,0.0,0.0,0.0,10.0,25.0,3.817389818085541,49.45491860601143,117.9579819796951
PT0197,hypertension,51.9140385387887,0,32.54047624199638,54.71925557295544,0,0,12.367353622307368,9.407591840081146,160.14769346824335,89.38222935574844,0.0,0.0,0.0,5.0,5.0,0.0,3.817389818085541,70.76546411249491,112.97071739324674
PT0197,hypertension,51.9140385387887,0,32.54047624199638,54.71925557295544,160,1,12.367353622307368,9.407591840081146,151.66317236000643,84.94039858314397,0.0,0.0,0.0,20.0,5.0,100.0,3.817389818085541,66.72277377686245,107.18132317543146
PT0197,hypertension,51.9140385387887,0,32.54047624199638,54.71925557295544,321,2,12.367353622307368,9.407591840081146,154.36464820466892,85.80417438590493,0.0,0.0,0.0,5.0,5.0,50.0,3.817389818085541,68.560473818764,108.65766565882626
PT0197,hypertension,51.9140385387887,0,32.54047624199638,54.71925557295544,573,3,12.367353622307368,9.407591840081146,147.04183540844477,84.24521238858712,0.0,0.0,0.0,10.0,0.0,50.0,3.817389818085541,62.79662301985765,105.17742006187301
PT0198,hypertension,64.77135042327545,0,35.0800232496763,62.22508684914305,0,0,12.367353622307368,9.407591840081146,155.77567656398415,95.34898756240901,0.0,0.0,0.0,5.0,5.0,25.0,3.817389818085541,60.42668900157514,115.49121722960072
PT0198,hypertension,64.77135042327545,0,35.0800232496763,62.22508684914305,451,1,12.367353622307368,9.407591840081146,151.54750935487382,96.32868676764768,0.0,0.0,0.0,20.0,0.0,25.0,3.817389818085541,55.21882258722614,114.73496096338972
PT0198,hypertension,64.77135042327545,0,35.0800232496763,62.22508684914305,476,2,12.367353622307368,9.407591840081146,147.92240227075717,94.7551209454734,0.0,0.0,0.0,0.0,5.0,0.0,3.817389818085541,53.16728132528378,112.47754805390132
PT0198,hypertension,64.77135042327545,0,35.0800232496763,62.22508684914305,505,3,12.367353622307368,9.407591840081146,147.72228968443602,93.1604415941074,0.0,0.0,0.0,0.0,5.0,50.0,3.817389818085541,54.561848090328624,111.3477242908836
PT0199,hypertension,50.64090192814804,0,35.72281870720765,64.50063726265209,0,0,12.367353622307368,9.407591840081146,176.5091729414926,94.41378352870453,0.0,0.0,0.0,0.0,0.0,0.0,3.817389818085541,82.09538941278808,121.77891333296722
PT0199,hypertension,50.64090192814804,0,35.72281870720765,64.50063726265209,485,1,12.367353622307368,9.407591840081146,168.7439847174092,89.93425120327916,0.0,0.0,0.0,10.0,5.0,50.0,3.817389818085541,78.80973351413004,116.20416237465584
PT0199,hypertension,50.64090192814804,0,35.72281870720765,64.50063726265209,494,2,12.367353622307368,9.407591840081146,175.13424922274868,89.99044273659558,0.0,0.0,0.0,0.0,10.0,0.0,3.817389818085541,85.1438064861531,118.37171156531328
PT0199,hypertension,50.64090192814804,0,35.72281870720765,64.50063726265209,589,3,12.367353622307368,9.407591840081146,167.5486171613388,91.38879581533732,0.0,0.0,0.0,0.0,5.0,100.0,3.817389818085541,76.15982134600148,116.77540293067115
PT0200,hypertension,62.10092367360973,1,36.57047142745705,105.39506363482809,0,0,12.367353622307368,9.407591840081146,158.0478189657858,101.99340633295087,0.0,0.0,0.0,10.0,10.0,25.0,3.817389818085541,56.05441263283494,120.67821054389584
PT0200,hypertension,62.10092367360973,1,36.57047142745705,105.39506363482809,158,1,12.367353622307368,9.407591840081146,160.02319384867687,98.91294800845178,0.0,0.0,0.0,10.0,5.0,25.0,3.817389818085541,61.11024584022509,119.28302995519347
PT0200,hypertension,62.10092367360973,1,36.57047142745705,105.39506363482809,176,2,12.367353622307368,9.407591840081146,148.7028875444778,93.43597615985037,0.0,0.0,0.0,10.0,5.0,50.0,3.817389818085541,55.26691138462742,111.85827995472617
PT0200,hypertension,62.10092367360973,1,36.57047142745705,105.39506363482809,343,3,12.367353622307368,9.407591840081146,153.5769036457861,95.15145309153935,0.0,0.0,0.0,10.0,10.0,0.0,3.817389818085541,58.42545055424675,114.62660327628826
PT0200,hypertension,62.10092367360973,1,36.57047142745705,105.39506363482809,699,4,12.367353622307368,9.407591840081146,152.2402753203701,93.27701154158697,0.0,0.0,0.0,20.0,0.0,0.0,3.817389818085541,58.96326377878313,112.93143280118134
PT0201,hypertension,74.50562035071945,0,25.375544710325727,107.60684935347928,0,0,12.367353622307368,9.407591840081146,160.25502958558542,97.01107627490391,0.0,0.0,0.0,10.0,10.0,50.0,3.817389818085541,63.243953310681505,118.09239404513109
PT0201,hypertension,74.50562035071945,0,25.375544710325727,107.60684935347928,354,1,12.367353622307368,9.407591840081146,148.06643207695055,92.95680218397366,0.0,0.0,0.0,10.0,5.0,100.0,3.817389818085541,55.10962989297688,111.32667881496596
PT0201,hypertension,74.50562035071945,0,25.375544710325727,107.60684935347928,399,2,12.367353622307368,9.407591840081146,155.16307252027806,90.47288925604545,0.0,0.0,0.0,0.0,5.0,0.0,3.817389818085541,64.69018326423262,112.03628367745632
PT0201,hypertension,74.50562035071945,0,25.375544710325727,107.60684935347928,441,3,12.367353622307368,9.407591840081146,159.3186525413883,91.59592026093713,0.0,0.0,0.0,10.0,5.0,25.0,3.817389818085541,67.72273228045117,114.17016435442086
PT0202,hypertension,39.79654123388272,1,36.53276601706816,87.08678777053308,0,0,12.367353622307368,9.407591840081146,182.3524168605629,95.10492482845227,0.0,0.0,0.0,5.0,0.0,0.0,3.817389818085541,87.24749203211063,124.18742217248915
PT0202,hypertension,39.79654123388272,1,36.53276601706816,87.08678777053308,518,1,12.367353622307368,9.407591840081146,177.5226114221898,91.47409709929005,0.0,0.0,0.0,20.0,10.0,25.0,3.817389818085541,86.04851432289976,120.15693520692331
PT0202,hypertension,39.79654123388272,1,36.53276601706816,87.08678777053308,574,2,12.367353622307368,9.407591840081146,178.18663776381362,84.11981667658468,0.0,0.0,0.0,10.0,5.0,0.0,3.817389818085541,94.06682108722894,115.47542370566099
PT0202,hypertension,39.79654123388272,1,36.53276601706816,87.08678777053308,633,3,12.367353622307368,9.407591840081146,176.3771805408433,83.18887843315379,0.0,0.0,0.0,20.0,5.0,100.0,3.817389818085541,93.18830210768952,114.25164580238363
PT0202,hypertension,39.79654123388272,1,36.53276601706816,87.08678777053308,697,4,12.367353622307368,9.407591840081146,170.34536263129084,82.06208666233809,0.0,0.0,0.0,10.0,5.0,100.0,3.817389818085541,88.28327596895275,111.48984531865567
PT0203,hypertension,51.585247209736934,0,32.38152146310648,59.96694651494936,0,0,12.367353622307368,9.407591840081146,169.75362017717833,108.37971653965768,0.0,0.0,0.0,0.0,0.0,50.0,3.817389818085541,61.373903637520655,128.83768441883123
PT0203,hypertension,51.585247209736934,0,32.38152146310648,59.96694651494936,114,1,12.367353622307368,9.407591840081146,173.67467689736517,104.3710245195449,0.0,0.0,0.0,0.0,10.0,25.0,3.817389818085541,69.30365237782027,127.47224197881833
PT0203,hypertension,51.585247209736934,0,32.38152146310648,59.96694651494936,155,2,12.367353622307368,9.407591840081146,167.04899305867232,108.28121404218818,0.0,0.0,0.0,5.0,0.0,25.0,3.817389818085541,58.76777901648414,127.87047371434956
PT0203,hypertension,51.585247209736934,0,32.38152146310648,59.96694651494936,184,3,12.367353622307368,9.407591840081146,162.84939810311585,105.25490683954861,0.0,0.0,0.0,20.0,10.0,0.0,3.817389818085541,57.594491263567235,124.45307059407102
PT0203,hypertension,51.585247209736934,0,32.38152146310648,59.96694651494936,346,4,12.367353622307368,9.407591840081146,166.8557923563402,103.8780515076038,0.0,0.0,0.0,5.0,0.0,50.0,3.817389818085541,62.9777408487364,124.87063179051593
PT0203,hypertension,51.585247209736934,0,32.38152146310648,59.96694651494936,472,5,12.367353622307368,9.407591840081146,169.56536220905224,96.51849917375016,0.0,0.0,0.0,5.0,0.0,0.0,3.817389818085541,73.04686303530208,120.86745351885085
PT0203,hypertension,51.585247209736934,0,32.38152146310648,59.96694651494936,532,6,12.367353622307368,9.407591840081146,161.81198899448987,101.07247127003822,0.0,0.0,0.0,5.0,5.0,100.0,3.817389818085541,60.739517724451645,121.31897717818877
PT0203,hypertension,51.585247209736934,0,32.38152146310648,59.96694651494936,673,7,12.367353622307368,9.407591840081146,159.06762787998784,96.59510369814785,0.0,0.0,0.0,20.0,0.0,50.0,3.817389818085541,62.47252418183999,117.41927842542785
PT0204,hypertension,63.685353504054255,0,22.462108353532162,54.23274396966851,0,0,12.367353622307368,9.407591840081146,182.66001451428917,90.62892095662416,0.0,0.0,0.0,10.0,5.0,50.0,3.817389818085541,92.03109355766502,121.3059521425125
PT0204,hypertension,63.685353504054255,0,22.462108353532162,54.23274396966851,122,1,12.367353622307368,9.407591840081146,179.52230175284794,91.01289008074004,0.0,0.0,0.0,0.0,0.0,0.0,3.817389818085541,88.5094116721079,120.516027304776
PT0204,hypertension,63.685353504054255,0,22.462108353532162,54.23274396966851,235,2,12.367353622307368,9.407591840081146,181.11450532309695,91.50209355948522,0.0,0.0,0.0,0.0,0.0,0.0,3.817389818085541,89.61241176361173,121.37289748068913
PT0204,hypertension,63.685353504054255,0,22.462108353532162,54.23274396966851,555,3,12.367353622307368,9.407591840081146,180.25541119714288,86.5628564897744,0.0,0.0,0.0,0.0,0.0,100.0,3.817389818085541,93.69255470736847,117.79370805889722
PT0205,hypertension,72.60187704323612,0,25.971848136194676,67.98766676497515,0,0,12.367353622307368,9.407591840081146,154.2041347423562,102.65694476744987,0.0,0.0,0.0,5.0,5.0,50.0,3.817389818085541,51.54718997490632,119.83934142575198
PT0205,hypertension,72.60187704323612,0,25.971848136194676,67.98766676497515,230,1,12.367353622307368,9.407591840081146,154.10056332705798,100.55180348569212,0.0,0.0,0.0,0.0,0.0,0.0,3.817389818085541,53.548759841365865,118.40139009948074
PT0205,hypertension,72.60187704323612,0,25.971848136194676,67.98766676497515,286,2,12.367353622307368,9.407591840081146,153.02801208695925,101.2962816585871,0.0,0.0,0.0,10.0,0.0,25.0,3.817389818085541,51.731730428372146,118.54019180137782
PT0205,hypertension,72.60187704323612,0,25.971848136194676,67.98766676497515,376,3,12.367353622307368,9.407591840081146,152.62060223103776,95.39510637927441,0.0,0.0,0.0,10.0,0.0,0.0,3.817389818085541,57.225495851763355,114.47027166319553
PT0205,hypertension,72.60187704323612,0,25.971848136194676,67.98766676497515,622,4,12.367353622307368,9.407591840081146,149.8578374174973,100.11145707737474,0.0,0.0,0.0,10.0,0.0,0.0,3.817389818085541,49.74638034012257,116.69358385741559
PT0206,hypertension,66.7052989184348,1,31.009830558313624,86.93031872686763,0,0,12.367353622307368,9.407591840081146,168.19863171292508,92.06615495067805,0.0,0.0,0.0,20.0,5.0,0.0,3.817389818085541,76.13247676224702,117.4436472047604
PT0206,hypertension,66.7052989184348,1,31.009830558313624,86.93031872686763,98,1,12.367353622307368,9.407591840081146,167.01009666145808,94.92543555844343,0.0,0.0,0.0,5.0,10.0,0.0,3.817389818085541,72.08466110301465,118.95365592611498
PT0206,hypertension,66.7052989184348,1,31.009830558313624,86.93031872686763,466,2,12.367353622307368,9.407591840081146,172.30315530616699,95.1757436744803,0.0,0.0,0.0,0.0,0.0,0.0,3.817389818085541,77.12741163168668,120.88488088504253
PT0206,hypertension,66.7052989184348,1,31.009830558313624,86.93031872686763,525,3,12.367353622307368,9.407591840081146,165.50841844720307,96.28072524934412,0.0,0.0,0.0,5.0,0.0,0.0,3.817389818085541,69.22769319785895,119.35662298196377
PT0206,hypertension,66.7052989184348,1,31.009830558313624,86.93031872686763,532,4,12.367353622307368,9.407591840081146,169.87926742949486,93.52553037793781,0.0,0.0,0.0,0.0,5.0,25.0,3.817389818085541,76.35373705155705,118.97677606179016
PT0206,hypertension,66.7052989184348,1,31.009830558313624,86.93031872686763,545,5,12.367353622307368,9.407591840081146,161.36022511772782,90.61448775148456,0.0,0.0,0.0,10.0,0.0,50.0,3.817389818085541,70.74573736624326,114.19640020689899
PT0207,hypertension,73.3665929600069,1,35.9557458481395,82.54137075770329,0,0,12.367353622307368,9.407591840081146,174.59844962008373,95.99219045010757,0.0,0.0,0.0,0.0,5.0,0.0,3.817389818085541,78.60625916997616,122.19427684009962
PT0207,hypertension,73.3665929600069,1,35.9557458481395,82.54137075770329,320,1,12.367353622307368,9.407591840081146,172.8131540353517,98.72980050256706,0.0,0.0,0.0,20.0,5.0,0.0,3.817389818085541,74.08335353278463,123.42425168016193
PT0207,hypertension,73.3665929600069,1,35.9557458481395,82.54137075770329,360,2,12.367353622307368,9.407591840081146,159.4035466629456,102.99358826241047,0.0,0.0,0.0,0.0,5.0,0.0,3.817389818085541,56.40995840053512,121.79690772925551
PT0207,hypertension,73.3665929600069,1,35.9557458481395,82.54137075770329,711,3,12.367353622307368,9.407591840081146,171.40774145354467,97.76966712367454,0.0,0.0,0.0,0.0,0.0,0.0,3.817389818085541,73.63807432987014,122.31569190029792
PT0208,hypertension,52.014483209405654,0,22.965151264714546,72.19461483023754,0,0,12.367353622307368,9.407591840081146,180.97323653087977,93.71754624239969,0.0,0.0,0.0,0.0,10.0,25.0,3.817389818085541,87.25569028848008,122.80277633855972
PT0208,hypertension,52.014483209405654,0,22.965151264714546,72.19461483023754,47,1,12.367353622307368,9.407591840081146,177.8898986241881,93.93464283081684,0.0,0.0,0.0,0.0,5.0,50.0,3.817389818085541,83.95525579337126,121.91972809527392
PT0208,hypertension,52.014483209405654,0,22.965151264714546,72.19461483023754,109,2,12.367353622307368,9.407591840081146,170.70524603300078,90.94937863704064,0.0,0.0,0.0,5.0,10.0,0.0,3.817389818085541,79.75586739596014,117.53466776902735
PT0208,hypertension,52.014483209405654,0,22.965151264714546,72.19461483023754,195,3,12.367353622307368,9.407591840081146,173.8169935293103,93.04168040671331,0.0,0.0,0.0,0.0,0.0,0.0,3.817389818085541,80.775313122597,119.9667847809123
PT0208,hypertension,52.014483209405654,0,22.965151264714546,72.19461483023754,371,4,12.367353622307368,9.407591840081146,169.6238006124594,89.56041548308222,0.0,0.0,0.0,10.0,5.0,0.0,3.817389818085541,80.06338512937718,116.24821052620796
PT0208,hypertension,52.014483209405654,0,22.965151264714546,72.19461483023754,501,5,12.367353622307368,9.407591840081146,168.0180818712929,88.4864748447139,0.0,0.0,0.0,20.0,10.0,100.0,3.817389818085541,79.53160702657901,114.99701052024024
PT0208,hypertension,52.014483209405654,0,22.965151264714546,72.19461483023754,529,6,12.367353622307368,9.407591840081146,161.11262783826817,92.72251246209922,0.0,0.0,0.0,0.0,0.0,0.0,3.817389818085541,68.39011537616895,115.51921758748887
PT0208,hypertension,52.014483209405654,0,22.965151264714546,72.19461483023754,595,7,12.367353622307368,9.407591840081146,164.91869135141596,83.92743208523484,0.0,0.0,0.0,0.0,10.0,0.0,3.817389818085541,80.99125926618112,110.92451850729522
PT0209,hypertension,36.403443749749485,0,37.258879973716176,78.44076719517471,0,0,12.367353622307368,9.407591840081146,149.71090661666184,95.9572886872792,0.0,0.0,0.0,10.0,0.0,100.0,3.817389818085541,53.75361792938264,113.87516133040675
PT0209,hypertension,36.403443749749485,0,37.258879973716176,78.44076719517471,95,1,12.367353622307368,9.407591840081146,154.79059920253442,100.70590148773633,0.0,0.0,0.0,5.0,0.0,0.0,3.817389818085541,54.0846977147981,118.73413405933569
PT0209,hypertension,36.403443749749485,0,37.258879973716176,78.44076719517471,114,2,12.367353622307368,9.407591840081146,150.31700493082502,95.38688184385887,0.0,0.0,0.0,0.0,0.0,0.0,3.817389818085541,54.93012308696615,113.6969228728476
PT0209,hypertension,36.403443749749485,0,37.258879973716176,78.44076719517471,185,3,12.367353622307368,9.407591840081146,151.88716100646684,98.47722918827282,0.0,0.0,0.0,10.0,10.0,50.0,3.817389818085541,53.409931818194025,116.28053979433749
PT0209,hypertension,36.403443749749485,0,37.258879973716176,78.44076719517471,433,4,12.367353622307368,9.407591840081146,148.27946011857324,94.5415562279407,0.0,0.0,0.0,20.0,0.0,0.0,3.817389818085541,53.73790389063254,112.45419085815155
PT0209,hypertension,36.403443749749485,0,37.258879973716176,78.44076719517471,511,5,12.367353622307368,9.407591840081146,136.95455383394182,93.94065118518809,0.0,0.0,0.0,5.0,5.0,0.0,3.817389818085541,43.01390264875373,108.27861873477266
PT0209,hypertension,36.403443749749485,0,37.258879973716176,78.44076719517471,638,6,12.367353622307368,9.407591840081146,137.35923753861528,93.57329367205163,0.0,0.0,0.0,0.0,5.0,0.0,3.817389818085541,43.78594386656364,108.16860829423952
PT0209,hypertension,36.403443749749485,0,37.258879973716176,78.44076719517471,669,7,12.367353622307368,9.407591840081146,137.81728248409615,88.07287321131115,0.0,0.0,0.0,0.0,10.0,50.0,3.817389818085541,49.744409272785006,104.65434296890615
PT0210,hypertension,74.44240191482615,0,29.75119020246744,59.958709239032586,0,0,12.367353622307368,9.407591840081146,181.56666935705502,93.56984369703636,0.0,0.0,0.0,10.0,0.0,50.0,3.817389818085541,87.99682566001866,122.90211891704259
PT0210,hypertension,74.44240191482615,0,29.75119020246744,59.958709239032586,121,1,12.367353622307368,9.407591840081146,178.0581244818068,87.06205456929706,0.0,0.0,0.0,5.0,10.0,0.0,3.817389818085541,90.99606991250974,117.39407787346697
PT0210,hypertension,74.44240191482615,0,29.75119020246744,59.958709239032586,191,2,12.367353622307368,9.407591840081146,183.911305150602,84.10120853098675,0.0,0.0,0.0,0.0,10.0,0.0,3.817389818085541,99.81009661961525,117.37124073752517
PT0210,hypertension,74.44240191482615,0,29.75119020246744,59.958709239032586,420,3,12.367353622307368,9.407591840081146,172.93820323491067,84.4810441394873,0.0,0.0,0.0,20.0,5.0,0.0,3.817389818085541,88.45715909542338,113.96676383796175
PT0210,hypertension,74.44240191482615,0,29.75119020246744,59.958709239032586,490,4,12.367353622307368,9.407591840081146,176.04949525029863,81.88217959200244,0.0,0.0,0.0,0.0,5.0,0.0,3.817389818085541,94.16731565829619,113.27128481143451
PT0210,hypertension,74.44240191482615,0,29.75119020246744,59.958709239032586,665,5,12.367353622307368,9.407591840081146,169.46936437163905,86.60636826156818,0.0,0.0,0.0,20.0,0.0,50.0,3.817389818085541,82.86299611007087,114.22736696492514
PT0210,hypertension,74.44240191482615,0,29.75119020246744,59.958709239032586,694,6,12.367353622307368,9.407591840081146,167.35383716793046,83.6561677397633,0.0,0.0,0.0,10.0,0.0,50.0,3.817389818085541,83.69766942816716,111.5553908824857
PT0211,hypertension,43.368205910632085,0,29.609704570412134,60.385306803596485,0,0,12.367353622307368,9.407591840081146,161.54236232621915,93.26656851291798,0.0,0.0,0.0,20.0,10.0,0.0,3.817389818085541,68.27579381330116,116.02516645068503
PT0211,hypertension,43.368205910632085,0,29.609704570412134,60.385306803596485,156,1,12.367353622307368,9.407591840081146,160.93771073805064,90.55532216639479,0.0,0.0,0.0,10.0,0.0,0.0,3.817389818085541,70.38238857165585,114.01611835694673
PT0211,hypertension,43.368205910632085,0,29.609704570412134,60.385306803596485,416,2,12.367353622307368,9.407591840081146,158.81620600734493,88.8673461855004,0.0,0.0,0.0,5.0,0.0,0.0,3.817389818085541,69.94885982184454,112.1836327927819
PT0211,hypertension,43.368205910632085,0,29.609704570412134,60.385306803596485,437,3,12.367353622307368,9.407591840081146,154.84531599593643,89.34642237017906,0.0,0.0,0.0,0.0,10.0,25.0,3.817389818085541,65.49889362575738,111.17938691209818
PT0211,hypertension,43.368205910632085,0,29.609704570412134,60.385306803596485,558,4,12.367353622307368,9.407591840081146,152.63762869957924,90.77309117539575,0.0,0.0,0.0,5.0,0.0,0.0,3.817389818085541,61.86453752418349,111.39460368345691
PT0211,hypertension,43.368205910632085,0,29.609704570412134,60.385306803596485,623,5,12.367353622307368,9.407591840081146,150.3483005987936,85.70299031619611,0.0,0.0,0.0,5.0,0.0,50.0,3.817389818085541,64.64531028259749,107.25142707706193
PT0211,hypertension,43.368205910632085,0,29.609704570412134,60.385306803596485,699,6,12.367353622307368,9.407591840081146,151.68752679813363,83.28436371680348,0.0,0.0,0.0,10.0,5.0,50.0,3.817389818085541,68.40316308133015,106.08541807724687
PT0211,hypertension,43.368205910632085,0,29.609704570412134,60.385306803596485,709,7,12.367353622307368,9.407591840081146,151.3382049585535,85.16873084437593,0.0,0.0,0.0,0.0,0.0,0.0,3.817389818085541,66.16947411417756,107.22522221576845
PT0212,hypertension,60.52392312479506,0,30.54682546533305,95.48313577696305,0,0,12.367353622307368,9.407591840081146,181.74912436900271,106.80762477681304,0.0,0.0,0.0,0.0,10.0,0.0,3.817389818085541,74.94149959218967,131.78812464087628
PT0212,hypertension,60.52392312479506,0,30.54682546533305,95.48313577696305,328,1,12.367353622307368,9.407591840081146,170.4815966846676,103.4216206126703,0.0,0.0,0.0,0.0,10.0,50.0,3.817389818085541,67.05997607199731,125.77494597000273
PT0212,hypertension,60.52392312479506,0,30.54682546533305,95.48313577696305,343,2,12.367353622307368,9.407591840081146,172.53058716050845,101.45779099372469,0.0,0.0,0.0,0.0,10.0,0.0,3.817389818085541,71.07279616678376,125.14872304931927
PT0212,hypertension,60.52392312479506,0,30.54682546533305,95.48313577696305,405,3,12.367353622307368,9.407591840081146,171.2041212173658,105.82472535732475,0.0,0.0,0.0,20.0,10.0,0.0,3.817389818085541,65.37939586004106,127.61785731067177
PT0212,hypertension,60.52392312479506,0,30.54682546533305,95.48313577696305,456,4,12.367353622307368,9.407591840081146,169.66257578174762,100.94603544835745,0.0,0.0,0.0,10.0,0.0,0.0,3.817389818085541,68.71654033339017,123.85154889282084
PT0212,hypertension,60.52392312479506,0,30.54682546533305,95.48313577696305,482,5,12.367353622307368,9.407591840081146,167.42533767998648,98.24715285149381,0.0,0.0,0.0,5.0,0.0,50.0,3.817389818085541,69.17818482849268,121.3065477943247
PT0212,hypertension,60.52392312479506,0,30.54682546533305,95.48313577696305,505,6,12.367353622307368,9.407591840081146,172.50128596173994,98.7426625913617,0.0,0.0,0.0,5.0,5.0,50.0,3.817389818085541,73.75862337037825,123.32887038148777
PT0212,hypertension,60.52392312479506,0,30.54682546533305,95.48313577696305,640,7,12.367353622307368,9.407591840081146,167.61513948072263,99.2771750910953,0.0,0.0,0.0,5.0,5.0,25.0,3.817389818085541,68.33796438962733,122.05649655430442
PT0213,hypertension,57.69147622378972,1,34.038360139240574,88.61866412324173,0,0,12.367353622307368,9.407591840081146,148.94605119953877,93.13423479399599,0.0,0.0,0.0,20.0,5.0,100.0,3.817389818085541,55.811816405542785,111.73817359584358
PT0213,hypertension,57.69147622378972,1,34.038360139240574,88.61866412324173,82,1,12.367353622307368,9.407591840081146,155.60644917193724,91.88792947627006,0.0,0.0,0.0,5.0,5.0,0.0,3.817389818085541,63.71851969566718,113.12743604149246
PT0213,hypertension,57.69147622378972,1,34.038360139240574,88.61866412324173,521,2,12.367353622307368,9.407591840081146,152.41357213573147,89.19786443469012,0.0,0.0,0.0,0.0,0.0,25.0,3.817389818085541,63.21570770104135,110.2697670017039
PT0213,hypertension,57.69147622378972,1,34.038360139240574,88.61866412324173,619,3,12.367353622307368,9.407591840081146,149.32483210583428,91.42129156281415,0.0,0.0,0.0,10.0,0.0,50.0,3.817389818085541,57.90354054302013,110.72247174382086
PT0214,hypertension,48.61462731950181,0,24.997987287187165,63.84743413219813,0,0,12.367353622307368,9.407591840081146,184.331457935642,108.07137849139545,0.0,0.0,0.0,10.0,5.0,0.0,3.817389818085541,76.26007944424654,133.49140497281095
PT0214,hypertension,48.61462731950181,0,24.997987287187165,63.84743413219813,481,1,12.367353622307368,9.407591840081146,183.50696955812828,106.82673741756443,0.0,0.0,0.0,5.0,5.0,50.0,3.817389818085541,76.68023214056385,132.38681479775238
PT0214,hypertension,48.61462731950181,0,24.997987287187165,63.84743413219813,530,2,12.367353622307368,9.407591840081146,180.69365305361816,105.15792543392477,0.0,0.0,0.0,10.0,5.0,100.0,3.817389818085541,75.53572761969339,130.3365013071559
PT0214,hypertension,48.61462731950181,0,24.997987287187165,63.84743413219813,702,3,12.367353622307368,9.407591840081146,179.06001279722673,105.61009333135239,0.0,0.0,0.0,10.0,5.0,0.0,3.817389818085541,73.44991946587434,130.09339981997718
PT0215,hypertension,69.29853342723305,1,33.434882010056185,79.76028112250316,0,0,12.367353622307368,9.407591840081146,163.43888589251696,106.74959326142078,0.0,0.0,0.0,5.0,0.0,0.0,3.817389818085541,56.68929263109618,125.64602413845284
PT0215,hypertension,69.29853342723305,1,33.434882010056185,79.76028112250316,434,1,12.367353622307368,9.407591840081146,153.7354820313071,100.50011644035366,0.0,0.0,0.0,5.0,0.0,50.0,3.817389818085541,53.235365590953435,118.24523830400481
PT0215,hypertension,69.29853342723305,1,33.434882010056185,79.76028112250316,457,2,12.367353622307368,9.407591840081146,152.55313621370956,101.08599503654746,0.0,0.0,0.0,10.0,0.0,0.0,3.817389818085541,51.467141177162105,118.24170876226816
PT0215,hypertension,69.29853342723305,1,33.434882010056185,79.76028112250316,556,3,12.367353622307368,9.407591840081146,154.71655300201272,102.03143697828779,0.0,0.0,0.0,10.0,0.0,0.0,3.817389818085541,52.68511602372493,119.59314231952943
PT0216,hypertension,66.83619412785119,0,30.75723848926034,54.97115192896384,0,0,12.367353622307368,9.407591840081146,157.63572168877664,104.435763348862,0.0,0.0,0.0,10.0,10.0,25.0,3.817389818085541,53.199958339914645,122.16908279550022
PT0216,hypertension,66.83619412785119,0,30.75723848926034,54.97115192896384,226,1,12.367353622307368,9.407591840081146,154.37161735585596,107.12208892466259,0.0,0.0,0.0,10.0,0.0,50.0,3.817389818085541,47.24952843119337,122.87193173506039
PT0216,hypertension,66.83619412785119,0,30.75723848926034,54.97115192896384,286,2,12.367353622307368,9.407591840081146,156.52509048910505,107.40959543921062,0.0,0.0,0.0,0.0,5.0,0.0,3.817389818085541,49.115495049894434,123.78142712250876
PT0216,hypertension,66.83619412785119,0,30.75723848926034,54.97115192896384,545,3,12.367353622307368,9.407591840081146,155.02219069675425,104.85744188697328,0.0,0.0,0.0,0.0,5.0,25.0,3.817389818085541,50.164748809780974,121.57902482356694
PT0216,hypertension,66.83619412785119,0,30.75723848926034,54.97115192896384,582,4,12.367353622307368,9.407591840081146,160.2047018639551,104.73189856237576,0.0,0.0,0.0,5.0,0.0,50.0,3.817389818085541,55.47280330157935,123.22283299623554
PT0216,hypertension,66.83619412785119,0,30.75723848926034,54.97115192896384,638,5,12.367353622307368,9.407591840081146,164.16359554171598,108.60863071113647,0.0,0.0,0.0,0.0,0.0,50.0,3.817389818085541,55.55496483057951,127.12695232132964
PT0216,hypertension,66.83619412785119,0,30.75723848926034,54.97115192896384,703,6,12.367353622307368,9.407591840081146,154.3053245881073,104.29507290875628,0.0,0.0,0.0,5.0,10.0,100.0,3.817389818085541,50.01025167935103,120.96515680187329
PT0217,hypertension,42.11931157297134,0,26.426809849224043,61.45854720196003,0,0,12.367353622307368,9.407591840081146,165.38957825015197,97.99857360172749,0.0,0.0,0.0,0.0,0.0,0.0,3.817389818085541,67.39100464842448,120.46224181786899
PT0217,hypertension,42.11931157297134,0,26.426809849224043,61.45854720196003,149,1,12.367353622307368,9.407591840081146,166.06340928000594,94.33754265775025,0.0,0.0,0.0,10.0,10.0,0.0,3.817389818085541,71.7258666222557,118.24616486516881
PT0217,hypertension,42.11931157297134,0,26.426809849224043,61.45854720196003,311,2,12.367353622307368,9.407591840081146,163.6801885964699,94.0615575112204,0.0,0.0,0.0,0.0,0.0,0.0,3.817389818085541,69.61863108524949,117.26776787297023
PT0217,hypertension,42.11931157297134,0,26.426809849224043,61.45854720196003,352,3,12.367353622307368,9.407591840081146,159.3104219552832,93.39856455390273,0.0,0.0,0.0,10.0,10.0,0.0,3.817389818085541,65.91185740138047,115.36918368769622
PT0218,hypertension,71.31765626742813,0,35.746391069023545,74.72643696355688,0,0,12.367353622307368,9.407591840081146,170.7919281155859,100.53709694275099,0.0,0.0,0.0,20.0,10.0,25.0,3.817389818085541,70.25483117283491,123.95537400036262
PT0218,hypertension,71.31765626742813,0,35.746391069023545,74.72643696355688,183,1,12.367353622307368,9.407591840081146,168.53123253912028,99.61412151403405,0.0,0.0,0.0,0.0,5.0,25.0,3.817389818085541,68.91711102508623,122.58649185572946
PT0218,hypertension,71.31765626742813,0,35.746391069023545,74.72643696355688,198,2,12.367353622307368,9.407591840081146,161.28901168264235,100.24614870835892,0.0,0.0,0.0,20.0,0.0,100.0,3.817389818085541,61.04286297428344,120.59376969978673
PT0218,hypertension,71.31765626742813,0,35.746391069023545,74.72643696355688,297,3,12.367353622307368,9.407591840081146,162.68878498656582,97.57712612587345,0.0,0.0,0.0,0.0,0.0,0.0,3.817389818085541,65.11165886069237,119.2810124127709
PT0218,hypertension,71.31765626742813,0,35.746391069023545,74.72643696355688,348,4,12.367353622307368,9.407591840081146,167.58889472759003,97.26838777620583,0.0,0.0,0.0,5.0,5.0,0.0,3.817389818085541,70.3205069513842,120.70855676000056
PT0218,hypertension,71.31765626742813,0,35.746391069023545,74.72643696355688,378,5,12.367353622307368,9.407591840081146,158.303412234496,103.6343181120729,0.0,0.0,0.0,0.0,0.0,25.0,3.817389818085541,54.66909412242309,121.85734948621393
PT0218,hypertension,71.31765626742813,0,35.746391069023545,74.72643696355688,713,6,12.367353622307368,9.407591840081146,158.6044722875209,97.11423381757072,0.0,0.0,0.0,20.0,0.0,0.0,3.817389818085541,61.490238469950185,117.61097997422078
PT0219,hypertension,71.07859880193888,0,37.7805186698345,66.03345256153597,0,0,12.367353622307368,9.407591840081146,160.3806008498741,92.95013014476605,0.0,0.0,0.0,10.0,0.0,25.0,3.817389818085541,67.43047070510805,115.4269537131354
PT0219,hypertension,71.07859880193888,0,37.7805186698345,66.03345256153597,131,1,12.367353622307368,9.407591840081146,151.94703348566173,91.39641967574768,0.0,0.0,0.0,20.0,0.0,0.0,3.817389818085541,60.550613809914054,111.5799576123857
PT0219,hypertension,71.07859880193888,0,37.7805186698345,66.03345256153597,196,2,12.367353622307368,9.407591840081146,160.21662956132883,92.26322724455534,0.0,0.0,0.0,10.0,0.0,0.0,3.817389818085541,67.95340231677349,114.9143613501465
PT0219,hypertension,71.07859880193888,0,37.7805186698345,66.03345256153597,309,3,12.367353622307368,9.407591840081146,150.07344444538074,91.96400259309037,0.0,0.0,0.0,10.0,5.0,0.0,3.817389818085541,58.109441852290374,111.33381654385383
PT0219,hypertension,71.07859880193888,0,37.7805186698345,66.03345256153597,366,4,12.367353622307368,9.407591840081146,150.50975471790966,90.66125661211775,0.0,0.0,0.0,0.0,0.0,25.0,3.817389818085541,59.848498105791904,110.61075598071506
PT0219,hypertension,71.07859880193888,0,37.7805186698345,66.03345256153597,427,5,12.367353622307368,9.407591840081146,151.39985297554983,87.11080139496595,0.0,0.0,0.0,0.0,0.0,25.0,3.817389818085541,64.28905158058389,108.54048525516058
PT0219,hypertension,71.07859880193888,0,37.7805186698345,66.03345256153597,712,6,12.367353622307368,9.407591840081146,149.1457140065569,87.38719724712297,0.0,0.0,0.0,10.0,0.0,25.0,3.817389818085541,61.75851675943392,107.97336950026761
PT0219,hypertension,71.07859880193888,0,37.7805186698345,66.03345256153597,716,7,12.367353622307368,9.407591840081146,153.44744353467638,88.95445311346745,0.0,0.0,0.0,10.0,10.0,25.0,3.817389818085541,64.49299042120893,110.45211658720376
PT0220,hypertension,35.901217768257865,1,33.31319552666992,56.16407478815309,0,0,12.367353622307368,9.407591840081146,158.03500681383795,100.69045415699517,0.0,0.0,0.0,10.0,10.0,50.0,3.817389818085541,57.34455265684278,119.80530504260943
PT0220,hypertension,35.901217768257865,1,33.31319552666992,56.16407478815309,88,1,12.367353622307368,9.407591840081146,165.66052176304163,97.7399134871176,0.0,0.0,0.0,0.0,0.0,0.0,3.817389818085541,67.92060827592402,120.38011624575894
PT0220,hypertension,35.901217768257865,1,33.31319552666992,56.16407478815309,374,2,12.367353622307368,9.407591840081146,162.68696104921568,92.34676336741128,0.0,0.0,0.0,0.0,5.0,25.0,3.817389818085541,70.3401976818044,115.79349592801275
PT0220,hypertension,35.901217768257865,1,33.31319552666992,56.16407478815309,514,3,12.367353622307368,9.407591840081146,161.00961344595916,93.40260547535269,0.0,0.0,0.0,5.0,5.0,100.0,3.817389818085541,67.60700797060647,115.93827479888817
PT0221,hypertension,55.789472109370024,0,29.40916990597363,66.2799730572485,0,0,12.367353622307368,9.407591840081146,178.5952974013086,89.73544604995513,0.0,0.0,0.0,5.0,10.0,100.0,3.817389818085541,88.85985135135348,119.35539650040629
PT0221,hypertension,55.789472109370024,0,29.40916990597363,66.2799730572485,354,1,12.367353622307368,9.407591840081146,174.93139380856135,89.56270030159058,0.0,0.0,0.0,0.0,5.0,25.0,3.817389818085541,85.36869350697077,118.01893147058084
PT0221,hypertension,55.789472109370024,0,29.40916990597363,66.2799730572485,452,2,12.367353622307368,9.407591840081146,178.42520393180203,88.64291526314477,0.0,0.0,0.0,10.0,0.0,50.0,3.817389818085541,89.78228866865726,118.57034481936385
PT0221,hypertension,55.789472109370024,0,29.40916990597363,66.2799730572485,541,3,12.367353622307368,9.407591840081146,164.30335864986438,88.18540179761831,0.0,0.0,0.0,0.0,5.0,25.0,3.817389818085541,76.11795685224607,113.55805408170033
PT0221,hypertension,55.789472109370024,0,29.40916990597363,66.2799730572485,653,4,12.367353622307368,9.407591840081146,166.4814701284617,87.61285374852953,0.0,0.0,0.0,10.0,0.0,50.0,3.817389818085541,78.86861637993216,113.90239254184026
PT0222,hypertension,65.5327384238218,0,29.5168143995906,75.47185848577726,0,0,12.367353622307368,9.407591840081146,155.1623492212989,102.49925920478877,0.0,0.0,0.0,5.0,0.0,100.0,3.817389818085541,52.66309001651014,120.05362254362548
PT0222,hypertension,65.5327384238218,0,29.5168143995906,75.47185848577726,300,1,12.367353622307368,9.407591840081146,158.97949678119733,94.77922073066519,0.0,0.0,0.0,0.0,10.0,25.0,3.817389818085541,64.20027605053214,116.17931274750923
PT0222,hypertension,65.5327384238218,0,29.5168143995906,75.47185848577726,506,2,12.367353622307368,9.407591840081146,158.00220641046698,95.44926514541952,0.0,0.0,0.0,10.0,0.0,25.0,3.817389818085541,62.552941265047465,116.30024556710201
PT0222,hypertension,65.5327384238218,0,29.5168143995906,75.47185848577726,551,3,12.367353622307368,9.407591840081146,159.0937599538621,100.31644551356236,0.0,0.0,0.0,0.0,0.0,25.0,3.817389818085541,58.77731444029975,119.90888366032894
PT0222,hypertension,65.5327384238218,0,29.5168143995906,75.47185848577726,567,4,12.367353622307368,9.407591840081146,163.12421391218368,98.9800564224468,0.0,0.0,0.0,10.0,0.0,0.0,3.817389818085541,64.14415748973688,120.36144225235908
PT0222,hypertension,65.5327384238218,0,29.5168143995906,75.47185848577726,610,5,12.367353622307368,9.407591840081146,158.21509850730243,99.97579616203019,0.0,0.0,0.0,0.0,10.0,100.0,3.817389818085541,58.239302345272236,119.3888969437876
PT0222,hypertension,65.5327384238218,0,29.5168143995906,75.47185848577726,651,6,12.367353622307368,9.407591840081146,158.3234714600737,97.99130347859162,0.0,0.0,0.0,0.0,5.0,100.0,3.817389818085541,60.33216798148209,118.10202613908565
PT0223,hypertension,47.051616424266015,0,30.81013300892053,51.03839730596812,0,0,12.367353622307368,9.407591840081146,185.71068742132525,111.51123692622468,0.0,0.0,0.0,10.0,10.0,25.0,3.817389818085541,74.19945049510056,136.2443870912582
PT0223,hypertension,47.051616424266015,0,30.81013300892053,51.03839730596812,207,1,12.367353622307368,9.407591840081146,180.46123871807913,107.0858242550248,0.0,0.0,0.0,10.0,5.0,0.0,3.817389818085541,73.37541446305433,131.54429574270958
PT0223,hypertension,47.051616424266015,0,30.81013300892053,51.03839730596812,254,2,12.367353622307368,9.407591840081146,176.3487630460285,105.37424546065853,0.0,0.0,0.0,10.0,0.0,25.0,3.817389818085541,70.97451758536997,129.03241798911517
PT0223,hypertension,47.051616424266015,0,30.81013300892053,51.03839730596812,403,3,12.367353622307368,9.407591840081146,180.71354122666693,110.5387742773963,0.0,0.0,0.0,5.0,0.0,0.0,3.817389818085541,70.17476694927063,133.9303632604865
PT0223,hypertension,47.051616424266015,0,30.81013300892053,51.03839730596812,460,4,12.367353622307368,9.407591840081146,176.03583361798053,105.53974908406803,0.0,0.0,0.0,20.0,10.0,0.0,3.817389818085541,70.4960845339125,129.03844392870553
PT0223,hypertension,47.051616424266015,0,30.81013300892053,51.03839730596812,471,5,12.367353622307368,9.407591840081146,171.4185293115175,105.30887601106934,0.0,0.0,0.0,0.0,0.0,100.0,3.817389818085541,66.10965330044814,127.34542711121873
PT0223,hypertension,47.051616424266015,0,30.81013300892053,51.03839730596812,497,6,12.367353622307368,9.407591840081146,176.63461184713233,101.31476134969785,0.0,0.0,0.0,20.0,10.0,0.0,3.817389818085541,75.31985049743449,126.42137818217601
PT0224,hypertension,64.05328064111961,1,25.72330735004066,87.18337413785402,0,0,12.367353622307368,9.407591840081146,160.58719008555545,95.45819014541966,0.0,0.0,0.0,10.0,10.0,0.0,3.817389818085541,65.12899994013578,117.16785679213159
PT0224,hypertension,64.05328064111961,1,25.72330735004066,87.18337413785402,285,1,12.367353622307368,9.407591840081146,155.17995517878535,101.04185997445903,0.0,0.0,0.0,10.0,5.0,25.0,3.817389818085541,54.13809520432632,119.08789170923447
PT0224,hypertension,64.05328064111961,1,25.72330735004066,87.18337413785402,504,2,12.367353622307368,9.407591840081146,152.04548329434638,96.30575390102437,0.0,0.0,0.0,10.0,10.0,0.0,3.817389818085541,55.73972939332201,114.88566369879838
PT0224,hypertension,64.05328064111961,1,25.72330735004066,87.18337413785402,673,3,12.367353622307368,9.407591840081146,148.47787257688472,96.17949515974112,0.0,0.0,0.0,20.0,10.0,0.0,3.817389818085541,52.2983774171436,113.61228763212232
PT0225,hypertension,46.14594132110116,0,34.437947466277926,90.93609566385774,0,0,12.367353622307368,9.407591840081146,161.48649160296938,85.83185419693967,0.0,0.0,0.0,10.0,10.0,0.0,3.817389818085541,75.6546374060297,111.05006666561624
PT0225,hypertension,46.14594132110116,0,34.437947466277926,90.93609566385774,343,1,12.367353622307368,9.407591840081146,164.39373485631836,87.88549578240374,0.0,0.0,0.0,20.0,0.0,0.0,3.817389818085541,76.50823907391462,113.38824214037528
PT0225,hypertension,46.14594132110116,0,34.437947466277926,90.93609566385774,380,2,12.367353622307368,9.407591840081146,157.01982766885527,86.90065008165242,0.0,0.0,0.0,0.0,0.0,0.0,3.817389818085541,70.11917758720286,110.2737092773867
PT0225,hypertension,46.14594132110116,0,34.437947466277926,90.93609566385774,436,3,12.367353622307368,9.407591840081146,153.008580073251,87.43027139373756,0.0,0.0,0.0,5.0,0.0,0.0,3.817389818085541,65.57830867951346,109.28970762024204
PT0225,hypertension,46.14594132110116,0,34.437947466277926,90.93609566385774,583,4,12.367353622307368,9.407591840081146,146.90408489172535,85.64370698236948,0.0,0.0,0.0,10.0,10.0,50.0,3.817389818085541,61.26037790935587,106.06383295215477
PT0225,hypertension,46.14594132110116,0,34.437947466277926,90.93609566385774,630,5,12.367353622307368,9.407591840081146,146.4633522376047,82.63940268597527,0.0,0.0,0.0,0.0,10.0,0.0,3.817389818085541,63.82394955162944,103.91405253651841
PT0226,hypertension,55.37256710680377,0,31.231609578102326,66.27999969527906,0,0,12.367353622307368,9.407591840081146,162.04399204400906,99.87452940995111,0.0,0.0,0.0,0.0,10.0,0.0,3.817389818085541,62.16946263405795,120.59768362130376
PT0226,hypertension,55.37256710680377,0,31.231609578102326,66.27999969527906,104,1,12.367353622307368,9.407591840081146,152.31085552438887,100.3067328080603,0.0,0.0,0.0,0.0,0.0,100.0,3.817389818085541,52.00412271632857,117.64144038016983
PT0226,hypertension,55.37256710680377,0,31.231609578102326,66.27999969527906,148,2,12.367353622307368,9.407591840081146,152.02974023609428,101.8133655633041,0.0,0.0,0.0,5.0,5.0,0.0,3.817389818085541,50.21637467279018,118.55215712090083
PT0226,hypertension,55.37256710680377,0,31.231609578102326,66.27999969527906,185,3,12.367353622307368,9.407591840081146,151.025628182451,96.78983505955209,0.0,0.0,0.0,10.0,0.0,25.0,3.817389818085541,54.2357931228989,114.86843276718506
PT0226,hypertension,55.37256710680377,0,31.231609578102326,66.27999969527906,346,4,12.367353622307368,9.407591840081146,151.5660657312349,100.66907799690449,0.0,0.0,0.0,20.0,0.0,50.0,3.817389818085541,50.896987734330395,117.63474057501462
PT0226,hypertension,55.37256710680377,0,31.231609578102326,66.27999969527906,505,5,12.367353622307368,9.407591840081146,149.914740788665,98.12149292171706,0.0,0.0,0.0,0.0,5.0,25.0,3.817389818085541,51.79324786694794,115.38590887736638
PT0226,hypertension,55.37256710680377,0,31.231609578102326,66.27999969527906,666,6,12.367353622307368,9.407591840081146,151.61595255947415,90.33870895455988,0.0,0.0,0.0,10.0,0.0,0.0,3.817389818085541,61.277243604914275,110.76445682286463
PT0226,hypertension,55.37256710680377,0,31.231609578102326,66.27999969527906,679,7,12.367353622307368,9.407591840081146,152.37879897624538,98.07137320175046,0.0,0.0,0.0,0.0,5.0,25.0,3.817389818085541,54.30742577449492,116.17384845991543
PT0227,hypertension,73.2752147669098,1,29.602338927200424,87.13832950022385,0,0,12.367353622307368,9.407591840081146,176.0170066737054,102.62864134852754,0.0,0.0,0.0,5.0,5.0,50.0,3.817389818085541,73.38836532517786,127.09142979025349
PT0227,hypertension,73.2752147669098,1,29.602338927200424,87.13832950022385,263,1,12.367353622307368,9.407591840081146,177.68358937135395,97.7601647703747,0.0,0.0,0.0,10.0,10.0,0.0,3.817389818085541,79.92342460097925,124.40130630403445
PT0227,hypertension,73.2752147669098,1,29.602338927200424,87.13832950022385,455,2,12.367353622307368,9.407591840081146,173.02717565579522,97.24486066435296,0.0,0.0,0.0,20.0,0.0,50.0,3.817389818085541,75.78231499144226,122.50563232816704
PT0227,hypertension,73.2752147669098,1,29.602338927200424,87.13832950022385,540,3,12.367353622307368,9.407591840081146,168.55672370741078,99.00298190780734,0.0,0.0,0.0,20.0,10.0,25.0,3.817389818085541,69.55374179960344,122.18756250767515
PT0227,hypertension,73.2752147669098,1,29.602338927200424,87.13832950022385,563,4,12.367353622307368,9.407591840081146,170.67882499212658,98.55237290424668,0.0,0.0,0.0,0.0,5.0,0.0,3.817389818085541,72.1264520878799,122.59452360020664
PT0227,hypertension,73.2752147669098,1,29.602338927200424,87.13832950022385,576,5,12.367353622307368,9.407591840081146,167.23617502467252,98.01285916232513,0.0,0.0,0.0,0.0,0.0,0.0,3.817389818085541,69.22331586234739,121.08729778310759
PT0227,hypertension,73.2752147669098,1,29.602338927200424,87.13832950022385,625,6,12.367353622307368,9.407591840081146,170.3096534794666,94.69916377923155,0.0,0.0,0.0,10.0,0.0,100.0,3.817389818085541,75.61048970023504,119.90266034597657
PT0228,hypertension,62.8821510411208,0,29.499090155040612,102.95689462157341,0,0,12.367353622307368,9.407591840081146,153.51585847883428,92.60206984760453,0.0,0.0,0.0,0.0,0.0,0.0,3.817389818085541,60.91378863122975,112.90666605801444
PT0228,hypertension,62.8821510411208,0,29.499090155040612,102.95689462157341,159,1,12.367353622307368,9.407591840081146,153.64295306378315,91.04575902835145,0.0,0.0,0.0,20.0,0.0,25.0,3.817389818085541,62.5971940354317,111.91149037349535
PT0228,hypertension,62.8821510411208,0,29.499090155040612,102.95689462157341,320,2,12.367353622307368,9.407591840081146,155.41485681048448,88.88129145588093,0.0,0.0,0.0,0.0,0.0,100.0,3.817389818085541,66.53356535460355,111.0591465740821
PT0228,hypertension,62.8821510411208,0,29.499090155040612,102.95689462157341,513,3,12.367353622307368,9.407591840081146,148.8165105721396,90.41215165118271,0.0,0.0,0.0,10.0,5.0,0.0,3.817389818085541,58.404358920956895,109.88027129150167
PT0229,hypertension,61.25959353403476,0,24.744101225354672,61.79575716786648,0,0,12.367353622307368,9.407591840081146,152.29768702776,91.70031458313647,0.0,0.0,0.0,10.0,0.0,50.0,3.817389818085541,60.59737244462352,111.89943873134432
PT0229,hypertension,61.25959353403476,0,24.744101225354672,61.79575716786648,166,1,12.367353622307368,9.407591840081146,152.10871972607168,90.75415347269691,0.0,0.0,0.0,10.0,0.0,25.0,3.817389818085541,61.35456625337477,111.20567555715517
PT0229,hypertension,61.25959353403476,0,24.744101225354672,61.79575716786648,182,2,12.367353622307368,9.407591840081146,153.11776991317333,91.93253346475583,0.0,0.0,0.0,5.0,10.0,0.0,3.817389818085541,61.1852364484175,112.327612280895
PT0229,hypertension,61.25959353403476,0,24.744101225354672,61.79575716786648,346,3,12.367353622307368,9.407591840081146,155.77782623827196,95.09517372482811,0.0,0.0,0.0,0.0,0.0,25.0,3.817389818085541,60.68265251344384,115.32272456264273
PT0229,hypertension,61.25959353403476,0,24.744101225354672,61.79575716786648,477,4,12.367353622307368,9.407591840081146,155.65396054816412,89.03901994843551,0.0,0.0,0.0,0.0,0.0,100.0,3.817389818085541,66.61494059972861,111.24400014834505
PT0230,hypertension,39.29956737078113,1,32.8516642770731,53.764686297135235,0,0,12.367353622307368,9.407591840081146,178.77068694212485,94.69451580542878,0.0,0.0,0.0,10.0,0.0,25.0,3.817389818085541,84.07617113669608,122.71990618432747
PT0230,hypertension,39.29956737078113,1,32.8516642770731,53.764686297135235,329,1,12.367353622307368,9.407591840081146,175.08062641672896,93.3527764197946,0.0,0.0,0.0,0.0,0.0,25.0,3.817389818085541,81.72784999693437,120.59539308543938
PT0230,hypertension,39.29956737078113,1,32.8516642770731,53.764686297135235,402,2,12.367353622307368,9.407591840081146,176.6044999269795,93.16598209781978,0.0,0.0,0.0,10.0,5.0,25.0,3.817389818085541,83.43851782915974,120.97882137420636
PT0230,hypertension,39.29956737078113,1,32.8516642770731,53.764686297135235,518,3,12.367353622307368,9.407591840081146,174.97160424924277,93.71189035511087,0.0,0.0,0.0,0.0,10.0,0.0,3.817389818085541,81.2597138941319,120.79846165315483
PT0230,hypertension,39.29956737078113,1,32.8516642770731,53.764686297135235,592,4,12.367353622307368,9.407591840081146,172.2448716226453,91.53841564360826,0.0,0.0,0.0,5.0,0.0,50.0,3.817389818085541,80.70645597903703,118.4405676366206
PT0230,hypertension,39.29956737078113,1,32.8516642770731,53.764686297135235,636,5,12.367353622307368,9.407591840081146,169.00664964012816,93.81610929223486,0.0,0.0,0.0,0.0,10.0,50.0,3.817389818085541,75.1905403478933,118.87962274153263
PT0231,hypertension,40.38830531309329,1,28.726870211424597,78.50987715134937,0,0,12.367353622307368,9.407591840081146,178.8367099887268,90.32979722268918,0.0,0.0,0.0,0.0,0.0,100.0,3.817389818085541,88.50691276603762,119.83210147803506
PT0231,hypertension,40.38830531309329,1,28.726870211424597,78.50987715134937,258,1,12.367353622307368,9.407591840081146,177.70927919400765,87.90250277054139,0.0,0.0,0.0,0.0,5.0,0.0,3.817389818085541,89.80677642346626,117.83809491169681
PT0231,hypertension,40.38830531309329,1,28.726870211424597,78.50987715134937,316,2,12.367353622307368,9.407591840081146,173.72061873331432,90.37279460395781,0.0,0.0,0.0,0.0,10.0,0.0,3.817389818085541,83.34782412935651,118.15540264707666
PT0231,hypertension,40.38830531309329,1,28.726870211424597,78.50987715134937,627,3,12.367353622307368,9.407591840081146,175.44442677808968,92.4581418778188,0.0,0.0,0.0,0.0,5.0,25.0,3.817389818085541,82.98628490027087,120.12023684457576
PT0231,hypertension,40.38830531309329,1,28.726870211424597,78.50987715134937,687,4,12.367353622307368,9.407591840081146,175.76289720963092,90.35800090290812,0.0,0.0,0.0,20.0,5.0,0.0,3.817389818085541,85.4048963067228,118.82629967181572
PT0232,hypertension,68.96207047683811,1,27.802331453838313,60.37787058337765,0,0,12.367353622307368,9.407591840081146,173.26782641687578,101.68001521209162,0.0,0.0,0.0,20.0,5.0,0.0,3.817389818085541,71.58781120478416,125.54261894701968
PT0232,hypertension,68.96207047683811,1,27.802331453838313,60.37787058337765,229,1,12.367353622307368,9.407591840081146,173.69776510989328,99.30623775802536,0.0,0.0,0.0,5.0,5.0,50.0,3.817389818085541,74.39152735186792,124.10341354198134
PT0232,hypertension,68.96207047683811,1,27.802331453838313,60.37787058337765,332,2,12.367353622307368,9.407591840081146,174.59107868498856,97.72122272304242,0.0,0.0,0.0,10.0,0.0,50.0,3.817389818085541,76.86985596194614,123.34450804369114
PT0232,hypertension,68.96207047683811,1,27.802331453838313,60.37787058337765,434,3,12.367353622307368,9.407591840081146,170.1180298523886,98.19037244652088,0.0,0.0,0.0,20.0,5.0,100.0,3.817389818085541,71.9276574058677,122.16625824847678
PT0232,hypertension,68.96207047683811,1,27.802331453838313,60.37787058337765,494,4,12.367353622307368,9.407591840081146,167.59588426115985,93.12909914427823,0.0,0.0,0.0,0.0,10.0,0.0,3.817389818085541,74.46678511688162,117.95136084990544
PT0232,hypertension,68.96207047683811,1,27.802331453838313,60.37787058337765,623,5,12.367353622307368,9.407591840081146,171.22241354554765,91.70225517915061,0.0,0.0,0.0,0.0,0.0,50.0,3.817389818085541,79.52015836639704,118.2089746346163
PT0233,hypertension,68.74280822871835,0,28.99955248350851,53.391996069272004,0,0,12.367353622307368,9.407591840081146,158.09527807315357,96.84725301013016,0.0,0.0,0.0,0.0,10.0,0.0,3.817389818085541,61.248025063023405,117.26326136447129
PT0233,hypertension,68.74280822871835,0,28.99955248350851,53.391996069272004,192,1,12.367353622307368,9.407591840081146,153.79223537344416,97.67376185799878,0.0,0.0,0.0,10.0,10.0,50.0,3.817389818085541,56.11847351544537,116.37991969648057
PT0233,hypertension,68.74280822871835,0,28.99955248350851,53.391996069272004,322,2,12.367353622307368,9.407591840081146,146.86816489746062,96.23424858726284,0.0,0.0,0.0,20.0,0.0,25.0,3.817389818085541,50.633916310197776,113.1122206906621
PT0233,hypertension,68.74280822871835,0,28.99955248350851,53.391996069272004,342,3,12.367353622307368,9.407591840081146,151.65965535936454,92.10585058087244,0.0,0.0,0.0,5.0,5.0,0.0,3.817389818085541,59.55380477849209,111.9571188403698
PT0233,hypertension,68.74280822871835,0,28.99955248350851,53.391996069272004,371,4,12.367353622307368,9.407591840081146,148.818538418949,89.0972457580407,0.0,0.0,0.0,0.0,10.0,0.0,3.817389818085541,59.721292660908304,109.0043433116768
PT0233,hypertension,68.74280822871835,0,28.99955248350851,53.391996069272004,556,5,12.367353622307368,9.407591840081146,150.50713478179057,90.25355788061424,0.0,0.0,0.0,5.0,10.0,0.0,3.817389818085541,60.25357690117633,110.33808351433969
PT0234,hypertension,62.57776857232534,0,30.083703473531337,70.25941210482786,0,0,12.367353622307368,9.407591840081146,170.48752636975115,109.48467561339574,0.0,0.0,0.0,0.0,5.0,25.0,3.817389818085541,61.002850756355414,129.81895919884755
PT0234,hypertension,62.57776857232534,0,30.083703473531337,70.25941210482786,187,1,12.367353622307368,9.407591840081146,162.80810538636987,106.83655302428743,0.0,0.0,0.0,20.0,0.0,100.0,3.817389818085541,55.97155236208245,125.49373714498158
PT0234,hypertension,62.57776857232534,0,30.083703473531337,70.25941210482786,235,2,12.367353622307368,9.407591840081146,165.1032128297581,109.3811645034936,0.0,0.0,0.0,5.0,0.0,25.0,3.817389818085541,55.7220483262645,127.95518061224843
PT0234,hypertension,62.57776857232534,0,30.083703473531337,70.25941210482786,435,3,12.367353622307368,9.407591840081146,164.24856710210912,105.7036084064167,0.0,0.0,0.0,10.0,0.0,0.0,3.817389818085541,58.544958695692415,125.21859463831417
PT0234,hypertension,62.57776857232534,0,30.083703473531337,70.25941210482786,541,4,12.367353622307368,9.407591840081146,170.55738614063662,106.84811527983658,0.0,0.0,0.0,0.0,0.0,100.0,3.817389818085541,63.709270860800046,128.08453890010327
PT0234,hypertension,62.57776857232534,0,30.083703473531337,70.25941210482786,601,5,12.367353622307368,9.407591840081146,168.3296571581747,106.40227626617019,0.0,0.0,0.0,0.0,0.0,100.0,3.817389818085541,61.92738089200452,127.04473656350503
PT0234,hypertension,62.57776857232534,0,30.083703473531337,70.25941210482786,637,6,12.367353622307368,9.407591840081146,166.36495169717648,109.87920750571976,0.0,0.0,0.0,0.0,0.0,0.0,3.817389818085541,56.48574419145672,128.707788902872
PT0234,hypertension,62.57776857232534,0,30.083703473531337,70.25941210482786,710,7,12.367353622307368,9.407591840081146,162.05465114688707,109.06400128809973,0.0,0.0,0.0,5.0,0.0,0.0,3.817389818085541,52.990649858787336,126.72755124102885
PT0235,hypertension,37.31264416258989,1,36.07178093995185,69.80175634123704,0,0,12.367353622307368,9.407591840081146,179.02494053379945,101.21363180881055,0.0,0.0,0.0,0.0,10.0,0.0,3.817389818085541,77.8113087249889,127.15073471714018
PT0235,hypertension,37.31264416258989,1,36.07178093995185,69.80175634123704,331,1,12.367353622307368,9.407591840081146,175.3294360324199,100.3570490747263,0.0,0.0,0.0,0.0,10.0,0.0,3.817389818085541,74.97238695769359,125.34784472729083
PT0235,hypertension,37.31264416258989,1,36.07178093995185,69.80175634123704,378,2,12.367353622307368,9.407591840081146,174.82166694007023,99.82039942066248,0.0,0.0,0.0,5.0,0.0,0.0,3.817389818085541,75.00126751940775,124.82082192713173
PT0235,hypertension,37.31264416258989,1,36.07178093995185,69.80175634123704,385,3,12.367353622307368,9.407591840081146,172.00561223993319,93.49379586231467,0.0,0.0,0.0,10.0,10.0,0.0,3.817389818085541,78.51181637761852,119.66440132152084
PT0235,hypertension,37.31264416258989,1,36.07178093995185,69.80175634123704,547,4,12.367353622307368,9.407591840081146,168.0519567969458,91.60543896914548,0.0,0.0,0.0,5.0,0.0,0.0,3.817389818085541,76.44651782780032,117.08761157841225
PT0236,hypertension,44.93264390579374,0,35.981069782851186,70.81932622911805,0,0,12.367353622307368,9.407591840081146,167.21189745893875,98.77102032381488,0.0,0.0,0.0,10.0,5.0,0.0,3.817389818085541,68.44087713512387,121.58464603552284
PT0236,hypertension,44.93264390579374,0,35.981069782851186,70.81932622911805,114,1,12.367353622307368,9.407591840081146,170.66703294808224,96.5181614877545,0.0,0.0,0.0,20.0,10.0,50.0,3.817389818085541,74.14887146032774,121.23445197453042
PT0236,hypertension,44.93264390579374,0,35.981069782851186,70.81932622911805,367,2,12.367353622307368,9.407591840081146,163.96764126094294,94.2706882434482,0.0,0.0,0.0,20.0,0.0,0.0,3.817389818085541,69.69695301749474,117.50300591594645
PT0236,hypertension,44.93264390579374,0,35.981069782851186,70.81932622911805,504,3,12.367353622307368,9.407591840081146,159.32607555132446,90.73566875237533,0.0,0.0,0.0,5.0,0.0,0.0,3.817389818085541,68.59040679894913,113.59913768535837
PT0237,hypertension,55.006111709473196,0,37.671445641630164,99.26006364767218,0,0,12.367353622307368,9.407591840081146,174.33366517491328,100.14994402030499,0.0,0.0,0.0,0.0,5.0,0.0,3.817389818085541,74.18372115460829,124.87785107184108
PT0237,hypertension,55.006111709473196,0,37.671445641630164,99.26006364767218,131,1,12.367353622307368,9.407591840081146,172.39957852430277,97.96793231065867,0.0,0.0,0.0,5.0,0.0,0.0,3.817389818085541,74.4316462136441,122.77848104854003
PT0237,hypertension,55.006111709473196,0,37.671445641630164,99.26006364767218,170,2,12.367353622307368,9.407591840081146,162.95397740122715,96.03885654007165,0.0,0.0,0.0,20.0,10.0,50.0,3.817389818085541,66.9151208611555,118.34389682712349
PT0237,hypertension,55.006111709473196,0,37.671445641630164,99.26006364767218,255,3,12.367353622307368,9.407591840081146,160.19059377843354,97.54506782210098,0.0,0.0,0.0,0.0,5.0,0.0,3.817389818085541,62.64552595633256,118.42690980754516
PT0237,hypertension,55.006111709473196,0,37.671445641630164,99.26006364767218,478,4,12.367353622307368,9.407591840081146,156.37389154667235,94.74725703514764,0.0,0.0,0.0,10.0,10.0,100.0,3.817389818085541,61.62663451152471,115.28946853898921
PT0237,hypertension,55.006111709473196,0,37.671445641630164,99.26006364767218,525,5,12.367353622307368,9.407591840081146,156.21618611225873,92.52246362844892,0.0,0.0,0.0,0.0,10.0,25.0,3.817389818085541,63.69372248380981,113.75370445638552
PT0237,hypertension,55.006111709473196,0,37.671445641630164,99.26006364767218,704,6,12.367353622307368,9.407591840081146,155.06317595720387,92.50632639980827,0.0,0.0,0.0,5.0,0.0,25.0,3.817389818085541,62.556849557395594,113.3586095856068
PT0238,hypertension,52.337204355332986,1,29.6865786981122,95.81046875896567,0,0,12.367353622307368,9.407591840081146,168.68799132162934,110.20983968016448,0.0,0.0,0.0,5.0,5.0,100.0,3.817389818085541,58.47815164146486,129.7025568939861
PT0238,hypertension,52.337204355332986,1,29.6865786981122,95.81046875896567,142,1,12.367353622307368,9.407591840081146,165.0918917505921,109.23790531220322,0.0,0.0,0.0,10.0,10.0,0.0,3.817389818085541,55.85398643838889,127.85590079166619
PT0238,hypertension,52.337204355332986,1,29.6865786981122,95.81046875896567,244,2,12.367353622307368,9.407591840081146,164.90686187992375,105.88002114464709,0.0,0.0,0.0,20.0,0.0,100.0,3.817389818085541,59.026840735276664,125.55563472307264
PT0238,hypertension,52.337204355332986,1,29.6865786981122,95.81046875896567,367,3,12.367353622307368,9.407591840081146,161.0339535436026,109.17320529990246,0.0,0.0,0.0,0.0,5.0,25.0,3.817389818085541,51.86074824370013,126.46012138113583
PT0238,hypertension,52.337204355332986,1,29.6865786981122,95.81046875896567,480,4,12.367353622307368,9.407591840081146,160.2743254617022,108.33405710266925,0.0,0.0,0.0,10.0,0.0,100.0,3.817389818085541,51.940268359032956,125.64747988901357
PT0238,hypertension,52.337204355332986,1,29.6865786981122,95.81046875896567,622,5,12.367353622307368,9.407591840081146,158.48216593879738,100.7684680296189,0.0,0.0,0.0,20.0,0.0,100.0,3.817389818085541,57.71369790917848,120.0063673326784
PT0239,hypertension,55.39879619888863,0,26.686276657128918,74.32030495425863,0,0,12.367353622307368,9.407591840081146,156.93992175200415,104.39780436714972,0.0,0.0,0.0,5.0,0.0,0.0,3.817389818085541,52.542117384854436,121.91184349543452
PT0239,hypertension,55.39879619888863,0,26.686276657128918,74.32030495425863,299,1,12.367353622307368,9.407591840081146,158.15265413106226,101.46621572033841,0.0,0.0,0.0,5.0,10.0,0.0,3.817389818085541,56.68643841072385,120.3616951905797
PT0239,hypertension,55.39879619888863,0,26.686276657128918,74.32030495425863,653,2,12.367353622307368,9.407591840081146,163.18646770563774,99.04166446055254,0.0,0.0,0.0,5.0,10.0,0.0,3.817389818085541,64.1448032450852,120.4232655422476
PT0239,hypertension,55.39879619888863,0,26.686276657128918,74.32030495425863,708,3,12.367353622307368,9.407591840081146,156.7524850046985,101.95277343264637,0.0,0.0,0.0,5.0,0.0,0.0,3.817389818085541,54.799711572052146,120.21934395666375
PT0240,hypertension,72.43233322509033,1,25.702818017636677,93.27193460189056,0,0,12.367353622307368,9.407591840081146,151.65147368251098,95.12999675146156,0.0,0.0,0.0,10.0,5.0,50.0,3.817389818085541,56.52147693104942,113.97048906181136
PT0240,hypertension,72.43233322509033,1,25.702818017636677,93.27193460189056,26,1,12.367353622307368,9.407591840081146,161.0092513733674,94.4196512648415,0.0,0.0,0.0,20.0,0.0,0.0,3.817389818085541,66.58960010852589,116.61618463435013
PT0240,hypertension,72.43233322509033,1,25.702818017636677,93.27193460189056,368,2,12.367353622307368,9.407591840081146,154.84885522860228,88.57667413788269,0.0,0.0,0.0,0.0,10.0,0.0,3.817389818085541,66.27218109071958,110.66740116812255
PT0240,hypertension,72.43233322509033,1,25.702818017636677,93.27193460189056,487,3,12.367353622307368,9.407591840081146,152.23451419424384,91.08831763426691,0.0,0.0,0.0,5.0,5.0,100.0,3.817389818085541,61.14619655997693,111.47038315425922
PT0240,hypertension,72.43233322509033,1,25.702818017636677,93.27193460189056,497,4,12.367353622307368,9.407591840081146,155.9602057027446,90.16698168536371,0.0,0.0,0.0,0.0,10.0,0.0,3.817389818085541,65.79322401738088,112.098056357824
PT0240,hypertension,72.43233322509033,1,25.702818017636677,93.27193460189056,547,5,12.367353622307368,9.407591840081146,150.14091519075023,88.01023766256974,0.0,0.0,0.0,0.0,10.0,0.0,3.817389818085541,62.1306775281805,108.72046350529656
PT0240,hypertension,72.43233322509033,1,25.702818017636677,93.27193460189056,631,6,12.367353622307368,9.407591840081146,153.44658123237264,89.58744021258387,0.0,0.0,0.0,10.0,10.0,25.0,3.817389818085541,63.859141019788765,110.87382055251346
PT0241,hypertension,40.061750141320424,0,23.117382377262484,71.87941183541705,0,0,12.367353622307368,9.407591840081146,171.9110185994564,96.32367503144376,0.0,0.0,0.0,10.0,5.0,50.0,3.817389818085541,75.58734356801266,121.51945622078131
PT0241,hypertension,40.061750141320424,0,23.117382377262484,71.87941183541705,32,1,12.367353622307368,9.407591840081146,170.29575171893228,95.92134086827224,0.0,0.0,0.0,5.0,0.0,0.0,3.817389818085541,74.37441085066004,120.71281115182559
PT0241,hypertension,40.061750141320424,0,23.117382377262484,71.87941183541705,84,2,12.367353622307368,9.407591840081146,166.6130836330737,98.28898665627771,0.0,0.0,0.0,10.0,5.0,0.0,3.817389818085541,68.32409697679599,121.06368564854304
PT0241,hypertension,40.061750141320424,0,23.117382377262484,71.87941183541705,145,3,12.367353622307368,9.407591840081146,165.38990697181057,92.03241201619889,0.0,0.0,0.0,0.0,5.0,25.0,3.817389818085541,73.35749495561168,116.48491033473611
PT0241,hypertension,40.061750141320424,0,23.117382377262484,71.87941183541705,212,4,12.367353622307368,9.407591840081146,164.0612557450715,93.00609884264802,0.0,0.0,0.0,10.0,0.0,50.0,3.817389818085541,71.05515690242348,116.69115114345584
PT0241,hypertension,40.061750141320424,0,23.117382377262484,71.87941183541705,290,5,12.367353622307368,9.407591840081146,168.00594771155505,91.18489145723714,0.0,0.0,0.0,0.0,5.0,0.0,3.817389818085541,76.82105625431791,116.79191020867644
PT0241,hypertension,40.061750141320424,0,23.117382377262484,71.87941183541705,601,6,12.367353622307368,9.407591840081146,159.9559727019508,89.97130722294953,0.0,0.0,0.0,10.0,0.0,0.0,3.817389818085541,69.98466547900126,113.2995290492833
PT0241,hypertension,40.061750141320424,0,23.117382377262484,71.87941183541705,682,7,12.367353622307368,9.407591840081146,157.6259573516909,87.41909850963346,0.0,0.0,0.0,10.0,0.0,0.0,3.817389818085541,70.20685884205743,110.82138479031927
PT0242,hypertension,58.87789576186453,0,23.34333459433758,58.18923732822614,0,0,12.367353622307368,9.407591840081146,180.36135867778705,104.03606843589739,0.0,0.0,0.0,20.0,10.0,0.0,3.817389818085541,76.32529024188966,129.47783184986062
PT0242,hypertension,58.87789576186453,0,23.34333459433758,58.18923732822614,76,1,12.367353622307368,9.407591840081146,182.9291810249684,106.32039176924397,0.0,0.0,0.0,10.0,0.0,0.0,3.817389818085541,76.60878925572442,131.85665485448544
PT0242,hypertension,58.87789576186453,0,23.34333459433758,58.18923732822614,89,2,12.367353622307368,9.407591840081146,174.14157296005976,105.59796515827709,0.0,0.0,0.0,5.0,0.0,50.0,3.817389818085541,68.54360780178267,128.44583442553798
PT0242,hypertension,58.87789576186453,0,23.34333459433758,58.18923732822614,362,3,12.367353622307368,9.407591840081146,176.07313500544183,101.36264840329846,0.0,0.0,0.0,10.0,0.0,0.0,3.817389818085541,74.71048660214336,126.26614393734626
PT0242,hypertension,58.87789576186453,0,23.34333459433758,58.18923732822614,433,4,12.367353622307368,9.407591840081146,173.59167439348448,98.3901475972163,0.0,0.0,0.0,20.0,10.0,100.0,3.817389818085541,75.20152679626818,123.45732319597236
PT0242,hypertension,58.87789576186453,0,23.34333459433758,58.18923732822614,436,5,12.367353622307368,9.407591840081146,177.38530447543843,98.94192969711028,0.0,0.0,0.0,0.0,10.0,100.0,3.817389818085541,78.44337477832815,125.08972128988633
PT0242,hypertension,58.87789576186453,0,23.34333459433758,58.18923732822614,529,6,12.367353622307368,9.407591840081146,168.42621120380468,95.27635303702066,0.0,0.0,0.0,20.0,0.0,0.0,3.817389818085541,73.14985816678403,119.65963909261534
PT0242,hypertension,58.87789576186453,0,23.34333459433758,58.18923732822614,600,7,12.367353622307368,9.407591840081146,166.10257534303452,96.24068428256909,0.0,0.0,0.0,0.0,0.0,25.0,3.817389818085541,69.86189106046542,119.52798130272423
PT0243,hypertension,62.83402994547846,1,37.68540292272034,53.433229338108646,0,0,12.367353622307368,9.407591840081146,160.93884503509494,110.01671268353996,0.0,0.0,0.0,0.0,10.0,0.0,3.817389818085541,50.92213235155498,126.99075680072495
PT0243,hypertension,62.83402994547846,1,37.68540292272034,53.433229338108646,170,1,12.367353622307368,9.407591840081146,161.67681345656484,101.11725842934814,0.0,0.0,0.0,20.0,0.0,50.0,3.817389818085541,60.5595550272167,121.3037767717537
PT0243,hypertension,62.83402994547846,1,37.68540292272034,53.433229338108646,215,2,12.367353622307368,9.407591840081146,159.1697251481783,105.7384851373894,0.0,0.0,0.0,0.0,5.0,100.0,3.817389818085541,53.43124001078888,123.54889847431903
PT0243,hypertension,62.83402994547846,1,37.68540292272034,53.433229338108646,350,3,12.367353622307368,9.407591840081146,152.97384310170267,98.53092079433202,0.0,0.0,0.0,10.0,10.0,0.0,3.817389818085541,54.44292230737065,116.67856156345557
PT0243,hypertension,62.83402994547846,1,37.68540292272034,53.433229338108646,432,4,12.367353622307368,9.407591840081146,145.14055349334677,97.5866380909857,0.0,0.0,0.0,10.0,0.0,50.0,3.817389818085541,47.55391540236107,113.43794322510605
PT0243,hypertension,62.83402994547846,1,37.68540292272034,53.433229338108646,639,5,12.367353622307368,9.407591840081146,149.17033650590352,92.51990542632329,0.0,0.0,0.0,10.0,10.0,0.0,3.817389818085541,56.65043107958023,111.40338245285004
PT0243,hypertension,62.83402994547846,1,37.68540292272034,53.433229338108646,662,6,12.367353622307368,9.407591840081146,140.72793186969972,89.84780074134461,0.0,0.0,0.0,10.0,5.0,0.0,3.817389818085541,50.8801311283551,106.80784445079631
PT0244,hypertension,48.01898183447294,1,31.22038786946122,66.02388638818421,0,0,12.367353622307368,9.407591840081146,167.0629978261683,95.72543104730433,0.0,0.0,0.0,5.0,0.0,0.0,3.817389818085541,71.33756677886397,119.50461997359231
PT0244,hypertension,48.01898183447294,1,31.22038786946122,66.02388638818421,93,1,12.367353622307368,9.407591840081146,165.88190830859776,92.29147804419098,0.0,0.0,0.0,5.0,0.0,0.0,3.817389818085541,73.59043026440678,116.8216214656599
PT0244,hypertension,48.01898183447294,1,31.22038786946122,66.02388638818421,107,2,12.367353622307368,9.407591840081146,158.78296934049652,90.94116900590718,0.0,0.0,0.0,0.0,0.0,50.0,3.817389818085541,67.84180033458934,113.55510245077029
PT0244,hypertension,48.01898183447294,1,31.22038786946122,66.02388638818421,250,3,12.367353622307368,9.407591840081146,162.21145467563343,90.03722748674754,0.0,0.0,0.0,10.0,0.0,0.0,3.817389818085541,72.1742271888859,114.09530321637617
PT0244,hypertension,48.01898183447294,1,31.22038786946122,66.02388638818421,519,4,12.367353622307368,9.407591840081146,158.80227468192004,92.50364709816184,0.0,0.0,0.0,0.0,0.0,0.0,3.817389818085541,66.2986275837582,114.60318962608123
PT0245,hypertension,49.84586550272127,0,33.41559144586378,80.33747158462376,0,0,12.367353622307368,9.407591840081146,156.43227835138242,91.91777195295032,0.0,0.0,0.0,10.0,10.0,25.0,3.817389818085541,64.5145063984321,113.42260741909435
PT0245,hypertension,49.84586550272127,0,33.41559144586378,80.33747158462376,367,1,12.367353622307368,9.407591840081146,157.35230000168002,95.6536153309106,0.0,0.0,0.0,10.0,10.0,25.0,3.817389818085541,61.698684670769424,116.2198435545004
PT0245,hypertension,49.84586550272127,0,33.41559144586378,80.33747158462376,487,2,12.367353622307368,9.407591840081146,153.27677285744483,95.65989213430686,0.0,0.0,0.0,10.0,5.0,25.0,3.817389818085541,57.61688072313797,114.86551904201951
PT0245,hypertension,49.84586550272127,0,33.41559144586378,80.33747158462376,581,3,12.367353622307368,9.407591840081146,154.17095344134214,92.90413785454479,0.0,0.0,0.0,10.0,0.0,50.0,3.817389818085541,61.26681558679735,113.32640971681057
PT0246,hypertension,35.42225051224513,0,34.65723381126361,81.46245951287182,0,0,12.367353622307368,9.407591840081146,176.49375165927842,103.61313490790931,0.0,0.0,0.0,0.0,5.0,25.0,3.817389818085541,72.8806167513691,127.90667382503234
PT0246,hypertension,35.42225051224513,0,34.65723381126361,81.46245951287182,184,1,12.367353622307368,9.407591840081146,173.70203826120115,103.58943795933996,0.0,0.0,0.0,0.0,0.0,25.0,3.817389818085541,70.11260030186119,126.96030472662703
PT0246,hypertension,35.42225051224513,0,34.65723381126361,81.46245951287182,227,2,12.367353622307368,9.407591840081146,171.14618261090152,105.49337407080796,0.0,0.0,0.0,10.0,0.0,0.0,3.817389818085541,65.65280854009356,127.37764358417247
PT0246,hypertension,35.42225051224513,0,34.65723381126361,81.46245951287182,287,3,12.367353622307368,9.407591840081146,168.91310135278601,101.5449083028546,0.0,0.0,0.0,5.0,0.0,0.0,3.817389818085541,67.36819304993142,124.00097265283173
PT0246,hypertension,35.42225051224513,0,34.65723381126361,81.46245951287182,369,4,12.367353622307368,9.407591840081146,161.3190189157101,100.67888806560036,0.0,0.0,0.0,20.0,5.0,0.0,3.817389818085541,60.64013085010974,120.89226501563694
PT0246,hypertension,35.42225051224513,0,34.65723381126361,81.46245951287182,427,5,12.367353622307368,9.407591840081146,172.8256982753661,99.41088193927773,0.0,0.0,0.0,0.0,0.0,25.0,3.817389818085541,73.41481633608838,123.88248738464053
PT0246,hypertension,35.42225051224513,0,34.65723381126361,81.46245951287182,519,6,12.367353622307368,9.407591840081146,170.25445395639008,98.59033677531771,0.0,0.0,0.0,10.0,10.0,100.0,3.817389818085541,71.66411718107237,122.47837583567517
PT0246,hypertension,35.42225051224513,0,34.65723381126361,81.46245951287182,709,7,12.367353622307368,9.407591840081146,173.5030863861121,96.39994781148343,0.0,0.0,0.0,0.0,0.0,0.0,3.817389818085541,77.10313857462867,122.10099400302632
PT0247,hypertension,39.99915297706456,0,36.89200344421697,53.801421645262586,0,0,12.367353622307368,9.407591840081146,164.80332035519226,88.52508435301779,0.0,0.0,0.0,20.0,0.0,25.0,3.817389818085541,76.27823600217447,113.95116302040928
PT0247,hypertension,39.99915297706456,0,36.89200344421697,53.801421645262586,113,1,12.367353622307368,9.407591840081146,163.1507256755111,89.06613923709482,0.0,0.0,0.0,5.0,10.0,100.0,3.817389818085541,74.08458643841628,113.76100138323358
PT0247,hypertension,39.99915297706456,0,36.89200344421697,53.801421645262586,132,2,12.367353622307368,9.407591840081146,162.44289921367593,84.67171583084992,0.0,0.0,0.0,5.0,0.0,50.0,3.817389818085541,77.77118338282601,110.59544362512526
PT0247,hypertension,39.99915297706456,0,36.89200344421697,53.801421645262586,136,3,12.367353622307368,9.407591840081146,155.95493560069704,86.05651291587147,0.0,0.0,0.0,20.0,5.0,25.0,3.817389818085541,69.89842268482558,109.35598714414665
PT0247,hypertension,39.99915297706456,0,36.89200344421697,53.801421645262586,316,4,12.367353622307368,9.407591840081146,155.15507129327844,83.31872081091467,0.0,0.0,0.0,20.0,0.0,0.0,3.817389818085541,71.83635048236377,107.2641709717026
PT0247,hypertension,39.99915297706456,0,36.89200344421697,53.801421645262586,321,5,12.367353622307368,9.407591840081146,157.1212850709868,82.75239892164973,0.0,0.0,0.0,10.0,5.0,100.0,3.817389818085541,74.36888614933707,107.54202763809542
PT0247,hypertension,39.99915297706456,0,36.89200344421697,53.801421645262586,598,6,12.367353622307368,9.407591840081146,155.80647990379123,85.36644501196083,0.0,0.0,0.0,0.0,0.0,50.0,3.817389818085541,70.4400348918304,108.84645664257097
PT0247,hypertension,39.99915297706456,0,36.89200344421697,53.801421645262586,600,7,12.367353622307368,9.407591840081146,149.99025036438536,77.85101702318002,0.0,0.0,0.0,0.0,5.0,50.0,3.817389818085541,72.13923334120534,101.89742813691514
PT0248,hypertension,52.83599307620676,1,38.29489865383701,96.23134416691894,0,0,12.367353622307368,9.407591840081146,165.7961551955181,93.09210248907651,0.0,0.0,0.0,20.0,0.0,0.0,3.817389818085541,72.7040527064416,117.32678672455704
PT0248,hypertension,52.83599307620676,1,38.29489865383701,96.23134416691894,306,1,12.367353622307368,9.407591840081146,160.66338685091327,85.09847291063674,0.0,0.0,0.0,20.0,10.0,25.0,3.817389818085541,75.56491394027653,110.28677755739558
PT0248,hypertension,52.83599307620676,1,38.29489865383701,96.23134416691894,510,2,12.367353622307368,9.407591840081146,160.6511557905371,89.49449911871855,0.0,0.0,0.0,20.0,0.0,0.0,3.817389818085541,71.15665667181855,113.2133846759914
PT0248,hypertension,52.83599307620676,1,38.29489865383701,96.23134416691894,568,3,12.367353622307368,9.407591840081146,150.29789552109045,87.38101413001515,0.0,0.0,0.0,10.0,10.0,50.0,3.817389818085541,62.91688139107531,108.35330792704025
PT0248,hypertension,52.83599307620676,1,38.29489865383701,96.23134416691894,569,4,12.367353622307368,9.407591840081146,157.74163047298174,86.705051911634,0.0,0.0,0.0,0.0,5.0,50.0,3.817389818085541,71.03657856134774,110.38391143208325
PT0248,hypertension,52.83599307620676,1,38.29489865383701,96.23134416691894,581,5,12.367353622307368,9.407591840081146,153.48048048915265,83.86107124118496,0.0,0.0,0.0,5.0,10.0,0.0,3.817389818085541,69.6194092479677,107.06754099050752
PT0248,hypertension,52.83599307620676,1,38.29489865383701,96.23134416691894,636,6,12.367353622307368,9.407591840081146,148.86898022226615,80.43318261964771,0.0,0.0,0.0,10.0,10.0,0.0,3.817389818085541,68.43579760261844,103.24511515385386
PT0249,hypertension,63.46140514331,0,28.829118388719856,81.25521295738196,0,0,12.367353622307368,9.407591840081146,184.08107907014696,106.31695290883549,0.0,0.0,0.0,5.0,5.0,0.0,3.817389818085541,77.76412616131147,132.2383282959393
PT0249,hypertension,63.46140514331,0,28.829118388719856,81.25521295738196,186,1,12.367353622307368,9.407591840081146,182.95275765680123,103.62558271943493,0.0,0.0,0.0,10.0,0.0,50.0,3.817389818085541,79.3271749373663,130.0679743652237
PT0249,hypertension,63.46140514331,0,28.829118388719856,81.25521295738196,264,2,12.367353622307368,9.407591840081146,179.27735551668488,103.68074257277496,0.0,0.0,0.0,10.0,5.0,0.0,3.817389818085541,75.59661294390992,128.87961355407828
PT0249,hypertension,63.46140514331,0,28.829118388719856,81.25521295738196,505,3,12.367353622307368,9.407591840081146,172.0934176258228,104.16684267996077,0.0,0.0,0.0,10.0,5.0,25.0,3.817389818085541,67.92657494586204,126.80903432858145
PT0249,hypertension,63.46140514331,0,28.829118388719856,81.25521295738196,552,4,12.367353622307368,9.407591840081146,165.76350165457455,105.44264114123482,0.0,0.0,0.0,10.0,5.0,50.0,3.817389818085541,60.32086051333974,125.5495946456814
PT0249,hypertension,63.46140514331,0,28.829118388719856,81.25521295738196,590,5,12.367353622307368,9.407591840081146,168.9367346015529,103.32514899156014,0.0,0.0,0.0,5.0,10.0,50.0,3.817389818085541,65.61158560999276,125.1956775282244
PT0250,hypertension,38.37346493320167,0,25.392919076902672,77.15045673315012,0,0,12.367353622307368,9.407591840081146,164.34450112744673,92.72924779815708,0.0,0.0,0.0,10.0,10.0,0.0,3.817389818085541,71.61525332928966,116.6009989079203
PT0250,hypertension,38.37346493320167,0,25.392919076902672,77.15045673315012,239,1,12.367353622307368,9.407591840081146,163.4609453811196,91.5784431123757,0.0,0.0,0.0,20.0,5.0,50.0,3.817389818085541,71.88250226874389,115.53927720195699
PT0250,hypertension,38.37346493320167,0,25.392919076902672,77.15045673315012,270,2,12.367353622307368,9.407591840081146,161.28824036626887,91.66957524098673,0.0,0.0,0.0,10.0,0.0,0.0,3.817389818085541,69.61866512528213,114.87579694941411
PT0250,hypertension,38.37346493320167,0,25.392919076902672,77.15045673315012,290,3,12.367353622307368,9.407591840081146,155.31888414784794,89.27359641215972,0.0,0.0,0.0,0.0,0.0,0.0,3.817389818085541,66.04528773568822,111.28869232405579
PT0250,hypertension,38.37346493320167,0,25.392919076902672,77.15045673315012,508,4,12.367353622307368,9.407591840081146,158.84980157859746,91.96684521777642,0.0,0.0,0.0,5.0,10.0,25.0,3.817389818085541,66.88295636082104,114.26116400471678
PT0250,hypertension,38.37346493320167,0,25.392919076902672,77.15045673315012,539,5,12.367353622307368,9.407591840081146,154.57147959413774,92.3011039684188,0.0,0.0,0.0,10.0,10.0,100.0,3.817389818085541,62.27037562571894,113.05789584365844
PT0250,hypertension,38.37346493320167,0,25.392919076902672,77.15045673315012,614,6,12.367353622307368,9.407591840081146,157.13624904351016,90.16451735428515,0.0,0.0,0.0,0.0,10.0,0.0,3.817389818085541,66.97173168922501,112.48842791736016
PT0251,hypertension,72.88368596676025,0,33.23721706335924,100.10087430641472,0,0,12.367353622307368,9.407591840081146,181.51690643777422,97.75081452959988,0.0,0.0,0.0,10.0,10.0,0.0,3.817389818085541,83.76609190817435,125.67284516565799
PT0251,hypertension,72.88368596676025,0,33.23721706335924,100.10087430641472,431,1,12.367353622307368,9.407591840081146,178.53036774031307,100.50241782423699,0.0,0.0,0.0,0.0,10.0,25.0,3.817389818085541,78.02794991607608,126.51173446292901
PT0251,hypertension,72.88368596676025,0,33.23721706335924,100.10087430641472,490,2,12.367353622307368,9.407591840081146,179.7670008488661,98.88951363553458,0.0,0.0,0.0,5.0,0.0,50.0,3.817389818085541,80.87748721333152,125.84867603997843
PT0251,hypertension,72.88368596676025,0,33.23721706335924,100.10087430641472,532,3,12.367353622307368,9.407591840081146,171.87787502156326,99.36488479755093,0.0,0.0,0.0,10.0,5.0,0.0,3.817389818085541,72.51299022401233,123.53588153888838
PT0251,hypertension,72.88368596676025,0,33.23721706335924,100.10087430641472,535,4,12.367353622307368,9.407591840081146,175.89668894281778,97.47455451663545,0.0,0.0,0.0,10.0,5.0,0.0,3.817389818085541,78.42213442618232,123.61526599202956
PT0251,hypertension,72.88368596676025,0,33.23721706335924,100.10087430641472,613,5,12.367353622307368,9.407591840081146,179.28747727810057,100.38669122084926,0.0,0.0,0.0,10.0,0.0,0.0,3.817389818085541,78.90078605725131,126.68695323993303
PT0252,hypertension,35.574368161750726,1,35.9487612027391,68.40647598087715,0,0,12.367353622307368,9.407591840081146,154.07364907776775,98.68199820170099,0.0,0.0,0.0,20.0,10.0,50.0,3.817389818085541,55.39165087606676,117.14588182705658
PT0252,hypertension,35.574368161750726,1,35.9487612027391,68.40647598087715,167,1,12.367353622307368,9.407591840081146,153.15366543201776,98.9780365832228,0.0,0.0,0.0,0.0,5.0,0.0,3.817389818085541,54.17562884879496,117.03657953282112
PT0252,hypertension,35.574368161750726,1,35.9487612027391,68.40647598087715,304,2,12.367353622307368,9.407591840081146,154.86809596025458,99.08535606732347,0.0,0.0,0.0,10.0,5.0,0.0,3.817389818085541,55.782739892931104,117.67960269830051
PT0252,hypertension,35.574368161750726,1,35.9487612027391,68.40647598087715,438,3,12.367353622307368,9.407591840081146,153.71014450296815,93.03255107349356,0.0,0.0,0.0,0.0,0.0,25.0,3.817389818085541,60.677593429474584,113.25841554998509
PT0252,hypertension,35.574368161750726,1,35.9487612027391,68.40647598087715,686,4,12.367353622307368,9.407591840081146,154.54894324246476,98.96063546851128,0.0,0.0,0.0,0.0,0.0,25.0,3.817389818085541,55.588307773953474,117.49007139316244
PT0252,hypertension,35.574368161750726,1,35.9487612027391,68.40647598087715,700,5,12.367353622307368,9.407591840081146,157.59977723909373,96.9312770208182,0.0,0.0,0.0,5.0,0.0,0.0,3.817389818085541,60.668500218275526,117.15411042691004
PT0253,hypertension,70.33701570162577,0,29.480117357998935,83.9005414606768,0,0,12.367353622307368,9.407591840081146,164.96454204744816,93.54548625676249,0.0,0.0,0.0,20.0,0.0,0.0,3.817389818085541,71.41905579068568,117.35183818699105
PT0253,hypertension,70.33701570162577,0,29.480117357998935,83.9005414606768,146,1,12.367353622307368,9.407591840081146,161.2038021089138,94.69218820386884,0.0,0.0,0.0,5.0,5.0,100.0,3.817389818085541,66.51161390504497,116.86272617221717
PT0253,hypertension,70.33701570162577,0,29.480117357998935,83.9005414606768,244,2,12.367353622307368,9.407591840081146,153.1550455205307,91.2676293504381,0.0,0.0,0.0,20.0,10.0,0.0,3.817389818085541,61.88741617009261,111.8967680738023
PT0253,hypertension,70.33701570162577,0,29.480117357998935,83.9005414606768,257,3,12.367353622307368,9.407591840081146,154.40937397101519,93.76156214425353,0.0,0.0,0.0,0.0,5.0,0.0,3.817389818085541,60.647811826761654,113.97749941984075
PT0253,hypertension,70.33701570162577,0,29.480117357998935,83.9005414606768,329,4,12.367353622307368,9.407591840081146,158.62636702637963,92.8606778688937,0.0,0.0,0.0,5.0,5.0,100.0,3.817389818085541,65.76568915748592,114.78257425472235
PT0254,hypertension,50.45246747457443,0,28.15390374970036,70.24555601633244,0,0,12.367353622307368,9.407591840081146,157.65479661487277,97.99706777824615,0.0,0.0,0.0,0.0,0.0,100.0,3.817389818085541,59.65772883662662,117.88297739045503
PT0254,hypertension,50.45246747457443,0,28.15390374970036,70.24555601633244,424,1,12.367353622307368,9.407591840081146,153.0044687777997,98.53010893990215,0.0,0.0,0.0,20.0,10.0,50.0,3.817389818085541,54.47435983789755,116.688228885868
PT0254,hypertension,50.45246747457443,0,28.15390374970036,70.24555601633244,432,2,12.367353622307368,9.407591840081146,153.7966908082507,95.8147767130754,0.0,0.0,0.0,20.0,5.0,0.0,3.817389818085541,57.9819140951753,115.14208141146717
PT0254,hypertension,50.45246747457443,0,28.15390374970036,70.24555601633244,520,3,12.367353622307368,9.407591840081146,140.78065232666324,89.89278170622056,0.0,0.0,0.0,20.0,0.0,100.0,3.817389818085541,50.88787062044268,106.85540524636812
PT0255,hypertension,37.072297761725025,0,34.25001092345196,72.39538982834662,0,0,12.367353622307368,9.407591840081146,178.29826631202977,101.6079623150046,0.0,0.0,0.0,5.0,0.0,0.0,3.817389818085541,76.69030399702517,127.17139698067966
PT0255,hypertension,37.072297761725025,0,34.25001092345196,72.39538982834662,257,1,12.367353622307368,9.407591840081146,170.92596401566854,104.55541780755752,0.0,0.0,0.0,20.0,0.0,25.0,3.817389818085541,66.37054620811102,126.67893321026119
PT0255,hypertension,37.072297761725025,0,34.25001092345196,72.39538982834662,288,2,12.367353622307368,9.407591840081146,169.95383262365888,105.24293540055238,0.0,0.0,0.0,10.0,10.0,0.0,3.817389818085541,64.7108972231065,126.81323447492122
PT0255,hypertension,37.072297761725025,0,34.25001092345196,72.39538982834662,293,3,12.367353622307368,9.407591840081146,172.4307251592111,102.8993675528463,0.0,0.0,0.0,0.0,10.0,0.0,3.817389818085541,69.53135760636481,126.0764867549679
PT0255,hypertension,37.072297761725025,0,34.25001092345196,72.39538982834662,385,4,12.367353622307368,9.407591840081146,162.91917034920766,97.92901714311016,0.0,0.0,0.0,10.0,10.0,0.0,3.817389818085541,64.9901532060975,119.59240154514266
PT0255,hypertension,37.072297761725025,0,34.25001092345196,72.39538982834662,461,5,12.367353622307368,9.407591840081146,158.76224516392367,101.35802222456317,0.0,0.0,0.0,0.0,10.0,50.0,3.817389818085541,57.404222939360494,120.49276320435
PT0255,hypertension,37.072297761725025,0,34.25001092345196,72.39538982834662,553,6,12.367353622307368,9.407591840081146,165.26880939080473,102.26778833046728,0.0,0.0,0.0,0.0,0.0,0.0,3.817389818085541,63.00102106033745,123.2681286839131
PT0255,hypertension,37.072297761725025,0,34.25001092345196,72.39538982834662,702,7,12.367353622307368,9.407591840081146,160.96366617113273,97.01971251503933,0.0,0.0,0.0,10.0,5.0,25.0,3.817389818085541,63.9439536560934,118.33436373373713
PT0256,hypertension,40.665029506353996,0,29.2511063945779,96.81497106303075,0,0,12.367353622307368,9.407591840081146,155.0297398652803,100.5828584639844,0.0,0.0,0.0,5.0,0.0,50.0,3.817389818085541,54.44688140129591,118.73181893108303
PT0256,hypertension,40.665029506353996,0,29.2511063945779,96.81497106303075,168,1,12.367353622307368,9.407591840081146,150.8563657141035,97.23441664149267,0.0,0.0,0.0,20.0,5.0,50.0,3.817389818085541,53.62194907261083,115.10839966569628
PT0256,hypertension,40.665029506353996,0,29.2511063945779,96.81497106303075,216,2,12.367353622307368,9.407591840081146,153.01271909531334,93.66798793826418,0.0,0.0,0.0,0.0,5.0,50.0,3.817389818085541,59.34473115704917,113.4495649906139
PT0256,hypertension,40.665029506353996,0,29.2511063945779,96.81497106303075,234,3,12.367353622307368,9.407591840081146,144.80489796368832,95.23951313669824,0.0,0.0,0.0,5.0,0.0,50.0,3.817389818085541,49.56538482699008,111.76130807902827
PT0256,hypertension,40.665029506353996,0,29.2511063945779,96.81497106303075,623,4,12.367353622307368,9.407591840081146,147.6384444402142,93.6666020860491,0.0,0.0,0.0,10.0,10.0,0.0,3.817389818085541,53.97184235416509,111.65721620410413
PT0256,hypertension,40.665029506353996,0,29.2511063945779,96.81497106303075,663,5,12.367353622307368,9.407591840081146,139.9165063333306,95.32438531194742,0.0,0.0,0.0,10.0,0.0,25.0,3.817389818085541,44.59212102138318,110.18842565240848
PT0256,hypertension,40.665029506353996,0,29.2511063945779,96.81497106303075,673,6,12.367353622307368,9.407591840081146,136.47092604519352,91.88710327507422,0.0,0.0,0.0,20.0,0.0,100.0,3.817389818085541,44.5838227701193,106.74837753178066
PT0257,hypertension,37.59310889199963,1,31.045294110429843,47.45205104435519,0,0,12.367353622307368,9.407591840081146,169.60581982584708,107.81800650160262,0.0,0.0,0.0,0.0,5.0,0.0,3.817389818085541,61.78781332424445,128.41394427635078
PT0257,hypertension,37.59310889199963,1,31.045294110429843,47.45205104435519,512,1,12.367353622307368,9.407591840081146,163.92239824675494,110.54081000453627,0.0,0.0,0.0,0.0,10.0,50.0,3.817389818085541,53.38158824221867,128.3346727519425
PT0257,hypertension,37.59310889199963,1,31.045294110429843,47.45205104435519,633,2,12.367353622307368,9.407591840081146,177.84622945820738,107.88230567436948,0.0,0.0,0.0,0.0,5.0,0.0,3.817389818085541,69.9639237838379,131.20361360231544
PT0257,hypertension,37.59310889199963,1,31.045294110429843,47.45205104435519,661,3,12.367353622307368,9.407591840081146,170.25896722744173,109.14897483977245,0.0,0.0,0.0,0.0,5.0,0.0,3.817389818085541,61.10999238766928,129.51897230232888
PT0258,hypertension,53.03520563178766,1,39.67768095198029,95.31800199986898,0,0,12.367353622307368,9.407591840081146,158.46839556749808,95.28903144874425,0.0,0.0,0.0,20.0,10.0,50.0,3.817389818085541,63.179364118753824,116.34881948832886
PT0258,hypertension,53.03520563178766,1,39.67768095198029,95.31800199986898,205,1,12.367353622307368,9.407591840081146,156.57792068861315,97.8944401782336,0.0,0.0,0.0,0.0,10.0,0.0,3.817389818085541,58.68348051037955,117.45560034836011
PT0258,hypertension,53.03520563178766,1,39.67768095198029,95.31800199986898,224,2,12.367353622307368,9.407591840081146,159.38063214673917,92.85615297504282,0.0,0.0,0.0,10.0,10.0,25.0,3.817389818085541,66.52447917169636,115.03097936560827
PT0258,hypertension,53.03520563178766,1,39.67768095198029,95.31800199986898,235,3,12.367353622307368,9.407591840081146,158.7846835275724,92.18079713365984,0.0,0.0,0.0,0.0,5.0,50.0,3.817389818085541,66.60388639391257,114.38209259829736
PT0258,hypertension,53.03520563178766,1,39.67768095198029,95.31800199986898,464,4,12.367353622307368,9.407591840081146,151.4570455681314,87.55237058239173,0.0,0.0,0.0,0.0,10.0,100.0,3.817389818085541,63.904674985739675,108.85392891097162
PT0258,hypertension,53.03520563178766,1,39.67768095198029,95.31800199986898,526,5,12.367353622307368,9.407591840081146,147.94825128840642,84.5095528089778,0.0,0.0,0.0,10.0,10.0,0.0,3.817389818085541,63.43869847942862,105.65578563545401
PT0259,hypertension,59.46577538592567,1,24.00631620659579,109.57628158196857,0,0,12.367353622307368,9.407591840081146,175.3846617551991,106.51223347820068,0.0,0.0,0.0,5.0,5.0,0.0,3.817389818085541,68.8724282769984,129.4697095705335
PT0259,hypertension,59.46577538592567,1,24.00631620659579,109.57628158196857,246,1,12.367353622307368,9.407591840081146,173.4440667720703,105.76498707304299,0.0,0.0,0.0,5.0,0.0,100.0,3.817389818085541,67.67907969902731,128.3246803060521
PT0259,hypertension,59.46577538592567,1,24.00631620659579,109.57628158196857,314,2,12.367353622307368,9.407591840081146,173.99393825391942,105.76572529752153,0.0,0.0,0.0,0.0,10.0,0.0,3.817389818085541,68.2282129563979,128.50846294965416
PT0259,hypertension,59.46577538592567,1,24.00631620659579,109.57628158196857,430,3,12.367353622307368,9.407591840081146,168.99841904419355,102.43518735378703,0.0,0.0,0.0,10.0,0.0,25.0,3.817389818085541,66.56323169040652,124.6229312505892
PT0259,hypertension,59.46577538592567,1,24.00631620659579,109.57628158196857,468,4,12.367353622307368,9.407591840081146,176.42651815330183,106.80190972893952,0.0,0.0,0.0,5.0,0.0,50.0,3.817389818085541,69.62460842436231,130.01011253706028
PT0259,hypertension,59.46577538592567,1,24.00631620659579,109.57628158196857,481,5,12.367353622307368,9.407591840081146,164.9919919428743,102.94439937393567,0.0,0.0,0.0,10.0,5.0,0.0,3.817389818085541,62.04759256893864,123.62693023024855
PT0259,hypertension,59.46577538592567,1,24.00631620659579,109.57628158196857,599,6,12.367353622307368,9.407591840081146,174.06564973276164,102.00055101848842,0.0,0.0,0.0,10.0,0.0,25.0,3.817389818085541,72.06509871427322,126.02225058991283
PT0259,hypertension,59.46577538592567,1,24.00631620659579,109.57628158196857,711,7,12.367353622307368,9.407591840081146,158.5811321219041,106.80266428271653,0.0,0.0,0.0,0.0,5.0,50.0,3.817389818085541,51.778467839187556,124.06215356244572
PT0260,hypertension,64.65227104519676,0,26.933938378670064,93.50842330852151,0,0,12.367353622307368,9.407591840081146,183.13191080454834,90.70390947138903,0.0,0.0,0.0,10.0,5.0,50.0,3.817389818085541,92.42800133315932,121.5132432491088
PT0260,hypertension,64.65227104519676,0,26.933938378670064,93.50842330852151,156,1,12.367353622307368,9.407591840081146,180.41077238447468,94.43926216235856,0.0,0.0,0.0,5.0,10.0,0.0,3.817389818085541,85.97151022211612,123.09643223639726
PT0260,hypertension,64.65227104519676,0,26.933938378670064,93.50842330852151,549,2,12.367353622307368,9.407591840081146,177.44066374581178,92.40940134139413,0.0,0.0,0.0,10.0,5.0,0.0,3.817389818085541,85.03126240441765,120.7531554762
PT0260,hypertension,64.65227104519676,0,26.933938378670064,93.50842330852151,685,3,12.367353622307368,9.407591840081146,179.57089101378958,88.73449441541338,0.0,0.0,0.0,10.0,10.0,100.0,3.817389818085541,90.8363965983762,119.01329328153878
PT0261,hypertension,57.266533494373576,0,33.20076971249669,82.52452162204852,0,0,12.367353622307368,9.407591840081146,167.8880900920406,102.80845586457862,0.0,0.0,0.0,20.0,10.0,0.0,3.817389818085541,65.079634227462,124.50166727373262
PT0261,hypertension,57.266533494373576,0,33.20076971249669,82.52452162204852,180,1,12.367353622307368,9.407591840081146,167.90252543581985,99.41904964966112,0.0,0.0,0.0,0.0,10.0,50.0,3.817389818085541,68.48347578615873,122.24687491171403
PT0261,hypertension,57.266533494373576,0,33.20076971249669,82.52452162204852,202,2,12.367353622307368,9.407591840081146,163.17733130138822,98.49899433752965,0.0,0.0,0.0,5.0,10.0,25.0,3.817389818085541,64.67833696385857,120.05843999214918
PT0261,hypertension,57.266533494373576,0,33.20076971249669,82.52452162204852,260,3,12.367353622307368,9.407591840081146,164.16775483810594,97.19330465217905,0.0,0.0,0.0,20.0,10.0,0.0,3.817389818085541,66.97445018592688,119.51812138082134
PT0261,hypertension,57.266533494373576,0,33.20076971249669,82.52452162204852,551,4,12.367353622307368,9.407591840081146,157.60189630003043,95.76392701356728,0.0,0.0,0.0,20.0,5.0,25.0,3.817389818085541,61.83796928646315,116.37658344238834
PT0261,hypertension,57.266533494373576,0,33.20076971249669,82.52452162204852,617,5,12.367353622307368,9.407591840081146,156.69739131018687,96.4244526131262,0.0,0.0,0.0,5.0,5.0,0.0,3.817389818085541,60.27293869706067,116.5154321788131
PT0261,hypertension,57.266533494373576,0,33.20076971249669,82.52452162204852,660,6,12.367353622307368,9.407591840081146,163.79258101363533,90.69864337504747,0.0,0.0,0.0,10.0,5.0,0.0,3.817389818085541,73.09393763858786,115.06328925457676
PT0262,hypertension,46.04720380910085,1,37.38000705460535,84.76844166278114,0,0,12.367353622307368,9.407591840081146,157.4047428390758,106.76836209466302,0.0,0.0,0.0,10.0,0.0,50.0,3.817389818085541,50.636380744412776,123.64715567613395
PT0262,hypertension,46.04720380910085,1,37.38000705460535,84.76844166278114,99,1,12.367353622307368,9.407591840081146,155.16198648299084,107.64289348018808,0.0,0.0,0.0,0.0,0.0,25.0,3.817389818085541,47.51909300280276,123.482591147789
PT0262,hypertension,46.04720380910085,1,37.38000705460535,84.76844166278114,177,2,12.367353622307368,9.407591840081146,157.51210853827502,107.33687656665597,0.0,0.0,0.0,0.0,5.0,0.0,3.817389818085541,50.17523197161904,124.06195389052898
PT0262,hypertension,46.04720380910085,1,37.38000705460535,84.76844166278114,305,3,12.367353622307368,9.407591840081146,159.98097181507487,106.96302123464034,0.0,0.0,0.0,5.0,0.0,25.0,3.817389818085541,53.01795058043453,124.63567142811851
PT0262,hypertension,46.04720380910085,1,37.38000705460535,84.76844166278114,430,4,12.367353622307368,9.407591840081146,157.8941036345477,110.09381667381868,0.0,0.0,0.0,0.0,5.0,100.0,3.817389818085541,47.80028696072901,126.02724566072835
PT0262,hypertension,46.04720380910085,1,37.38000705460535,84.76844166278114,535,5,12.367353622307368,9.407591840081146,150.51123545197,103.37178628806465,0.0,0.0,0.0,10.0,0.0,0.0,3.817389818085541,47.139449163905354,119.08493600936644
PT0262,hypertension,46.04720380910085,1,37.38000705460535,84.76844166278114,609,6,12.367353622307368,9.407591840081146,155.06822457023588,105.37811737902379,0.0,0.0,0.0,5.0,5.0,0.0,3.817389818085541,49.69010719121209,121.94148644276116
PT0262,hypertension,46.04720380910085,1,37.38000705460535,84.76844166278114,638,7,12.367353622307368,9.407591840081146,149.36424664028854,105.26993793547416,0.0,0.0,0.0,0.0,10.0,50.0,3.817389818085541,44.09430870481438,119.96804083707896
PT0263,hypertension,71.08510893406583,0,22.48436472227231,78.94640179009355,0,0,12.367353622307368,9.407591840081146,162.21655619505796,107.10490266806708,0.0,0.0,0.0,0.0,10.0,0.0,3.817389818085541,55.11165352699088,125.4754538437307
PT0263,hypertension,71.08510893406583,0,22.48436472227231,78.94640179009355,305,1,12.367353622307368,9.407591840081146,165.3195373626523,108.14238705107302,0.0,0.0,0.0,10.0,5.0,0.0,3.817389818085541,57.1771503115793,127.20143715493278
PT0263,hypertension,71.08510893406583,0,22.48436472227231,78.94640179009355,471,2,12.367353622307368,9.407591840081146,164.28188445348698,106.39396869372308,0.0,0.0,0.0,0.0,0.0,0.0,3.817389818085541,57.8879157597639,125.68994061364438
PT0263,hypertension,71.08510893406583,0,22.48436472227231,78.94640179009355,597,3,12.367353622307368,9.407591840081146,158.99174934474917,102.93579266929953,0.0,0.0,0.0,10.0,10.0,50.0,3.817389818085541,56.055956675449636,121.62111156111608
PT0264,hypertension,59.20078239817901,1,22.46046754652439,91.96931495900125,0,0,12.367353622307368,9.407591840081146,161.4091506606923,88.69501464599482,0.0,0.0,0.0,20.0,5.0,50.0,3.817389818085541,72.71413601469747,112.93305998422731
PT0264,hypertension,59.20078239817901,1,22.46046754652439,91.96931495900125,260,1,12.367353622307368,9.407591840081146,156.23073441528507,88.22050445731114,0.0,0.0,0.0,10.0,10.0,50.0,3.817389818085541,68.01022995797393,110.89058110996912
PT0264,hypertension,59.20078239817901,1,22.46046754652439,91.96931495900125,407,2,12.367353622307368,9.407591840081146,153.94049842309798,84.40193179294886,0.0,0.0,0.0,20.0,10.0,25.0,3.817389818085541,69.53856663014912,107.58145400299857
PT0264,hypertension,59.20078239817901,1,22.46046754652439,91.96931495900125,533,3,12.367353622307368,9.407591840081146,149.58366649454086,90.68687003634572,0.0,0.0,0.0,20.0,0.0,0.0,3.817389818085541,58.89679645819514,110.31913552241078
PT0264,hypertension,59.20078239817901,1,22.46046754652439,91.96931495900125,539,4,12.367353622307368,9.407591840081146,148.28036722540548,84.88519460150802,0.0,0.0,0.0,20.0,0.0,0.0,3.817389818085541,63.395172623897466,106.01691880947384
PT0264,hypertension,59.20078239817901,1,22.46046754652439,91.96931495900125,624,5,12.367353622307368,9.407591840081146,140.33872294450939,86.55425989086407,0.0,0.0,0.0,5.0,0.0,50.0,3.817389818085541,53.78446305364531,104.48241424207917
PT0265,hypertension,39.011953381031326,0,32.484532323982165,102.90645882042068,0,0,12.367353622307368,9.407591840081146,178.37583942247878,86.59590146154717,0.0,0.0,0.0,0.0,5.0,0.0,3.817389818085541,91.7799379609316,117.18921411519104
PT0265,hypertension,39.011953381031326,0,32.484532323982165,102.90645882042068,281,1,12.367353622307368,9.407591840081146,177.87634056802884,87.60742575390432,0.0,0.0,0.0,5.0,10.0,100.0,3.817389818085541,90.26891481412451,117.69706402527916
PT0265,hypertension,39.011953381031326,0,32.484532323982165,102.90645882042068,293,2,12.367353622307368,9.407591840081146,172.24118604664008,84.2512988687649,0.0,0.0,0.0,10.0,10.0,25.0,3.817389818085541,87.98988717787518,113.58126126138997
PT0265,hypertension,39.011953381031326,0,32.484532323982165,102.90645882042068,575,3,12.367353622307368,9.407591840081146,172.7043980361418,85.44050680757188,0.0,0.0,0.0,20.0,10.0,0.0,3.817389818085541,87.26389122856993,114.52847055042852
PT0265,hypertension,39.011953381031326,0,32.484532323982165,102.90645882042068,576,4,12.367353622307368,9.407591840081146,175.64945890364478,81.66764831106514,0.0,0.0,0.0,20.0,10.0,25.0,3.817389818085541,93.98181059257965,112.99491850859168
PT0265,hypertension,39.011953381031326,0,32.484532323982165,102.90645882042068,592,5,12.367353622307368,9.407591840081146,163.51327044623017,77.11939917762567,0.0,0.0,0.0,20.0,10.0,25.0,3.817389818085541,86.3938712686045,105.9173562671605
PT0265,hypertension,39.011953381031326,0,32.484532323982165,102.90645882042068,659,6,12.367353622307368,9.407591840081146,166.15404456460033,73.61174663697469,0.0,0.0,0.0,10.0,0.0,50.0,3.817389818085541,92.54229792762564,104.45917927951656
PT0266,hypertension,37.616521073915344,1,29.947808428330553,72.19840525532011,0,0,12.367353622307368,9.407591840081146,174.31639024030548,94.83538531690147,0.0,0.0,0.0,0.0,10.0,50.0,3.817389818085541,79.48100492340402,121.32905362470281
PT0266,hypertension,37.616521073915344,1,29.947808428330553,72.19840525532011,381,1,12.367353622307368,9.407591840081146,176.009706478926,102.84991579293352,0.0,0.0,0.0,10.0,0.0,25.0,3.817389818085541,73.15979068599249,127.23651268826434
PT0266,hypertension,37.616521073915344,1,29.947808428330553,72.19840525532011,383,2,12.367353622307368,9.407591840081146,176.45579672419203,100.47541585838195,0.0,0.0,0.0,0.0,0.0,25.0,3.817389818085541,75.98038086581008,125.80220948031864
PT0266,hypertension,37.616521073915344,1,29.947808428330553,72.19840525532011,440,3,12.367353622307368,9.407591840081146,172.76139583118467,93.43142475972397,0.0,0.0,0.0,10.0,5.0,25.0,3.817389818085541,79.3299710714607,119.87474845021087
PT0266,hypertension,37.616521073915344,1,29.947808428330553,72.19840525532011,629,4,12.367353622307368,9.407591840081146,173.32055016863276,94.24725049398928,0.0,0.0,0.0,5.0,10.0,0.0,3.817389818085541,79.07329967464348,120.60501705220378
PT0266,hypertension,37.616521073915344,1,29.947808428330553,72.19840525532011,657,5,12.367353622307368,9.407591840081146,169.7645868637761,95.81655945009504,0.0,0.0,0.0,10.0,0.0,0.0,3.817389818085541,73.94802741368105,120.46590192132206
PT0267,hypertension,66.66187042992607,1,39.60169435583765,75.1438211909898,0,0,12.367353622307368,9.407591840081146,175.3969973275697,93.0595686601366,0.0,0.0,0.0,0.0,5.0,25.0,3.817389818085541,82.33742866743309,120.50537821594763
PT0267,hypertension,66.66187042992607,1,39.60169435583765,75.1438211909898,110,1,12.367353622307368,9.407591840081146,175.48705462384308,92.32484603712359,0.0,0.0,0.0,20.0,10.0,50.0,3.817389818085541,83.16220858671949,120.04558223269676
PT0267,hypertension,66.66187042992607,1,39.60169435583765,75.1438211909898,148,2,12.367353622307368,9.407591840081146,171.45860179583184,91.83160690339263,0.0,0.0,0.0,0.0,10.0,0.0,3.817389818085541,79.62699489243921,118.37393853420569
PT0267,hypertension,66.66187042992607,1,39.60169435583765,75.1438211909898,161,3,12.367353622307368,9.407591840081146,173.802075239527,93.11646512090324,0.0,0.0,0.0,0.0,0.0,25.0,3.817389818085541,80.68561011862376,120.01166849377783
PT0267,hypertension,66.66187042992607,1,39.60169435583765,75.1438211909898,213,4,12.367353622307368,9.407591840081146,172.68333939055287,86.47747048241493,0.0,0.0,0.0,0.0,0.0,25.0,3.817389818085541,86.20586890813794,115.2127601184609
PT0267,hypertension,66.66187042992607,1,39.60169435583765,75.1438211909898,330,5,12.367353622307368,9.407591840081146,166.79157900990305,88.86464641507206,0.0,0.0,0.0,5.0,5.0,50.0,3.817389818085541,77.92693259483099,114.84029061334905
PT0267,hypertension,66.66187042992607,1,39.60169435583765,75.1438211909898,404,6,12.367353622307368,9.407591840081146,170.26049507441746,84.32399367449324,0.0,0.0,0.0,5.0,0.0,0.0,3.817389818085541,85.93650139992423,112.96949414113465
PT0267,hypertension,66.66187042992607,1,39.60169435583765,75.1438211909898,577,7,12.367353622307368,9.407591840081146,166.84641636139554,91.63198296448611,0.0,0.0,0.0,5.0,0.0,50.0,3.817389818085541,75.21443339690943,116.70346076345592
PT0268,hypertension,39.40245896904329,0,22.486215922044927,51.69368088582914,0,0,12.367353622307368,9.407591840081146,161.29753963506678,102.33203243713533,0.0,0.0,0.0,5.0,10.0,0.0,3.817389818085541,58.96550719793146,121.98720150311247
PT0268,hypertension,39.40245896904329,0,22.486215922044927,51.69368088582914,122,1,12.367353622307368,9.407591840081146,159.29552771293478,104.59674961591851,0.0,0.0,0.0,10.0,10.0,0.0,3.817389818085541,54.69877809701627,122.82967564825726
PT0268,hypertension,39.40245896904329,0,22.486215922044927,51.69368088582914,187,2,12.367353622307368,9.407591840081146,153.7679438427353,102.83371927782171,0.0,0.0,0.0,0.0,10.0,100.0,3.817389818085541,50.93422456491358,119.81179413279291
PT0268,hypertension,39.40245896904329,0,22.486215922044927,51.69368088582914,316,3,12.367353622307368,9.407591840081146,147.01315423615944,100.73349446995172,0.0,0.0,0.0,10.0,10.0,0.0,3.817389818085541,46.279659766207715,116.16004772535429
PT0268,hypertension,39.40245896904329,0,22.486215922044927,51.69368088582914,339,4,12.367353622307368,9.407591840081146,141.84182014936005,102.67162809829108,0.0,0.0,0.0,10.0,0.0,50.0,3.817389818085541,39.170192051068966,115.72835878198073
PT0268,hypertension,39.40245896904329,0,22.486215922044927,51.69368088582914,347,5,12.367353622307368,9.407591840081146,139.60994100923782,102.93763717062419,0.0,0.0,0.0,20.0,10.0,0.0,3.817389818085541,36.67230383861363,115.16173845016206
PT0268,hypertension,39.40245896904329,0,22.486215922044927,51.69368088582914,407,6,12.367353622307368,9.407591840081146,137.77687566133133,102.13664837541103,0.0,0.0,0.0,0.0,10.0,50.0,3.817389818085541,35.640227285920304,114.01672413738446
PT0269,hypertension,74.16509758748967,0,31.83594819900008,55.755691188214385,0,0,12.367353622307368,9.407591840081146,171.92466540889293,108.57303124754846,0.0,0.0,0.0,10.0,0.0,0.0,3.817389818085541,63.35163416134448,129.6902426346633
PT0269,hypertension,74.16509758748967,0,31.83594819900008,55.755691188214385,42,1,12.367353622307368,9.407591840081146,170.91494017265595,107.11188039408383,0.0,0.0,0.0,20.0,5.0,0.0,3.817389818085541,63.80305977857212,128.3795669869412
PT0269,hypertension,74.16509758748967,0,31.83594819900008,55.755691188214385,147,2,12.367353622307368,9.407591840081146,167.39106872115113,106.68319180245271,0.0,0.0,0.0,5.0,10.0,25.0,3.817389818085541,60.70787691869842,126.91915077535218
PT0269,hypertension,74.16509758748967,0,31.83594819900008,55.755691188214385,396,3,12.367353622307368,9.407591840081146,161.6902418040565,106.94393961529381,0.0,0.0,0.0,5.0,10.0,0.0,3.817389818085541,54.7463021887627,125.19270701154805
PT0269,hypertension,74.16509758748967,0,31.83594819900008,55.755691188214385,412,4,12.367353622307368,9.407591840081146,163.10773066614726,105.16790473223578,0.0,0.0,0.0,5.0,0.0,50.0,3.817389818085541,57.93982593391148,124.48118004353961
PT0269,hypertension,74.16509758748967,0,31.83594819900008,55.755691188214385,647,5,12.367353622307368,9.407591840081146,161.50586490608626,103.29836644340288,0.0,0.0,0.0,0.0,5.0,0.0,3.817389818085541,58.207498462683375,122.70086593096401
PT0270,hypertension,57.293493033111744,1,38.100324667934615,60.65688966702466,0,0,12.367353622307368,9.407591840081146,168.01986882405362,108.597558311739,0.0,0.0,0.0,0.0,10.0,0.0,3.817389818085541,59.422310512314624,128.4049951491772
PT0270,hypertension,57.293493033111744,1,38.100324667934615,60.65688966702466,118,1,12.367353622307368,9.407591840081146,163.5764304918083,103.3663877653382,0.0,0.0,0.0,5.0,0.0,25.0,3.817389818085541,60.21004272647011,123.4364020074949
PT0270,hypertension,57.293493033111744,1,38.100324667934615,60.65688966702466,139,2,12.367353622307368,9.407591840081146,163.6499643217176,105.38196376251868,0.0,0.0,0.0,0.0,0.0,0.0,3.817389818085541,58.26800055919891,124.80463061558498
PT0270,hypertension,57.293493033111744,1,38.100324667934615,60.65688966702466,210,3,12.367353622307368,9.407591840081146,161.68814261080504,108.6253931009386,0.0,0.0,0.0,20.0,5.0,25.0,3.817389818085541,53.06274950986645,126.31297627089408
PT0270,hypertension,57.293493033111744,1,38.100324667934615,60.65688966702466,277,4,12.367353622307368,9.407591840081146,156.98048618617884,101.39289992505412,0.0,0.0,0.0,10.0,10.0,0.0,3.817389818085541,55.58758626112471,119.92209534542903
PT0270,hypertension,57.293493033111744,1,38.100324667934615,60.65688966702466,428,5,12.367353622307368,9.407591840081146,159.78808066723295,104.40853410629632,0.0,0.0,0.0,10.0,0.0,25.0,3.817389818085541,55.37954656093663,122.86838295994185
PT0271,hypertension,36.73017741389995,1,24.300983764818447,56.71198416810812,0,0,12.367353622307368,9.407591840081146,177.02339438022304,90.45788530607584,0.0,0.0,0.0,0.0,5.0,0.0,3.817389818085541,86.5655090741472,119.31305499745824
PT0271,hypertension,36.73017741389995,1,24.300983764818447,56.71198416810812,191,1,12.367353622307368,9.407591840081146,176.06642188900355,90.31793954721505,0.0,0.0,0.0,5.0,5.0,0.0,3.817389818085541,85.7484823417885,118.90076699447788
PT0271,hypertension,36.73017741389995,1,24.300983764818447,56.71198416810812,430,2,12.367353622307368,9.407591840081146,175.67408662114906,87.08288414740905,0.0,0.0,0.0,10.0,0.0,0.0,3.817389818085541,88.59120247374001,116.61328497198905
PT0271,hypertension,36.73017741389995,1,24.300983764818447,56.71198416810812,589,3,12.367353622307368,9.407591840081146,165.56917828502037,89.93039478094039,0.0,0.0,0.0,20.0,10.0,0.0,3.817389818085541,75.63878350407998,115.14332261563372
PT0272,hypertension,59.069924836632026,0,39.96667856486076,69.35904986029183,0,0,12.367353622307368,9.407591840081146,166.22259715936406,108.35795050592458,0.0,0.0,0.0,0.0,0.0,0.0,3.817389818085541,57.86464665343948,127.64616605707107
PT0272,hypertension,59.069924836632026,0,39.96667856486076,69.35904986029183,235,1,12.367353622307368,9.407591840081146,170.08865607023478,104.2856957830451,0.0,0.0,0.0,0.0,10.0,0.0,3.817389818085541,65.80296028718968,126.22001587877499
PT0272,hypertension,59.069924836632026,0,39.96667856486076,69.35904986029183,379,2,12.367353622307368,9.407591840081146,162.43733110381967,101.71495000154593,0.0,0.0,0.0,10.0,0.0,25.0,3.817389818085541,60.722381102273744,121.95574370230385
PT0272,hypertension,59.069924836632026,0,39.96667856486076,69.35904986029183,706,3,12.367353622307368,9.407591840081146,168.49263208016603,102.93156758113457,0.0,0.0,0.0,10.0,5.0,25.0,3.817389818085541,65.56106449903146,124.78525574747839
PT0273,hypertension,69.672189872929,1,26.478374426860046,48.62744130848947,0,0,12.367353622307368,9.407591840081146,147.37103587276522,99.67131263379832,0.0,0.0,0.0,20.0,10.0,100.0,3.817389818085541,47.6997232389669,115.57122038012062
PT0273,hypertension,69.672189872929,1,26.478374426860046,48.62744130848947,431,1,12.367353622307368,9.407591840081146,145.3642565045231,96.09637933279896,0.0,0.0,0.0,0.0,10.0,0.0,3.817389818085541,49.26787717172414,112.519005056707
PT0273,hypertension,69.672189872929,1,26.478374426860046,48.62744130848947,468,2,12.367353622307368,9.407591840081146,141.56131474550753,94.20449995834787,0.0,0.0,0.0,20.0,5.0,50.0,3.817389818085541,47.356814787159664,109.99010488740109
PT0273,hypertension,69.672189872929,1,26.478374426860046,48.62744130848947,490,3,12.367353622307368,9.407591840081146,134.53694846584534,92.53538662311173,0.0,0.0,0.0,10.0,0.0,25.0,3.817389818085541,42.00156184273361,106.53590723735627
PT0273,hypertension,69.672189872929,1,26.478374426860046,48.62744130848947,607,4,12.367353622307368,9.407591840081146,136.37898060412516,91.85638863684004,0.0,0.0,0.0,20.0,0.0,0.0,3.817389818085541,44.52259196728512,106.69725262593508
PT0273,hypertension,69.672189872929,1,26.478374426860046,48.62744130848947,711,5,12.367353622307368,9.407591840081146,133.5606199006008,97.11135972836044,0.0,0.0,0.0,10.0,0.0,100.0,3.817389818085541,36.44926017224037,109.26111311910724
PT0274,hypertension,43.34781468998315,1,38.0337526742243,71.4457156400367,0,0,12.367353622307368,9.407591840081146,160.74280068277602,97.42417826913724,0.0,0.0,0.0,5.0,5.0,0.0,3.817389818085541,63.31862241363878,118.53038574035017
PT0274,hypertension,43.34781468998315,1,38.0337526742243,71.4457156400367,540,1,12.367353622307368,9.407591840081146,157.1096540320367,93.74875517340848,0.0,0.0,0.0,10.0,10.0,50.0,3.817389818085541,63.36089885862822,114.86905479295122
PT0274,hypertension,43.34781468998315,1,38.0337526742243,71.4457156400367,569,2,12.367353622307368,9.407591840081146,163.7892307562917,91.68138321893365,0.0,0.0,0.0,0.0,0.0,50.0,3.817389818085541,72.10784753735804,115.71733239805299
PT0274,hypertension,43.34781468998315,1,38.0337526742243,71.4457156400367,607,3,12.367353622307368,9.407591840081146,155.61969555749317,93.20270023610458,0.0,0.0,0.0,10.0,5.0,100.0,3.817389818085541,62.4169953213886,114.0083653432341
PT0274,hypertension,43.34781468998315,1,38.0337526742243,71.4457156400367,688,4,12.367353622307368,9.407591840081146,150.95986398609202,90.42794459296616,0.0,0.0,0.0,5.0,5.0,50.0,3.817389818085541,60.53191939312586,110.60525105734145
PT0275,hypertension,60.32799058459763,0,31.63856894919175,55.973421697391196,0,0,12.367353622307368,9.407591840081146,157.4824823737059,92.95335107680756,0.0,0.0,0.0,0.0,5.0,0.0,3.817389818085541,64.52913129689833,114.463061509107
PT0275,hypertension,60.32799058459763,0,31.63856894919175,55.973421697391196,239,1,12.367353622307368,9.407591840081146,147.57623598273173,93.03187787739957,0.0,0.0,0.0,20.0,5.0,100.0,3.817389818085541,54.544358105332165,111.21333057917695
PT0275,hypertension,60.32799058459763,0,31.63856894919175,55.973421697391196,585,2,12.367353622307368,9.407591840081146,147.08860228017943,91.64431785170999,0.0,0.0,0.0,0.0,0.0,0.0,3.817389818085541,55.444284428469444,110.12574599453313
PT0275,hypertension,60.32799058459763,0,31.63856894919175,55.973421697391196,591,3,12.367353622307368,9.407591840081146,153.89883654595693,87.56620082963458,0.0,0.0,0.0,10.0,10.0,0.0,3.817389818085541,66.33263571632234,109.67707940174203
PT0275,hypertension,60.32799058459763,0,31.63856894919175,55.973421697391196,649,4,12.367353622307368,9.407591840081146,153.31135346512772,85.96870347625605,0.0,0.0,0.0,10.0,0.0,100.0,3.817389818085541,67.34264998887167,108.41625347254661
PT0276,hypertension,44.34363221075135,1,27.803602069562515,87.99611826981376,0,0,12.367353622307368,9.407591840081146,168.5763608860727,101.65274459007333,0.0,0.0,0.0,20.0,0.0,0.0,3.817389818085541,66.92361629599938,123.96061668873979
PT0276,hypertension,44.34363221075135,1,27.803602069562515,87.99611826981376,541,1,12.367353622307368,9.407591840081146,165.254587746917,97.6715944577423,0.0,0.0,0.0,20.0,5.0,100.0,3.817389818085541,67.5829932891747,120.1992588874672
PT0276,hypertension,44.34363221075135,1,27.803602069562515,87.99611826981376,618,2,12.367353622307368,9.407591840081146,168.53970957522915,97.493027526325,0.0,0.0,0.0,5.0,10.0,0.0,3.817389818085541,71.04668204890416,121.17525487595971
PT0276,hypertension,44.34363221075135,1,27.803602069562515,87.99611826981376,679,3,12.367353622307368,9.407591840081146,166.9824946066446,98.7565718242786,0.0,0.0,0.0,10.0,10.0,0.0,3.817389818085541,68.225922782366,121.49854608506726
PT0277,hypertension,62.001584273770284,0,24.135532672610896,74.7677287493639,0,0,12.367353622307368,9.407591840081146,158.6813679916655,97.73644037857872,0.0,0.0,0.0,20.0,0.0,0.0,3.817389818085541,60.944927613086776,118.05141624960764
PT0277,hypertension,62.001584273770284,0,24.135532672610896,74.7677287493639,461,1,12.367353622307368,9.407591840081146,160.79400228889128,100.341855198583,0.0,0.0,0.0,0.0,0.0,0.0,3.817389818085541,60.45214709030827,120.49257089535243
PT0277,hypertension,62.001584273770284,0,24.135532672610896,74.7677287493639,518,2,12.367353622307368,9.407591840081146,152.66729751197846,95.97349136205442,0.0,0.0,0.0,20.0,5.0,0.0,3.817389818085541,56.69380614992404,114.87142674536243
PT0277,hypertension,62.001584273770284,0,24.135532672610896,74.7677287493639,690,3,12.367353622307368,9.407591840081146,157.23118455126567,93.78837885818872,0.0,0.0,0.0,10.0,5.0,100.0,3.817389818085541,63.44280569307695,114.93598075588103
PT0278,hypertension,36.022599727795935,0,35.100393549163975,95.15240819985334,0,0,12.367353622307368,9.407591840081146,160.3942760683026,92.20250674760595,0.0,0.0,0.0,5.0,0.0,50.0,3.817389818085541,68.19176932069664,114.93309652117149
PT0278,hypertension,36.022599727795935,0,35.100393549163975,95.15240819985334,236,1,12.367353622307368,9.407591840081146,156.95112463700593,89.26766519214223,0.0,0.0,0.0,10.0,10.0,100.0,3.817389818085541,67.6834594448637,111.82881834043013
PT0278,hypertension,36.022599727795935,0,35.100393549163975,95.15240819985334,318,2,12.367353622307368,9.407591840081146,152.50222020733793,92.237535523192,0.0,0.0,0.0,10.0,0.0,25.0,3.817389818085541,60.264684684145934,112.32576375124064
PT0278,hypertension,36.022599727795935,0,35.100393549163975,95.15240819985334,323,3,12.367353622307368,9.407591840081146,159.06867315901198,93.76190939822781,0.0,0.0,0.0,5.0,10.0,25.0,3.817389818085541,65.30676376078416,115.53083065182254
PT0278,hypertension,36.022599727795935,0,35.100393549163975,95.15240819985334,346,4,12.367353622307368,9.407591840081146,155.28188517700565,89.998126670534,0.0,0.0,0.0,10.0,5.0,25.0,3.817389818085541,65.28375850647164,111.75937950602456
PT0278,hypertension,36.022599727795935,0,35.100393549163975,95.15240819985334,559,5,12.367353622307368,9.407591840081146,156.26547939595304,88.57213944803591,0.0,0.0,0.0,5.0,0.0,0.0,3.817389818085541,67.69333994791712,111.13658609734162
PT0278,hypertension,36.022599727795935,0,35.100393549163975,95.15240819985334,700,6,12.367353622307368,9.407591840081146,155.3287115938505,89.53323191813375,0.0,0.0,0.0,20.0,10.0,0.0,3.817389818085541,65.79547967571675,111.465058476706
PT0278,hypertension,36.022599727795935,0,35.100393549163975,95.15240819985334,706,7,12.367353622307368,9.407591840081146,151.5743371355706,84.74861545304,0.0,0.0,0.0,10.0,0.0,100.0,3.817389818085541,66.8257216825306,107.02385601388353
PT0279,hypertension,37.092561117156386,0,30.83533310032287,53.93968522498896,0,0,12.367353622307368,9.407591840081146,176.8665227013819,108.50686438113918,0.0,0.0,0.0,5.0,0.0,0.0,3.817389818085541,68.35965832024273,131.29341715455342
PT0279,hypertension,37.092561117156386,0,30.83533310032287,53.93968522498896,129,1,12.367353622307368,9.407591840081146,163.49899866652143,107.12910910566188,0.0,0.0,0.0,20.0,5.0,100.0,3.817389818085541,56.36988956085955,125.91907229261507
PT0279,hypertension,37.092561117156386,0,30.83533310032287,53.93968522498896,356,2,12.367353622307368,9.407591840081146,169.11909776169935,100.994198054195,0.0,0.0,0.0,20.0,0.0,25.0,3.817389818085541,68.12489970750435,123.70249795669645
PT0279,hypertension,37.092561117156386,0,30.83533310032287,53.93968522498896,596,3,12.367353622307368,9.407591840081146,163.330237676524,105.10326000527166,0.0,0.0,0.0,20.0,0.0,0.0,3.817389818085541,58.22697767125234,124.51225256235578
PT0280,hypertension,45.038588326527076,1,26.205068608129764,58.59330876409173,0,0,12.367353622307368,9.407591840081146,177.8116471484321,101.03102332503269,0.0,0.0,0.0,0.0,0.0,50.0,3.817389818085541,76.7806238233994,126.62456459949915
PT0280,hypertension,45.038588326527076,1,26.205068608129764,58.59330876409173,291,1,12.367353622307368,9.407591840081146,175.3089553840589,98.67238271070528,0.0,0.0,0.0,0.0,5.0,25.0,3.817389818085541,76.63657267335361,124.21790693515648
PT0280,hypertension,45.038588326527076,1,26.205068608129764,58.59330876409173,464,2,12.367353622307368,9.407591840081146,166.2718165788581,98.84477755153394,0.0,0.0,0.0,0.0,0.0,0.0,3.817389818085541,67.42703902732417,121.32045722730867
PT0280,hypertension,45.038588326527076,1,26.205068608129764,58.59330876409173,516,3,12.367353622307368,9.407591840081146,168.0776629745111,99.89186531961414,0.0,0.0,0.0,10.0,5.0,0.0,3.817389818085541,68.18579765489696,122.62046453791312
PT0280,hypertension,45.038588326527076,1,26.205068608129764,58.59330876409173,696,4,12.367353622307368,9.407591840081146,165.09503173211428,94.91667201141908,0.0,0.0,0.0,10.0,10.0,50.0,3.817389818085541,70.1783597206952,118.30945858498414
PT0281,comorbid,48.65127511265945,1,35.47779471779941,74.08532101640839,0,0,10.636818859200154,8.230908492765819,168.2683738741729,93.28820447628634,1000.0,0.0,0.0,10.0,5.0,50.0,3.2832314212064477,74.98016939788657,118.28159427558187
PT0281,comorbid,48.65127511265945,1,35.47779471779941,74.08532101640839,346,1,10.524868076035126,8.51899988029551,167.04565287343476,95.53684669946195,1000.0,2.5,0.0,20.0,5.0,0.0,3.248675946136176,71.50880617397281,119.37311542411955
PT0281,comorbid,48.65127511265945,1,35.47779471779941,74.08532101640839,416,2,11.385004967022686,8.871078074412184,159.63130924834445,94.70811529719899,500.0,5.0,0.0,10.0,10.0,0.0,3.514171533154336,64.92319395114546,116.34917994758081
PT0281,comorbid,48.65127511265945,1,35.47779471779941,74.08532101640839,430,3,11.641705955931565,9.062226589358188,154.78715900154893,92.78812367879226,0.0,0.0,10.0,20.0,10.0,25.0,3.5934065717308763,61.99903532275667,113.45446878637782
PT0281,comorbid,48.65127511265945,1,35.47779471779941,74.08532101640839,453,4,10.527900354300952,7.887799089453481,156.0108127871742,94.35424906664859,500.0,0.0,10.0,20.0,0.0,0.0,3.2496119093608944,61.6565637205256,114.90643697349046
PT0281,comorbid,48.65127511265945,1,35.47779471779941,74.08532101640839,461,5,10.66759959869953,8.462917944272066,152.02509258022366,90.64023065378295,2000.0,5.0,30.0,20.0,0.0,100.0,3.292732409465255,61.384861926440706,111.10185129592985
PT0281,comorbid,48.65127511265945,1,35.47779471779941,74.08532101640839,671,6,9.807989071526913,7.910988954905973,144.9556166552821,86.61907437617445,2000.0,0.0,0.0,20.0,0.0,0.0,3.027399293411307,58.33654227910766,106.06458846921034
PT0282,comorbid,67.08743804303947,1,27.32583649227098,106.88664719543348,0,0,10.438010748056534,8.352470793834838,152.24016436550355,91.95253646566044,0.0,5.0,0.0,5.0,0.0,0.0,3.22186598423345,60.2876278998431,112.04841243227482
PT0282,comorbid,67.08743804303947,1,27.32583649227098,106.88664719543348,146,1,10.786366154729356,8.636658472393378,149.1669440315618,91.8301866056318,500.0,0.0,20.0,10.0,10.0,100.0,3.329391686426461,57.33675742593,110.9424390809418
PT0282,comorbid,67.08743804303947,1,27.32583649227098,106.88664719543348,610,2,9.807310123442566,7.721923174570944,143.0020794761214,86.93776904822238,1000.0,0.0,0.0,20.0,5.0,50.0,3.027189724769272,56.06431042789902,105.62587252418872
PT0282,comorbid,67.08743804303947,1,27.32583649227098,106.88664719543348,717,3,9.335355514901293,6.742601410120827,145.35712724809022,88.19520315137208,2000.0,0.0,0.0,0.0,0.0,0.0,2.8815130689328656,57.16192409671814,107.24917785027813
PT0283,comorbid,66.23660316844293,1,30.652854325420492,82.41174809465895,0,0,11.636132772515078,8.56117122401239,154.52095227030676,105.56209026051637,1000.0,0.0,10.0,10.0,0.0,100.0,3.5916863157829875,48.958862009790394,121.8817109304465
PT0283,comorbid,66.23660316844293,1,30.652854325420492,82.41174809465895,112,1,10.207926120767919,8.245954945094025,158.21907608926358,98.90988980450018,500.0,5.0,0.0,10.0,5.0,50.0,3.150846529277031,59.3091862847634,118.67961856608798
PT0283,comorbid,66.23660316844293,1,30.652854325420492,82.41174809465895,126,2,9.367992436466903,7.576161608544388,150.97083148624097,102.18709175215265,500.0,2.5,10.0,10.0,5.0,0.0,2.8915869987227842,48.783739734088314,118.4483383301821
PT0283,comorbid,66.23660316844293,1,30.652854325420492,82.41174809465895,198,3,9.708957916019827,7.69795439689989,147.02945381161612,98.40570106527535,500.0,2.5,0.0,5.0,10.0,100.0,2.9968316767447862,48.62375274634077,114.61361864738895
PT0283,comorbid,66.23660316844293,1,30.652854325420492,82.41174809465895,434,4,9.023080563042152,7.7205903637825015,146.41181947142144,95.51579716671736,500.0,10.0,0.0,10.0,5.0,0.0,2.785124200459011,50.896022304704076,112.48113793495206
PT0283,comorbid,66.23660316844293,1,30.652854325420492,82.41174809465895,687,5,9.716652012531005,8.237616182947148,142.62330656428,97.16839117260291,1000.0,0.0,0.0,10.0,5.0,50.0,2.9992065878679037,45.45491539167709,112.32002963649528
PT0284,comorbid,63.12571409556591,0,29.850317436295377,71.8872460361766,0,0,10.245754784655984,8.102454187873859,163.8363221622876,90.6726237156858,2000.0,5.0,20.0,0.0,0.0,25.0,3.162522976863814,73.16369844660179,115.0605231978864
PT0284,comorbid,63.12571409556591,0,29.850317436295377,71.8872460361766,161,1,9.77811352590153,8.307981332641575,166.39523608340113,91.43435766168653,2000.0,10.0,10.0,0.0,10.0,0.0,3.0181777083282726,74.9608784217146,116.4213171355914
PT0284,comorbid,63.12571409556591,0,29.850317436295377,71.8872460361766,174,2,9.507364831287754,7.441043521047947,159.53217161519322,92.28929009822257,1000.0,0.0,0.0,0.0,5.0,0.0,2.934606611257487,67.24288151697066,114.70358393721278
PT0284,comorbid,63.12571409556591,0,29.850317436295377,71.8872460361766,292,3,9.751554415063339,7.861800541314458,162.53653844777156,93.00843782562258,1000.0,10.0,10.0,10.0,0.0,50.0,3.0099797961162174,69.52810062214898,116.18447136633891
PT0284,comorbid,63.12571409556591,0,29.850317436295377,71.8872460361766,500,4,9.778574940542281,7.74971131156082,155.2081872465992,92.29296383732661,2000.0,5.0,0.0,20.0,5.0,100.0,3.018320131647384,62.9152234092726,113.26470497375081
PT0284,comorbid,63.12571409556591,0,29.850317436295377,71.8872460361766,590,5,10.115271683455662,8.08582622827916,162.9652871587177,88.66595834330896,2000.0,2.5,0.0,10.0,5.0,0.0,3.122247192959981,74.29932881540874,113.43240128177854
PT0284,comorbid,63.12571409556591,0,29.850317436295377,71.8872460361766,687,6,9.25882519601211,7.023799647420751,155.9667612074645,91.27111322952722,2000.0,0.0,0.0,10.0,0.0,0.0,2.8578907105024047,64.69564797793727,112.83632922217298
PT0284,comorbid,63.12571409556591,0,29.850317436295377,71.8872460361766,692,7,9.241528415183557,7.799329889431217,152.69473833869108,92.97170397882749,2000.0,0.0,10.0,5.0,0.0,0.0,2.8525517708199915,59.72303435986359,112.87938209878202
PT0285,comorbid,46.7826047612064,1,26.07122746135351,98.80146145461663,0,0,13.515166728133867,9.923089835625637,162.045709017003,105.54136174895201,500.0,0.0,0.0,5.0,0.0,0.0,4.17168146341732,56.50434726805098,124.37614417163567
PT0285,comorbid,46.7826047612064,1,26.07122746135351,98.80146145461663,348,1,13.019855792607673,10.059324684851942,163.2719763341666,106.98918775072795,1000.0,5.0,10.0,0.0,10.0,0.0,4.018795487984902,56.282788583438645,125.75011727854083
PT0285,comorbid,46.7826047612064,1,26.07122746135351,98.80146145461663,417,2,12.898266628681808,9.17920398330312,158.35473664608094,100.42360961854489,1000.0,5.0,20.0,20.0,5.0,50.0,3.9812649660531183,57.93112702753605,119.73398529439024
PT0285,comorbid,46.7826047612064,1,26.07122746135351,98.80146145461663,661,3,12.423871317753987,8.831455411660151,157.95334024476122,102.34505261156151,500.0,0.0,20.0,0.0,10.0,0.0,3.8348349467467306,55.60828763319971,120.88114848929474
PT0285,comorbid,46.7826047612064,1,26.07122746135351,98.80146145461663,718,4,12.620407439787495,9.780332815580294,159.95799236476864,97.8003212636683,500.0,0.0,20.0,0.0,0.0,100.0,3.8954990964144067,62.15767110110035,118.51954496403508
PT0286,comorbid,41.218984422184235,1,38.18114897860106,64.00653041300757,0,0,14.12466216696132,11.255019479731626,171.0469545890482,105.16127980844723,500.0,5.0,10.0,0.0,5.0,0.0,4.359812388868727,65.88567478060097,127.12317140198088
PT0286,comorbid,41.218984422184235,1,38.18114897860106,64.00653041300757,43,1,14.345616092775266,10.17448738867829,181.61261360620588,103.49868168743559,1000.0,10.0,20.0,10.0,10.0,0.0,4.428013500636633,78.11393191877029,129.53665899369236
PT0286,comorbid,41.218984422184235,1,38.18114897860106,64.00653041300757,53,2,14.336082053233469,9.955211333072755,175.19307370561492,105.04680420272318,2000.0,0.0,30.0,5.0,0.0,0.0,4.425070660431397,70.14626950289174,128.42889403702043
PT0286,comorbid,41.218984422184235,1,38.18114897860106,64.00653041300757,64,3,14.778103708753573,11.288745671430311,176.62967547064537,102.19203511319968,1000.0,0.0,20.0,0.0,5.0,0.0,4.5615080114352695,74.43764035744569,127.00458189901491
PT0286,comorbid,41.218984422184235,1,38.18114897860106,64.00653041300757,412,4,14.890680407339174,11.471805371249713,166.74475065117159,103.91995484556561,500.0,0.0,0.0,10.0,10.0,0.0,4.596256685732025,62.82479580560597,124.86155344743428
PT0286,comorbid,41.218984422184235,1,38.18114897860106,64.00653041300757,518,5,14.549886705436464,10.64674885600161,167.3017666322387,104.81685091630465,2000.0,0.0,0.0,20.0,10.0,50.0,4.491065029744722,62.48491571593405,125.64515615494933
PT0286,comorbid,41.218984422184235,1,38.18114897860106,64.00653041300757,579,6,14.390722869425785,10.523369565736996,162.46870062486545,97.90074670816747,1000.0,0.0,0.0,10.0,0.0,50.0,4.441936459029426,64.56795391669797,119.42339801373346
PT0286,comorbid,41.218984422184235,1,38.18114897860106,64.00653041300757,602,7,13.207474110696738,10.331377060823245,164.27306696286627,101.84394759839557,1000.0,0.0,0.0,0.0,10.0,0.0,4.07670700883506,62.429119364470694,122.65365405321914
PT0287,comorbid,73.1918010976131,0,24.01569982968317,68.96888344934854,0,0,11.705835407564132,8.737867767085206,169.10470236625466,96.2579684026923,1000.0,0.0,0.0,10.0,0.0,0.0,3.6132011958014623,72.84673396356236,120.54021305721308
PT0287,comorbid,73.1918010976131,0,24.01569982968317,68.96888344934854,334,1,12.138756932112122,9.75721676432609,167.08409687616768,93.66819706763314,2000.0,2.5,20.0,20.0,5.0,0.0,3.746829639711941,73.41589980853453,118.14016367047799
PT0287,comorbid,73.1918010976131,0,24.01569982968317,68.96888344934854,355,2,13.065913691763171,9.908592637077135,168.00825234972802,94.34771410490174,2000.0,0.0,0.0,5.0,5.0,25.0,4.0330120261908995,73.66053824482628,118.90122685317716
PT0287,comorbid,73.1918010976131,0,24.01569982968317,68.96888344934854,375,3,12.216144498017874,8.923790359707102,163.86452011520512,95.18043022902518,1000.0,5.0,0.0,0.0,5.0,0.0,3.7707166017215172,68.68408988617995,118.07512685775183
PT0287,comorbid,73.1918010976131,0,24.01569982968317,68.96888344934854,380,4,11.58211136065484,8.88020384922456,167.73062352934213,89.52019082042263,2000.0,10.0,20.0,0.0,0.0,25.0,3.5750117066554608,78.2104327089195,115.59033505672913
PT0287,comorbid,73.1918010976131,0,24.01569982968317,68.96888344934854,466,5,10.846457727992432,8.033936553390568,167.6297026620751,93.35160531264769,1000.0,0.0,0.0,10.0,5.0,0.0,3.347939952040331,74.2780973494274,118.11097109579016
PT0287,comorbid,73.1918010976131,0,24.01569982968317,68.96888344934854,513,6,11.18152431217656,8.313698559151922,167.13847796510638,91.20664372071215,500.0,2.5,0.0,5.0,5.0,0.0,3.4513638376918316,75.93183424439422,116.51725513551023
PT0287,comorbid,73.1918010976131,0,24.01569982968317,68.96888344934854,532,7,11.36861130803624,8.580195616078532,158.67464954397715,87.83027392202882,1000.0,5.0,0.0,5.0,5.0,25.0,3.5091113570805192,70.84437562194833,111.4450657960116
PT0288,comorbid,49.46057046023269,1,38.849358756814745,99.98534482043502,0,0,15.492278923337132,10.891690569743538,154.1739674860203,106.006436488371,1000.0,10.0,10.0,5.0,0.0,25.0,4.781950094336728,48.16753099764931,122.0622801542541
PT0288,comorbid,49.46057046023269,1,38.849358756814745,99.98534482043502,213,1,14.12209237094512,10.451428749947976,153.38158272180095,106.37818182412043,2000.0,2.5,0.0,5.0,0.0,50.0,4.359019178498394,47.00340089768052,122.04598212334727
PT0288,comorbid,49.46057046023269,1,38.849358756814745,99.98534482043502,378,2,14.952791367071915,11.28570555848611,147.64405331954475,106.74440743316457,1000.0,10.0,10.0,20.0,0.0,0.0,4.615428268636198,40.899645886380185,120.37762272862463
PT0288,comorbid,49.46057046023269,1,38.849358756814745,99.98534482043502,422,3,13.815149481481741,10.45793039660964,144.05807900216527,104.94653464817273,2000.0,0.0,0.0,5.0,0.0,0.0,4.264276139950697,39.11154435399254,117.98371609950358
PT0288,comorbid,49.46057046023269,1,38.849358756814745,99.98534482043502,449,4,14.796782728160222,11.204030063932493,148.25750271596007,111.28183240469107,500.0,2.5,20.0,5.0,5.0,50.0,4.567273602092122,36.975670311269,123.60705584178073
PT0288,comorbid,49.46057046023269,1,38.849358756814745,99.98534482043502,474,5,14.114887204612293,10.55942573877882,138.71539934892724,110.03902926841694,2000.0,5.0,20.0,0.0,10.0,0.0,4.356795183823661,28.676370080510296,119.5978192952537
PT0288,comorbid,49.46057046023269,1,38.849358756814745,99.98534482043502,644,6,13.517076976577407,9.971381381216707,136.6008697231418,106.41243966784012,1000.0,0.0,0.0,10.0,5.0,50.0,4.172271093436893,30.188430055301694,116.47524968627401
PT0288,comorbid,49.46057046023269,1,38.849358756814745,99.98534482043502,654,7,14.859525237114525,10.685459054860539,126.88060368930546,99.39445201045278,1000.0,5.0,0.0,20.0,0.0,50.0,4.58664012318935,27.48615167885268,108.55650257007034
PT0289,comorbid,44.11219489798358,0,37.72767943319651,98.73103767857063,0,0,13.79390719839239,10.257063252214683,160.0391659921701,101.73028767456914,2000.0,10.0,0.0,0.0,5.0,25.0,4.257719355237118,58.30887831760096,121.16658044710279
PT0289,comorbid,44.11219489798358,0,37.72767943319651,98.73103767857063,275,1,12.721714045387298,9.566838144595033,157.14384541919483,99.77974118093468,2000.0,2.5,0.0,10.0,5.0,25.0,3.926769068676213,57.364104238260154,118.90110926035473
PT0289,comorbid,44.11219489798358,0,37.72767943319651,98.73103767857063,339,2,12.799864520531091,9.949127473669941,160.85517488466388,98.79301820079353,1000.0,0.0,20.0,20.0,0.0,0.0,3.9508915153372635,62.062156683870356,119.48040376208364
PT0289,comorbid,44.11219489798358,0,37.72767943319651,98.73103767857063,428,3,13.191617885319364,9.848230871407203,158.6611906813496,99.45904777308616,500.0,5.0,30.0,20.0,5.0,0.0,4.071812720601911,59.202142908263454,119.19309540917398
PT0289,comorbid,44.11219489798358,0,37.72767943319651,98.73103767857063,446,4,12.18109329575137,8.712985600549523,152.2473658353449,92.77571715170224,500.0,2.5,20.0,20.0,5.0,100.0,3.759897463955257,59.47164868364267,112.59960004624979
PT0289,comorbid,44.11219489798358,0,37.72767943319651,98.73103767857063,608,5,12.918482885872011,10.214422165881341,149.4261596941732,95.18963318706211,1000.0,5.0,0.0,0.0,10.0,50.0,3.9875050507724943,54.236526507111094,113.26847535609915
PT0289,comorbid,44.11219489798358,0,37.72767943319651,98.73103767857063,656,6,13.432995628956023,10.546889745751004,150.5707467516908,92.69386327823209,2000.0,0.0,30.0,0.0,5.0,0.0,4.146317984137759,57.876883473458705,111.98615776938499
PT0289,comorbid,44.11219489798358,0,37.72767943319651,98.73103767857063,676,7,12.825450154086269,9.530170539930127,151.49601260588008,86.63956380170296,500.0,0.0,0.0,0.0,0.0,25.0,3.9587889475612954,64.85644880417712,108.258380069762
PT0290,comorbid,54.524412228904104,0,31.27781665027591,89.3240136842713,0,0,11.29122080245708,8.810376729702066,161.25768654378857,108.70159351268777,0.0,5.0,20.0,20.0,10.0,25.0,3.4852234876917523,52.5560930311008,126.22029118972137
PT0290,comorbid,54.524412228904104,0,31.27781665027591,89.3240136842713,270,1,10.693852578297493,8.837086041313889,152.46704617105306,106.12341342394687,2000.0,5.0,30.0,20.0,0.0,50.0,3.3008358291678266,46.343632747106184,121.5712910063156
PT0290,comorbid,54.524412228904104,0,31.27781665027591,89.3240136842713,383,2,10.86015398192056,8.897572254072045,156.71348215440028,108.68839826564377,2000.0,0.0,0.0,0.0,5.0,0.0,3.352167529086146,48.02508388875651,124.69675956189595
PT0290,comorbid,54.524412228904104,0,31.27781665027591,89.3240136842713,642,3,10.748300567352814,8.168356930985567,151.6408675036651,103.07184927811096,0.0,2.5,10.0,10.0,5.0,50.0,3.3176421084562353,48.569018225554146,119.26152201996234
PT0291,comorbid,60.39066996433786,1,29.693208351885136,48.72549822285529,0,0,8.91656878654279,7.299073336917818,178.27945040080687,87.75119560068231,2000.0,0.0,0.0,0.0,5.0,0.0,2.7522475654462077,90.52825480012456,117.92728053405716
PT0291,comorbid,60.39066996433786,1,29.693208351885136,48.72549822285529,329,1,8.989771492191725,7.374165474714326,176.93254837359507,92.44866670441775,2000.0,2.5,0.0,10.0,5.0,25.0,2.7748428005898456,84.48388166917732,120.60996059414352
PT0291,comorbid,60.39066996433786,1,29.693208351885136,48.72549822285529,420,2,8.706933642770668,7.029273334122593,177.49849632146828,86.92262979314746,500.0,5.0,10.0,5.0,0.0,25.0,2.68754018440188,90.57586652832082,117.11458530258774
PT0291,comorbid,60.39066996433786,1,29.693208351885136,48.72549822285529,489,3,8.991834204941327,7.325249981444543,164.33684711293694,90.41563854154526,500.0,0.0,10.0,20.0,10.0,0.0,2.7754794912585563,73.92120857139167,115.05604139867582
PT0291,comorbid,60.39066996433786,1,29.693208351885136,48.72549822285529,698,4,8.887967502220711,7.620739779724665,172.28344654721298,88.94548895993638,2000.0,0.0,20.0,0.0,0.0,0.0,2.7434193023521263,83.33795758727659,116.72480815569524
PT0292,comorbid,74.77708450524499,1,25.646191652184868,90.16339335539158,0,0,9.285430973611959,7.460908753310646,165.8801000887025,100.0641454216024,1000.0,2.5,0.0,0.0,5.0,25.0,2.866103027188225,65.8159546671001,122.00279697730244
PT0292,comorbid,74.77708450524499,1,25.646191652184868,90.16339335539158,456,1,8.65778825909392,7.334838667065968,161.18067983417495,95.28322132725147,1000.0,2.5,10.0,10.0,5.0,100.0,2.672370642640323,65.89745850692348,117.24904082955929
PT0292,comorbid,74.77708450524499,1,25.646191652184868,90.16339335539158,514,2,9.157566007708809,7.226497564096755,161.72889999638977,96.57656067786148,1000.0,0.0,0.0,10.0,5.0,0.0,2.8266353743794523,65.15233931852829,118.29400711737091
PT0292,comorbid,74.77708450524499,1,25.646191652184868,90.16339335539158,585,3,8.761884422268459,7.455958639303901,163.11517529832594,96.42029466889487,1000.0,0.0,0.0,0.0,0.0,0.0,2.704501658340198,66.69488062943107,118.65192154537189
PT0293,comorbid,55.26047479350913,1,23.07272884590229,53.26698101652498,0,0,14.764485991660539,10.721768553449984,181.76952678227286,89.65955261660037,1000.0,2.5,10.0,10.0,0.0,0.0,4.557304676092554,92.1099741656725,120.3628773384912
PT0293,comorbid,55.26047479350913,1,23.07272884590229,53.26698101652498,132,1,14.259540743185935,10.17405255377771,180.54585567491915,91.14200213532826,1000.0,0.0,0.0,20.0,0.0,0.0,4.401444909396726,89.4038535395909,120.94328664852522
PT0293,comorbid,55.26047479350913,1,23.07272884590229,53.26698101652498,195,2,14.176118731747563,10.698858810532421,176.8105586462549,90.73155860892018,500.0,2.5,0.0,10.0,10.0,50.0,4.3756953151994145,86.07900003733471,119.42455862136508
PT0293,comorbid,55.26047479350913,1,23.07272884590229,53.26698101652498,393,3,13.662384553411732,9.982022364725097,170.46267601050965,90.2158260533883,2000.0,0.0,0.0,10.0,0.0,0.0,4.217122698819755,80.24684995712136,116.96477603909541
PT0293,comorbid,55.26047479350913,1,23.07272884590229,53.26698101652498,518,4,14.249669171267676,10.312401255261895,180.42969089797526,90.72593140307154,0.0,0.0,0.0,10.0,10.0,0.0,4.398397884197956,89.70375949490372,120.62718456803945
PT0293,comorbid,55.26047479350913,1,23.07272884590229,53.26698101652498,534,5,13.98778085627697,10.965623537390009,174.5973639812445,90.40128273276207,2000.0,2.5,0.0,20.0,0.0,50.0,4.317561690970825,84.19608124848244,118.46664314892288
PT0293,comorbid,55.26047479350913,1,23.07272884590229,53.26698101652498,582,6,13.548431978697742,10.70392799619718,166.63222954403042,82.36614325487152,2000.0,0.0,0.0,20.0,5.0,100.0,4.181949337424703,84.2660862891589,110.45483868459115
PT0293,comorbid,55.26047479350913,1,23.07272884590229,53.26698101652498,704,7,13.335796956811693,10.412921603542278,165.19093724819064,81.96560645142041,1000.0,0.0,0.0,0.0,0.0,50.0,4.116315994002543,83.22533079677022,109.70738338367715
PT0294,comorbid,49.51708671267248,0,36.06326958530079,58.81822480994202,0,0,11.83696828362967,9.33930800013027,165.5751754717835,97.4598605985333,2000.0,2.5,0.0,10.0,0.0,50.0,3.653677543547025,68.1153148732502,120.16496555628336
PT0294,comorbid,49.51708671267248,0,36.06326958530079,58.81822480994202,302,1,11.207690070876442,8.675073295178246,168.8771946532838,99.07563278063071,500.0,2.5,0.0,0.0,5.0,0.0,3.4594403352105285,69.80156187265308,122.34282007151508
PT0294,comorbid,49.51708671267248,0,36.06326958530079,58.81822480994202,392,2,12.192382909151572,9.269639249220553,167.5097545035969,91.72135801101109,1000.0,0.0,0.0,20.0,0.0,25.0,3.763382191291452,75.7883964925858,116.98415684187303
PT0294,comorbid,49.51708671267248,0,36.06326958530079,58.81822480994202,397,3,12.260310025609856,9.3007673881107,164.5249070806014,92.91205236899008,1000.0,0.0,10.0,10.0,5.0,0.0,3.7843490279049092,71.61285471161132,116.78300393952718
PT0294,comorbid,49.51708671267248,0,36.06326958530079,58.81822480994202,450,4,11.865364125817361,9.022196293988756,161.27471639381977,93.99550106965454,1000.0,0.0,10.0,0.0,5.0,25.0,3.662442393502292,67.27921532416524,116.42190617770962
PT0294,comorbid,49.51708671267248,0,36.06326958530079,58.81822480994202,574,5,11.688412680897793,8.808917241877602,159.69150247422226,93.75204269305203,1000.0,2.5,10.0,0.0,0.0,0.0,3.6078233808371185,65.93945978117023,115.73186262010877
PT0294,comorbid,49.51708671267248,0,36.06326958530079,58.81822480994202,648,6,11.445979416126654,8.651538949151366,154.03820945622942,95.24405259717054,2000.0,10.0,20.0,5.0,10.0,25.0,3.532992313111094,58.79415685905889,114.8421048835235
PT0294,comorbid,49.51708671267248,0,36.06326958530079,58.81822480994202,688,7,11.69900776552533,9.001199778270818,152.99373960949052,87.48820015705694,1000.0,0.0,0.0,20.0,0.0,0.0,3.611093730292152,65.50553945243358,109.3233799745348
PT0295,comorbid,55.325061907213794,0,24.281657884598822,90.54023684895739,0,0,15.143204407630172,11.122021929242994,163.81552495212762,91.25879461420014,1000.0,0.0,0.0,20.0,10.0,100.0,4.67420242715518,72.55673033792748,115.4443713935093
PT0295,comorbid,55.325061907213794,0,24.281657884598822,90.54023684895739,81,1,15.389045814596775,11.089049144750032,157.48945663857134,92.39272346349033,0.0,2.5,0.0,10.0,5.0,25.0,4.750085474772205,65.09673317508101,114.09163452185066
PT0295,comorbid,55.325061907213794,0,24.281657884598822,90.54023684895739,105,2,15.460188383335195,11.258379944651628,152.32945840076502,91.08210880359557,1000.0,10.0,0.0,5.0,10.0,0.0,4.772044814322797,61.247349597169446,111.49789200265205
PT0295,comorbid,55.325061907213794,0,24.281657884598822,90.54023684895739,127,3,16.0376946906292,11.119318301676,146.0844484116594,90.62879177830504,500.0,0.0,20.0,20.0,0.0,0.0,4.950301761174213,55.45565663335435,109.11401065608983
PT0295,comorbid,55.325061907213794,0,24.281657884598822,90.54023684895739,642,4,15.474858416892072,11.703013092161745,149.33876181432285,89.55539996554506,1000.0,10.0,10.0,20.0,10.0,100.0,4.776572964680686,59.78336184877779,109.483187248471
PT0296,comorbid,63.87239251120555,1,35.94337415425644,107.77559519352141,0,0,11.893805137919504,8.89035113261777,186.8296752966328,100.52377070104004,500.0,10.0,0.0,0.0,10.0,0.0,3.6712211859044874,86.30590459559275,129.29240556623762
PT0296,comorbid,63.87239251120555,1,35.94337415425644,107.77559519352141,85,1,12.209915008811016,8.75935933873676,181.00351741525972,94.98809097892436,0.0,0.0,0.0,20.0,10.0,50.0,3.768793766053,86.01542643633536,123.65989979103615
PT0296,comorbid,63.87239251120555,1,35.94337415425644,107.77559519352141,253,2,12.144368265963465,9.433709512884091,181.72430179957487,96.8596499857498,2000.0,10.0,10.0,20.0,0.0,0.0,3.7485616714273893,84.86465181382508,125.14786725702483
PT0296,comorbid,63.87239251120555,1,35.94337415425644,107.77559519352141,352,3,11.54662727965167,8.758618777748776,179.53243453699977,91.71765022694731,1000.0,2.5,0.0,5.0,5.0,25.0,3.564058953652482,87.81478431005246,120.9892449969648
PT0296,comorbid,63.87239251120555,1,35.94337415425644,107.77559519352141,432,4,12.132119238204696,9.380425314306041,174.94269477372143,90.5337593213403,1000.0,2.5,10.0,5.0,5.0,100.0,3.744780804859183,84.40893545238113,118.67007113880068
PT0296,comorbid,63.87239251120555,1,35.94337415425644,107.77559519352141,557,5,12.300144024038222,9.566722009148966,169.9164261566567,95.05434438322565,500.0,2.5,0.0,0.0,5.0,50.0,3.796644455419798,74.86208177343106,120.008371641036
PT0296,comorbid,63.87239251120555,1,35.94337415425644,107.77559519352141,572,6,11.534870066013786,8.250939814465827,173.5898059740477,87.3956420669848,2000.0,0.0,0.0,10.0,0.0,25.0,3.5604298937095886,86.19416390706289,116.12703003600576
PT0296,comorbid,63.87239251120555,1,35.94337415425644,107.77559519352141,660,7,11.950153923367505,9.103700553396326,169.9566643138707,91.24329510742815,2000.0,2.5,10.0,0.0,10.0,0.0,3.688614177679437,78.71336920644255,117.481084842909
PT0297,comorbid,35.79988186774256,1,30.868664652585316,91.81652369245393,0,0,10.116894944429797,7.860041524261667,169.09535172845358,108.69486493589213,0.0,10.0,0.0,0.0,10.0,100.0,3.1227482395139976,60.40048679256145,128.82836053341262
PT0297,comorbid,35.79988186774256,1,30.868664652585316,91.81652369245393,99,1,9.027936032429126,7.276486097614252,159.06719478732586,108.03958092583282,1000.0,0.0,0.0,10.0,5.0,100.0,2.7866229220097907,51.02761386149304,125.0487855463305
PT0297,comorbid,35.79988186774256,1,30.868664652585316,91.81652369245393,453,2,9.033868369665,7.618705092351743,156.1179606323258,106.82813441947758,2000.0,0.0,10.0,20.0,0.0,0.0,2.7884540367699304,49.289826212848226,123.25807649042699
PT0297,comorbid,35.79988186774256,1,30.868664652585316,91.81652369245393,597,3,8.601510406924374,6.887953279931109,161.87605573277418,100.89720860489496,1000.0,2.5,0.0,20.0,0.0,25.0,2.65499954560399,60.97884712787922,121.22349098085469
PT0297,comorbid,35.79988186774256,1,30.868664652585316,91.81652369245393,636,4,7.913790481142009,6.877373395511593,155.56675892794436,102.98033925705862,2000.0,0.0,10.0,0.0,5.0,0.0,2.4427233285125003,52.586419670885746,120.50914581402053
PT0297,comorbid,35.79988186774256,1,30.868664652585316,91.81652369245393,704,5,7.875993886448795,6.95579839185598,156.77007905794437,98.62756941537363,1000.0,2.5,10.0,10.0,10.0,0.0,2.4310567796171947,58.142509642570744,118.00840596289721
PT0298,comorbid,43.49794729201218,0,36.913254296815545,67.18677731787494,0,0,13.976584481837241,10.564229669897825,156.00678117486234,92.93609964156055,1000.0,0.0,10.0,10.0,5.0,100.0,4.314105743393762,63.070681533301794,113.95966015266114
PT0298,comorbid,43.49794729201218,0,36.913254296815545,67.18677731787494,93,1,14.680836971548107,11.17741583559447,152.43973031582348,86.4379774299701,500.0,10.0,0.0,20.0,0.0,50.0,4.5314850118845165,66.00175288585338,108.43856172525456
PT0298,comorbid,43.49794729201218,0,36.913254296815545,67.18677731787494,113,2,14.751127475313142,11.163411999495509,154.4161070444829,89.25200486919465,2000.0,0.0,30.0,10.0,10.0,0.0,4.55318134737999,65.16410217528826,110.9733722609574
PT0298,comorbid,43.49794729201218,0,36.913254296815545,67.18677731787494,164,3,14.468946859447167,11.013709544938129,155.6556220528719,87.20780854088376,2000.0,2.5,0.0,5.0,10.0,100.0,4.466081597282693,68.44781351198814,110.02374637821315
PT0298,comorbid,43.49794729201218,0,36.913254296815545,67.18677731787494,380,4,15.348792861298746,11.836868979164452,140.3626879485509,86.65612523035244,2000.0,10.0,30.0,0.0,10.0,25.0,4.7376607298542135,53.706562718198455,104.55831280308526
PT0298,comorbid,43.49794729201218,0,36.913254296815545,67.18677731787494,669,5,14.845959859091145,11.098523932489774,141.8859534008661,86.74284028417081,0.0,5.0,0.0,20.0,5.0,100.0,4.5824529431728,55.14311311669529,105.1238779897359
PT0299,comorbid,72.1596818844973,1,26.730775025069754,109.36527993194402,0,0,9.570553252318874,7.706200756480973,166.40222324304025,99.66341534683764,0.0,5.0,0.0,5.0,5.0,0.0,2.9541107705490925,66.73880789620262,121.90968464557184
PT0299,comorbid,72.1596818844973,1,26.730775025069754,109.36527993194402,153,1,9.392046699142696,7.556045203529121,168.68088071013725,99.42643671325243,500.0,0.0,30.0,20.0,10.0,0.0,2.899011747802046,69.25444399688482,122.5112513788807
PT0299,comorbid,72.1596818844973,1,26.730775025069754,109.36527993194402,348,2,10.163304148827262,8.360903299204304,166.02917151060004,97.72773903030134,500.0,5.0,0.0,5.0,5.0,50.0,3.1370732139380153,68.3014324802987,120.4948831904009
PT0299,comorbid,72.1596818844973,1,26.730775025069754,109.36527993194402,385,3,10.614267428605627,7.958627866673489,169.2106364189084,91.389031385517,0.0,0.0,10.0,5.0,10.0,25.0,3.2762705462962702,77.82160503339139,117.32956639664746
PT0299,comorbid,72.1596818844973,1,26.730775025069754,109.36527993194402,387,4,10.769481282519495,8.170973841957132,169.3697105437421,92.50647016835217,1000.0,5.0,30.0,0.0,0.0,0.0,3.324179889204351,76.86324037538992,118.12755029348214
PT0299,comorbid,72.1596818844973,1,26.730775025069754,109.36527993194402,449,5,10.852820810396098,8.038416795949649,161.22209744836974,95.53504797643666,2000.0,5.0,0.0,20.0,0.0,0.0,3.349904023475596,65.68704947193308,117.43073113374768
PT0299,comorbid,72.1596818844973,1,26.730775025069754,109.36527993194402,673,6,9.542507995742763,8.309660254204017,163.64734621286328,89.72592087448588,2000.0,0.0,0.0,20.0,10.0,0.0,2.9454541346859333,73.9214253383774,114.36639598727835
PT0300,comorbid,72.17832739095473,1,38.45400307471253,69.6497384795989,0,0,13.864446720349322,10.505445087513369,161.91311335772,87.94686142444989,0.0,0.0,0.0,5.0,0.0,0.0,4.279492554347825,73.9662519332701,112.60227873553993
PT0300,comorbid,72.17832739095473,1,38.45400307471253,69.6497384795989,136,1,13.945053822024065,10.201073804443872,161.43897449747044,89.19812482973063,0.0,2.5,0.0,0.0,10.0,50.0,4.304373279731428,72.24084966773981,113.27840805231057
PT0300,comorbid,72.17832739095473,1,38.45400307471253,69.6497384795989,250,2,13.556702854346433,10.335968427853519,150.88227136556657,84.57448230538557,1000.0,5.0,20.0,5.0,0.0,100.0,4.184502281041599,66.307789060181,106.67707865877924
PT0300,comorbid,72.17832739095473,1,38.45400307471253,69.6497384795989,529,3,13.511586457140528,9.884221478726907,162.58411545806055,83.67690183798058,2000.0,2.5,30.0,0.0,0.0,0.0,4.170576353104043,78.90721362007997,109.97930637800724
PT0300,comorbid,72.17832739095473,1,38.45400307471253,69.6497384795989,571,4,13.256772969713168,10.495056794493815,161.57963667043666,84.24912539729635,2000.0,0.0,0.0,0.0,0.0,0.0,4.091923923318132,77.3305112731403,110.02596248834313
PT0300,comorbid,72.17832739095473,1,38.45400307471253,69.6497384795989,585,5,12.514476048721798,9.441278833234502,161.45299577205878,83.83670626236429,1000.0,0.0,0.0,20.0,0.0,0.0,3.862801607038795,77.6162895096945,109.70880276559579
PT0301,comorbid,45.5542616871736,1,27.96627997685338,106.18071331843393,0,0,10.918382325278102,8.193797450573243,165.35668274357096,94.29675028813388,1000.0,0.0,0.0,20.0,5.0,0.0,3.370140677735841,71.05993245543708,117.98339443994624
PT0301,comorbid,45.5542616871736,1,27.96627997685338,106.18071331843393,185,1,10.611244056810373,8.134839070731118,162.2772453955249,99.8530213274008,2000.0,5.0,30.0,0.0,10.0,0.0,3.275337332202135,62.42422406812409,120.66109601677549
PT0301,comorbid,45.5542616871736,1,27.96627997685338,106.18071331843393,232,2,9.60167588245203,7.6005037264359885,162.11277830148003,92.96002960837637,1000.0,0.0,30.0,10.0,10.0,0.0,2.9637172890501935,69.15274869310366,116.01094583941092
PT0301,comorbid,45.5542616871736,1,27.96627997685338,106.18071331843393,517,3,10.556937546575677,8.716710884543277,152.96644916369624,89.66149705068041,1000.0,0.0,0.0,0.0,5.0,0.0,3.2585747227096924,63.30495211301583,110.76314775501902
PT0301,comorbid,45.5542616871736,1,27.96627997685338,106.18071331843393,568,4,10.764239887466694,7.808688044896057,156.87567851129572,91.80240069277839,2000.0,10.0,0.0,0.0,0.0,25.0,3.3225620452647195,65.07327781851733,113.49349329895084
PT0302,comorbid,36.367520534493806,0,34.076166859061786,59.59886250128085,0,0,11.854870537050955,8.576000377829251,156.46816968685494,101.31389316000724,2000.0,2.5,0.0,10.0,10.0,0.0,3.659203372436395,55.154276526847696,119.6986520022898
PT0302,comorbid,36.367520534493806,0,34.076166859061786,59.59886250128085,375,1,12.649596916522666,10.179706862756461,157.6844560030937,100.936272983118,1000.0,0.0,0.0,0.0,10.0,100.0,3.9045089148999965,56.748183019975684,119.85233398977657
PT0302,comorbid,36.367520534493806,0,34.076166859061786,59.59886250128085,468,2,14.270829190788817,11.311734648146567,155.4858206402729,98.02333485908656,0.0,10.0,0.0,20.0,0.0,0.0,4.404929276890148,57.46248578118633,117.17749678614867
PT0302,comorbid,36.367520534493806,0,34.076166859061786,59.59886250128085,712,3,13.521252408696714,10.132881811506827,148.3077049335513,97.4955972111995,1000.0,10.0,10.0,5.0,0.0,50.0,4.173559910151052,50.8121077223518,114.43296645198343
PT0303,comorbid,37.430028794532085,1,30.82187515392892,49.45265212970429,0,0,13.481521577618603,9.859080137802376,167.0766141673755,95.59098932911174,1000.0,5.0,20.0,5.0,10.0,25.0,4.161296326958276,71.48562483826377,119.41953094186633
PT0303,comorbid,37.430028794532085,1,30.82187515392892,49.45265212970429,388,1,14.407135906085593,10.267716056362513,164.51291288208816,97.34869320781628,1000.0,10.0,0.0,10.0,5.0,25.0,4.447002616345086,67.16421967427188,119.73676643257357
PT0303,comorbid,37.430028794532085,1,30.82187515392892,49.45265212970429,404,2,13.635753683544175,10.297074731511243,158.08490475933536,94.47928069735319,500.0,10.0,0.0,5.0,5.0,0.0,4.208902636987302,63.60562406198217,115.68115538468058
PT0303,comorbid,37.430028794532085,1,30.82187515392892,49.45265212970429,575,3,13.45727359615629,10.146472911365269,161.53134635477835,96.18529135599212,2000.0,5.0,0.0,0.0,10.0,100.0,4.153811783346908,65.34605499878623,117.96730968892086
PT0303,comorbid,37.430028794532085,1,30.82187515392892,49.45265212970429,712,4,13.939156928085703,10.277604692495215,161.68868910224768,96.09848928306882,1000.0,0.0,0.0,0.0,10.0,25.0,4.302553105135787,65.59019981917886,117.96188922279511
PT0304,comorbid,48.142848741929875,1,23.215080073463934,64.89733422897322,0,0,14.432199602745333,11.20097390204731,180.87488546489584,99.54923742845732,2000.0,5.0,10.0,10.0,5.0,0.0,4.454738944047393,81.32564803643852,126.65778677393682
PT0304,comorbid,48.142848741929875,1,23.215080073463934,64.89733422897322,119,1,14.201554656490403,10.307964804594484,177.51124241043584,95.24911147720701,1000.0,5.0,0.0,10.0,10.0,0.0,4.383546537303371,82.26213093322883,122.66982178828329
PT0304,comorbid,48.142848741929875,1,23.215080073463934,64.89733422897322,392,2,14.268067595130528,10.858706108143103,174.76977837745977,94.78826748301194,500.0,2.5,20.0,5.0,10.0,50.0,4.404076864363623,79.98151089444784,121.44877111449455
PT0304,comorbid,48.142848741929875,1,23.215080073463934,64.89733422897322,654,3,14.373706445270889,11.194783741683139,171.03229293183637,96.30248652918202,2000.0,5.0,0.0,0.0,5.0,0.0,4.436684056106948,74.72980640265435,121.21242199673347
PT0305,comorbid,63.61371887415104,0,38.88951915212132,82.97613908564085,0,0,8.545287535048248,7.0795983746244895,171.96134630835857,101.93198284550265,1000.0,0.0,20.0,5.0,10.0,50.0,2.6376454191515593,70.02936346285593,125.27510399978796
PT0305,comorbid,63.61371887415104,0,38.88951915212132,82.97613908564085,353,1,9.387630250941312,7.427483317895991,170.54279035185297,100.64139339187003,1000.0,2.5,0.0,0.0,10.0,50.0,2.8976485374572185,69.90139695998295,123.94185904519767
PT0305,comorbid,63.61371887415104,0,38.88951915212132,82.97613908564085,363,2,9.22548719651559,7.188184922216584,167.53449733121354,99.05041355724825,2000.0,2.5,0.0,0.0,0.0,25.0,2.847600381324479,68.4840837739653,121.87844148190335
PT0305,comorbid,63.61371887415104,0,38.88951915212132,82.97613908564085,567,3,8.777206616339969,7.55360990117342,159.22096874307087,92.83929200599725,1000.0,5.0,0.0,20.0,10.0,100.0,2.7092311089102705,66.38167673707362,114.96651758502179
PT0305,comorbid,63.61371887415104,0,38.88951915212132,82.97613908564085,654,4,8.591331964073204,7.633864618550418,158.3822411790076,91.68052298853887,1000.0,0.0,0.0,0.0,10.0,0.0,2.6518577995772623,66.70171819046872,113.91442905202844
PT0306,comorbid,49.702292193149,1,32.00624343707369,90.21704231214899,0,0,10.952826353357453,8.033110597791929,159.5439025727439,97.6100437239121,2000.0,0.0,0.0,10.0,10.0,0.0,3.3807724010696676,61.93385884883179,118.25466334018937
PT0306,comorbid,49.702292193149,1,32.00624343707369,90.21704231214899,200,1,11.423489319616507,8.781156079966705,149.81508669589505,94.16926457616056,500.0,0.0,0.0,0.0,0.0,100.0,3.5260503699882957,55.64582211973449,112.71787194940539
PT0306,comorbid,49.702292193149,1,32.00624343707369,90.21704231214899,350,2,11.2248452403578,8.391034455064723,150.10539049232037,94.86540033519964,500.0,0.0,30.0,5.0,0.0,0.0,3.4647355641904407,55.23999015712073,113.27873038757322
PT0306,comorbid,49.702292193149,1,32.00624343707369,90.21704231214899,365,3,11.132725671019482,8.848394734244392,150.35281559734108,91.40132206396959,1000.0,2.5,20.0,10.0,5.0,100.0,3.4363013237880136,58.95149353337149,111.05181990842675
PT0306,comorbid,49.702292193149,1,32.00624343707369,90.21704231214899,425,4,12.392406112375896,9.094797281442602,150.56240147379953,92.63318816960118,1000.0,2.5,20.0,20.0,0.0,0.0,3.8251226866866936,57.92921330419834,111.9429259376673
PT0306,comorbid,49.702292193149,1,32.00624343707369,90.21704231214899,484,5,11.484664663741173,8.679454154088598,141.79460094312574,91.0854410646661,500.0,5.0,20.0,0.0,0.0,0.0,3.544933159541442,50.709159878459644,107.98849435748598
PT0306,comorbid,49.702292193149,1,32.00624343707369,90.21704231214899,511,6,11.588919443997064,8.858074022323766,145.1636677470468,92.92902085756606,2000.0,2.5,0.0,20.0,10.0,0.0,3.577113135047094,52.23464688948073,110.3405698207263
PT0306,comorbid,49.702292193149,1,32.00624343707369,90.21704231214899,580,7,10.685037488085833,8.550058604049017,137.27744452249354,87.59678667558558,2000.0,0.0,10.0,20.0,0.0,0.0,3.2981149046558267,49.68065784690796,104.15700595788823
PT0307,comorbid,37.756854063177265,0,22.953623466667313,79.34721467820576,0,0,9.95789545706092,7.867913477734103,177.34387236459597,99.49160716959194,1000.0,5.0,10.0,0.0,10.0,0.0,3.073670397746137,77.85226519500402,125.44236223459329
PT0307,comorbid,37.756854063177265,0,22.953623466667313,79.34721467820576,141,1,8.931846981871116,6.670287435950008,171.7545159599159,93.05708817017353,1000.0,5.0,10.0,20.0,0.0,0.0,2.7569634350708845,78.69742778974236,119.28956410008765
PT0307,comorbid,37.756854063177265,0,22.953623466667313,79.34721467820576,242,2,8.947524095069154,7.012497450876935,166.66795883983372,96.27123078385027,1000.0,10.0,20.0,10.0,0.0,50.0,2.761802437344679,70.39672805598344,119.73680680251142
PT0307,comorbid,37.756854063177265,0,22.953623466667313,79.34721467820576,378,3,7.8175351352159606,6.660223344108206,166.3450201539155,95.7901025163993,500.0,0.0,0.0,0.0,5.0,25.0,2.41301251173666,70.5549176375162,119.30840839557136
PT0307,comorbid,37.756854063177265,0,22.953623466667313,79.34721467820576,416,4,9.39768022248309,7.766268876700175,171.15634905029276,94.10091218951632,1000.0,0.0,0.0,20.0,0.0,0.0,2.9007506286731144,77.05543686077644,119.78605780977513
PT0307,comorbid,37.756854063177265,0,22.953623466667313,79.34721467820576,521,5,8.904463573030071,7.1210375349367325,158.0751581520487,92.23246453468883,1000.0,0.0,30.0,20.0,0.0,25.0,2.7485110895419487,65.84269361735986,114.18002907380878
PT0308,comorbid,50.65784952809679,1,34.27971331756857,58.87428676426545,0,0,14.462217106478048,10.696511270221778,172.11267331947485,94.78873054791967,1000.0,2.5,0.0,10.0,0.0,0.0,4.464004346866225,77.32394277155518,120.56337813843807
PT0308,comorbid,50.65784952809679,1,34.27971331756857,58.87428676426545,227,1,14.78845727517256,10.248434216355676,169.7390571509595,89.45651392921202,2000.0,5.0,0.0,10.0,0.0,50.0,4.56470381226993,80.28254322174747,116.21736166979451
PT0308,comorbid,50.65784952809679,1,34.27971331756857,58.87428676426545,235,2,14.28990431396015,11.056008903066534,166.32585724558373,91.39404217315794,2000.0,0.0,20.0,10.0,5.0,0.0,4.4108171315757,74.93181507242579,116.37131386396653
PT0308,comorbid,50.65784952809679,1,34.27971331756857,58.87428676426545,288,3,14.69385643839466,10.92145089874039,173.08061472498952,87.56619885377252,1000.0,0.0,0.0,0.0,0.0,25.0,4.535503687317818,85.514415871217,116.07100414417819
PT0308,comorbid,50.65784952809679,1,34.27971331756857,58.87428676426545,412,4,14.571603090030521,10.635198807888868,168.47176674062786,86.6332825670949,2000.0,2.5,0.0,5.0,0.0,0.0,4.497768153789421,81.83848417353296,113.91277729160588
PT0308,comorbid,50.65784952809679,1,34.27971331756857,58.87428676426545,572,5,14.015560190666863,10.493233723412418,169.92698615389878,85.4998954714258,0.0,0.0,30.0,0.0,10.0,0.0,4.326136245519171,84.42709068247298,113.64225903225012
PT0309,comorbid,62.56440264208982,0,31.663647689680886,82.51549619236684,0,0,9.334052699185825,7.643478671549494,159.25376577595023,103.2265813676522,1000.0,2.5,30.0,0.0,5.0,0.0,2.8811109331486913,56.02718440829803,121.90230950375154
PT0309,comorbid,62.56440264208982,0,31.663647689680886,82.51549619236684,304,1,10.367981563745627,7.311323722142954,156.3441277809823,104.58521376744234,1000.0,2.5,0.0,10.0,10.0,0.0,3.2002503093428167,51.75891401353995,121.83818510528899
PT0309,comorbid,62.56440264208982,0,31.663647689680886,82.51549619236684,411,2,9.823833294212964,7.698049904664727,154.35258058095764,101.22918800259092,1000.0,5.0,0.0,0.0,5.0,0.0,3.032289876813735,53.12339257836672,118.93698552871315
PT0309,comorbid,62.56440264208982,0,31.663647689680886,82.51549619236684,439,3,9.281662374082863,7.712991150502481,149.70754873889067,103.7594627507441,1000.0,5.0,0.0,20.0,0.0,0.0,2.8649397861335775,45.94808598814656,119.07549141345963
PT0309,comorbid,62.56440264208982,0,31.663647689680886,82.51549619236684,554,4,9.518490333745497,7.277503467568325,143.56385897118986,101.5667613832672,2000.0,2.5,10.0,5.0,10.0,0.0,2.9380406830161103,41.99709758792265,115.56579391257476
PT0309,comorbid,62.56440264208982,0,31.663647689680886,82.51549619236684,587,5,9.472564090774055,7.705340789415145,147.19630894051724,101.41450054509411,1000.0,0.0,0.0,10.0,0.0,25.0,2.923864782685592,45.78180839542313,116.6751033435685
PT0309,comorbid,62.56440264208982,0,31.663647689680886,82.51549619236684,605,6,9.547694238605125,7.571476083437998,140.7027095037766,96.4092469588138,2000.0,10.0,0.0,10.0,5.0,25.0,2.9470549549827822,44.29346254496279,111.17373447380139
PT0309,comorbid,62.56440264208982,0,31.663647689680886,82.51549619236684,649,7,9.859027202653376,8.182157607806635,136.90329427091942,101.39778893751632,1000.0,10.0,0.0,0.0,5.0,0.0,3.0431530632190085,35.50550533340309,113.23295738198402
PT0310,comorbid,51.10691082543278,0,38.92439954056633,76.12959797351112,0,0,10.435815650325269,8.491034872911383,163.54988927640144,97.9724380737703,500.0,5.0,0.0,5.0,10.0,100.0,3.2211884307337333,65.57745120263114,119.83158847464735
PT0310,comorbid,51.10691082543278,0,38.92439954056633,76.12959797351112,379,1,9.835772446932275,7.493574418727288,155.66526432548412,90.89252790502701,1000.0,2.5,20.0,20.0,5.0,25.0,3.035975095286429,64.77273642045711,112.48344004517938
PT0310,comorbid,51.10691082543278,0,38.92439954056633,76.12959797351112,674,2,10.976645825789564,8.230433258642885,158.56831356037458,90.07093390874694,2000.0,0.0,0.0,10.0,5.0,100.0,3.3881246782270455,68.49737965162764,112.90339379262282
PT0310,comorbid,51.10691082543278,0,38.92439954056633,76.12959797351112,706,3,10.731427247602221,8.084956912785906,155.68275728420707,91.57465083194134,1000.0,2.5,20.0,0.0,10.0,0.0,3.312433877093219,64.10810645226573,112.94401964936326
PT0311,comorbid,52.52924552987683,0,22.522475079027707,48.06901667248636,0,0,10.371721378938291,8.526229487625193,171.41120161505614,94.70235249060995,0.0,2.5,0.0,0.0,10.0,50.0,3.2014046656322863,76.70884912444619,120.27196886542535
PT0311,comorbid,52.52924552987683,0,22.522475079027707,48.06901667248636,71,1,10.83061849583476,8.437489190130913,169.77446561573174,96.70452808271939,2000.0,0.0,0.0,0.0,10.0,50.0,3.3430509090476623,73.06993753301235,121.06117392705684
PT0311,comorbid,52.52924552987683,0,22.522475079027707,48.06901667248636,184,2,11.82968713043306,9.17531143822348,166.5995290867669,88.26127836411375,500.0,0.0,0.0,10.0,0.0,25.0,3.6514300942603377,78.33825072265314,114.37402860499813
PT0311,comorbid,52.52924552987683,0,22.522475079027707,48.06901667248636,236,3,10.859010010022196,8.48777153392772,169.86961378076938,92.63375986147113,500.0,5.0,0.0,5.0,0.0,0.0,3.351814423093518,77.23585391929825,118.37904450123722
PT0311,comorbid,52.52924552987683,0,22.522475079027707,48.06901667248636,394,4,10.418350772635526,8.82097038290692,170.21845799311419,89.92041255746098,0.0,0.0,20.0,20.0,0.0,0.0,3.215797605153499,80.29804543565321,116.68642770267871
PT0311,comorbid,52.52924552987683,0,22.522475079027707,48.06901667248636,411,5,10.968129719426662,8.058522275103538,169.07768905807487,92.87545236004193,0.0,0.0,0.0,10.0,5.0,25.0,3.38549604006303,76.20223669803293,118.27619792605292
PT0311,comorbid,52.52924552987683,0,22.522475079027707,48.06901667248636,663,6,11.228632114761083,8.962786866202212,166.2254059946119,89.2233019704313,1000.0,5.0,0.0,20.0,5.0,0.0,3.4659044460895876,77.0021040241806,114.89066997849149
PT0311,comorbid,52.52924552987683,0,22.522475079027707,48.06901667248636,685,7,11.88962528571478,9.223638091492605,164.07039935540683,91.883515451309,1000.0,2.5,0.0,20.0,0.0,25.0,3.6699310048572955,72.18688390409784,115.94581008600828
PT0312,comorbid,68.98124148365628,1,25.215749178293628,85.7225702986984,0,0,13.14200739599587,9.492229437906719,171.1868691405268,106.75525249762751,2000.0,2.5,20.0,10.0,0.0,0.0,4.056499616230726,64.43161664289929,128.2324580452606
PT0312,comorbid,68.98124148365628,1,25.215749178293628,85.7225702986984,190,1,12.591992143522514,9.27740205301164,162.93109258274657,101.90247549247741,2000.0,0.0,30.0,5.0,10.0,0.0,3.88672824163395,61.028617090269165,122.24534785590046
PT0312,comorbid,68.98124148365628,1,25.215749178293628,85.7225702986984,387,2,12.711924377311426,9.560864278799126,166.1482164210238,101.72969350801772,500.0,0.0,30.0,20.0,10.0,0.0,3.9237473244634606,64.41852291300607,123.20253447901975
PT0312,comorbid,68.98124148365628,1,25.215749178293628,85.7225702986984,392,3,13.469897579339944,9.527435909392121,161.6032664319104,105.2339627268561,1000.0,0.0,0.0,5.0,5.0,0.0,4.157708386156263,56.36930370505431,124.02373062854087
PT0312,comorbid,68.98124148365628,1,25.215749178293628,85.7225702986984,552,4,13.779695164413917,9.656652072270917,161.55427064406936,98.39313362062227,1000.0,5.0,0.0,20.0,5.0,25.0,4.25333257408243,63.1611370234471,119.4468459617713
PT0312,comorbid,68.98124148365628,1,25.215749178293628,85.7225702986984,599,5,13.208455609585307,10.410035951580733,159.9657557847695,105.72354630033146,500.0,5.0,20.0,10.0,0.0,0.0,4.077009964825332,54.242209484438035,123.80428279514415
PT0313,comorbid,51.79952643762087,0,26.290224863714336,61.30145833845318,0,0,10.331096841996247,8.718027378780599,166.87074405251667,101.56475468134647,0.0,5.0,0.0,0.0,5.0,0.0,3.1888652252295087,65.3059893711702,123.33341780506987
PT0313,comorbid,51.79952643762087,0,26.290224863714336,61.30145833845318,146,1,10.459846505673566,8.013856491616176,169.30382080069688,101.12330777145719,500.0,5.0,10.0,10.0,0.0,50.0,3.228605954751241,68.18051302923969,123.85014544787042
PT0313,comorbid,51.79952643762087,0,26.290224863714336,61.30145833845318,239,2,10.19820597235712,8.172305313683562,171.95836884053438,99.8720257318658,2000.0,0.0,30.0,10.0,10.0,50.0,3.1478462434675647,72.08634310866857,123.90080676808866
PT0313,comorbid,51.79952643762087,0,26.290224863714336,61.30145833845318,243,3,9.561723539631798,7.854584606935585,164.69587582535513,97.18119604352175,1000.0,5.0,20.0,10.0,0.0,0.0,2.9513853325663484,67.51467978183338,119.68608930413288
PT0313,comorbid,51.79952643762087,0,26.290224863714336,61.30145833845318,470,4,8.948409123649867,7.2842212285900025,165.5798227151743,100.45872470170691,500.0,2.5,20.0,0.0,5.0,0.0,2.7620756161665923,65.12109801346737,122.1657573728627
PT0313,comorbid,51.79952643762087,0,26.290224863714336,61.30145833845318,620,5,9.443955206831957,7.4798140601669685,165.09997037005488,100.8072298239001,2000.0,2.5,0.0,20.0,0.0,50.0,2.915034173842131,64.29274054615477,122.23814333928503
PT0313,comorbid,51.79952643762087,0,26.290224863714336,61.30145833845318,649,6,9.469393373660624,7.76021073014743,154.96639786676315,89.79326771526786,0.0,0.0,0.0,10.0,0.0,0.0,2.9228860880032466,65.17313015149529,111.51764443243296
PT0313,comorbid,51.79952643762087,0,26.290224863714336,61.30145833845318,674,7,10.315696955574055,8.274126061559308,156.79409761094539,96.35691615515255,1000.0,5.0,0.0,10.0,0.0,0.0,3.184111793620525,60.43718145579284,116.50264330708349
PT0314,comorbid,62.02130639611447,1,24.74377441914544,67.5270895077687,0,0,13.64390441287575,10.167256360619767,162.51012551846355,107.54872419199813,500.0,0.0,0.0,0.0,10.0,25.0,4.211418495440982,54.96140132646542,125.86919130081994
PT0314,comorbid,62.02130639611447,1,24.74377441914544,67.5270895077687,143,1,15.434456185115474,11.378329013099961,168.23541453938878,105.77500219990749,1000.0,5.0,10.0,5.0,10.0,0.0,4.76410214247231,62.460412339481294,126.59513964640125
PT0314,comorbid,62.02130639611447,1,24.74377441914544,67.5270895077687,202,2,15.57840116957169,11.569388052152421,164.6532274944697,106.10370532230674,2000.0,0.0,0.0,0.0,5.0,25.0,4.808533161007795,58.54952217216295,125.62021271302773
PT0314,comorbid,62.02130639611447,1,24.74377441914544,67.5270895077687,364,3,14.286684101964934,10.59300812804676,161.3003620510737,104.63304907584444,1000.0,0.0,10.0,5.0,10.0,25.0,4.409823159473176,56.667312975229265,123.52215340092086
PT0314,comorbid,62.02130639611447,1,24.74377441914544,67.5270895077687,413,4,15.334458316256994,11.533276110371105,158.8122139059162,106.99235118371878,1000.0,0.0,0.0,5.0,0.0,0.0,4.733236133617992,51.81986272219741,124.26563875778459
PT0314,comorbid,62.02130639611447,1,24.74377441914544,67.5270895077687,538,5,15.288835254187106,10.907320389948524,156.84960240928638,106.46018682849193,500.0,10.0,0.0,0.0,5.0,0.0,4.719153815125753,50.38941558079445,123.25665868875674
PT0314,comorbid,62.02130639611447,1,24.74377441914544,67.5270895077687,654,6,14.816205151877503,10.711923566804145,161.203983819078,103.94249627068345,1000.0,0.0,20.0,5.0,0.0,25.0,4.573268656879523,57.26148754839454,123.02965878681496
PT0314,comorbid,62.02130639611447,1,24.74377441914544,67.5270895077687,661,7,14.688016541268706,11.038141148229782,162.21783836247127,106.22358499177014,2000.0,5.0,0.0,10.0,0.0,50.0,4.533701105738274,55.99425337070113,124.88833611533718
PT0315,comorbid,68.94431071445713,0,25.242061993944837,90.58326073041403,0,0,10.450769286717646,8.049869701056966,174.30736295899652,102.88817085100678,500.0,0.0,30.0,10.0,5.0,25.0,3.225804119833514,71.41919210798974,126.69456822033669
PT0315,comorbid,68.94431071445713,0,25.242061993944837,90.58326073041403,58,1,11.627753045659318,8.913298592835183,171.73530783822108,96.70377941054348,1000.0,5.0,10.0,20.0,10.0,0.0,3.589099773426843,75.0315284276776,121.71428888643601
PT0315,comorbid,68.94431071445713,0,25.242061993944837,90.58326073041403,97,2,10.984760601172715,9.137487421386982,177.1844859853719,95.66943584970312,500.0,0.0,0.0,20.0,0.0,50.0,3.3906294388953118,81.51505013566879,122.84111922825939
PT0315,comorbid,68.94431071445713,0,25.242061993944837,90.58326073041403,273,3,12.011359380807955,9.575022666179578,175.28822359966188,92.65351137436721,1000.0,2.5,10.0,0.0,0.0,50.0,3.7075062622093884,82.63471222529466,120.19841544946543
PT0315,comorbid,68.94431071445713,0,25.242061993944837,90.58326073041403,472,4,11.458836025741249,8.801113832175027,169.97357356850918,91.90748032194266,1000.0,0.0,0.0,0.0,10.0,100.0,3.5369607199454656,78.06609324656652,117.9295114041315
PT0315,comorbid,68.94431071445713,0,25.242061993944837,90.58326073041403,673,5,11.599672295674374,9.431092697133103,165.68324801513018,87.13424720431854,1000.0,0.0,0.0,20.0,5.0,0.0,3.58043218193149,78.54900081081163,113.31724747458908
PT0315,comorbid,68.94431071445713,0,25.242061993944837,90.58326073041403,714,6,11.400677122927565,8.434054891832252,164.28894050228496,89.37896412245547,1000.0,0.0,0.0,0.0,10.0,25.0,3.5190090052769754,74.90997637982949,114.3489562490653
PT0316,comorbid,36.446840661392386,0,22.759483482130243,106.00508985915445,0,0,16.255010273945153,11.719092257803684,148.59927105789095,100.84634303699596,0.0,2.5,10.0,10.0,0.0,100.0,5.017379837891071,47.752928020894984,116.76398571062762
PT0316,comorbid,36.446840661392386,0,22.759483482130243,106.00508985915445,158,1,15.638335317427721,11.233547262578263,143.60375514443695,105.27380608655663,2000.0,2.5,30.0,0.0,10.0,0.0,4.827032834646023,38.32994905788031,118.05045577251674
PT0316,comorbid,36.446840661392386,0,22.759483482130243,106.00508985915445,173,2,16.040745142991035,11.521637175825475,150.41545251781923,97.79561890766793,2000.0,10.0,0.0,5.0,10.0,0.0,4.951243334136566,52.619833610151304,115.33556344438503
PT0316,comorbid,36.446840661392386,0,22.759483482130243,106.00508985915445,233,3,15.286018526656076,11.47693689305619,139.39042469307788,98.05285270928859,1000.0,10.0,0.0,0.0,5.0,0.0,4.718284385227842,41.33757198378929,111.83204337055169
PT0316,comorbid,36.446840661392386,0,22.759483482130243,106.00508985915445,472,4,15.39269001656189,11.076225762710875,153.9689539757841,101.14567009583475,0.0,2.5,0.0,10.0,5.0,50.0,4.751210318445437,52.82328387994936,118.7534313891512
PT0316,comorbid,36.446840661392386,0,22.759483482130243,106.00508985915445,589,5,15.526895541439911,11.489541629481836,148.42031791482785,94.98321765042994,1000.0,0.0,0.0,10.0,10.0,25.0,4.792635090457786,53.43710026439791,112.79558440522923
PT0316,comorbid,36.446840661392386,0,22.759483482130243,106.00508985915445,590,6,15.044411358134516,11.25614435890261,150.16113832657544,91.3413634935302,1000.0,0.0,30.0,0.0,10.0,0.0,4.643708305877521,58.819774833045244,110.94795510454527
PT0317,comorbid,48.3053506739691,0,23.839004640497055,107.28950098161718,0,0,13.929163870869813,10.627222779062464,179.113169414736,107.0756455272206,500.0,2.5,30.0,10.0,10.0,0.0,4.299468581475149,72.0375238875154,131.08815348972573
PT0317,comorbid,48.3053506739691,0,23.839004640497055,107.28950098161718,236,1,13.14444022450991,10.074187180708638,172.21266083607114,106.03977888987721,1000.0,5.0,20.0,5.0,0.0,100.0,4.057250549298726,66.17288194619393,128.09740620527518
PT0317,comorbid,48.3053506739691,0,23.839004640497055,107.28950098161718,258,2,14.45333762255825,10.970900384553888,174.63598464682715,105.3378848944708,1000.0,0.0,0.0,0.0,5.0,25.0,4.46126354616298,69.29809975235635,128.4372514785896
PT0317,comorbid,48.3053506739691,0,23.839004640497055,107.28950098161718,290,3,14.444668755048868,10.516923508857209,174.17006417222674,108.05064525322804,2000.0,5.0,0.0,0.0,0.0,100.0,4.458587755725084,66.1194189189987,130.09045155956093
PT0317,comorbid,48.3053506739691,0,23.839004640497055,107.28950098161718,332,4,14.038404092061796,9.988222890360488,175.26386746752056,109.07976540427457,500.0,0.0,0.0,20.0,0.0,0.0,4.333187396416408,66.18410206324599,131.1411327586899
PT0317,comorbid,48.3053506739691,0,23.839004640497055,107.28950098161718,434,5,14.538097698134209,10.775191062140495,168.32743306137726,108.6583462122959,500.0,5.0,0.0,5.0,10.0,0.0,4.487426156157426,59.66908684908137,128.54804182865635
PT0317,comorbid,48.3053506739691,0,23.839004640497055,107.28950098161718,629,6,13.455453952281081,10.224963115752463,172.15939793418164,109.41109549272221,1000.0,10.0,10.0,5.0,5.0,0.0,4.153250119937427,62.74830244145943,130.32719630654202
PT0317,comorbid,48.3053506739691,0,23.839004640497055,107.28950098161718,696,7,14.353688198829635,10.977483864372529,170.40029801586934,104.57520622234433,500.0,2.5,0.0,0.0,5.0,50.0,4.430505090705414,65.825091793525,126.51690348685267
PT0318,comorbid,47.06073636406134,0,24.50976464811751,93.73541506633913,0,0,10.003908595411483,7.4445390894023316,180.20238704831957,100.66144588806547,2000.0,0.0,0.0,20.0,10.0,0.0,3.0878731197836777,79.54094116025409,127.1750929414835
PT0318,comorbid,47.06073636406134,0,24.50976464811751,93.73541506633913,484,1,10.76880494608701,8.705229548759451,173.8898752908116,97.44597181986043,2000.0,2.5,10.0,10.0,5.0,50.0,3.3239711266921907,76.44390347095117,122.92727297684415
PT0318,comorbid,47.06073636406134,0,24.50976464811751,93.73541506633913,484,2,9.965821991514241,7.778118443378815,169.88615850822868,95.35693506865714,500.0,2.5,0.0,0.0,10.0,50.0,3.0761170547140626,74.52922343957154,120.20000954851432
PT0318,comorbid,47.06073636406134,0,24.50976464811751,93.73541506633913,533,3,10.17397154863454,7.739036552763404,171.55244688679005,98.59814387666813,2000.0,2.5,0.0,10.0,10.0,50.0,3.1403658846785283,72.95430301012192,122.9162448800421
PT0318,comorbid,47.06073636406134,0,24.50976464811751,93.73541506633913,578,4,10.359008161324955,8.345155675973059,163.23908742268813,97.06550832404835,500.0,2.5,30.0,20.0,10.0,50.0,3.1974805191289692,66.17357909863978,119.12336802359495
PT0318,comorbid,47.06073636406134,0,24.50976464811751,93.73541506633913,581,5,11.0014491400147,8.520901895468336,169.71564564812968,87.7127053887084,1000.0,5.0,20.0,10.0,10.0,50.0,3.395780634551204,82.00294025942128,115.04701880851549
PT0318,comorbid,47.06073636406134,0,24.50976464811751,93.73541506633913,657,6,11.19421970046396,9.256805010085206,167.33905517633417,92.60421185325426,1000.0,0.0,10.0,0.0,0.0,0.0,3.455282480876542,74.73484332307991,117.5158262942809
PT0318,comorbid,47.06073636406134,0,24.50976464811751,93.73541506633913,701,7,9.94121659478144,7.791979472585749,160.81849835387277,87.60454931134946,1000.0,0.0,20.0,20.0,10.0,0.0,3.0685221889225383,73.21394904252331,112.00919899219056
PT0319,comorbid,41.407825306175724,1,26.878574448044006,101.36584049323679,0,0,10.417419609583638,8.41682212388804,167.68750280666845,108.64932973441378,2000.0,5.0,0.0,0.0,10.0,100.0,3.2155101861581494,59.038173072254665,128.32872075849866
PT0319,comorbid,41.407825306175724,1,26.878574448044006,101.36584049323679,301,1,10.70064788243368,8.122468145465696,173.32743459082226,104.71371818192522,1000.0,0.0,0.0,20.0,5.0,0.0,3.3029333130445298,68.61371640889705,127.5849569848909
PT0319,comorbid,41.407825306175724,1,26.878574448044006,101.36584049323679,428,2,10.591159061278766,8.256405749512219,167.151479279489,105.68058405724922,2000.0,0.0,0.0,20.0,0.0,50.0,3.2691377635813796,61.470895222239776,126.17088246466248
PT0319,comorbid,41.407825306175724,1,26.878574448044006,101.36584049323679,451,3,10.573971642070232,8.692710822593693,170.78790213900186,102.8364924619113,2000.0,0.0,0.0,10.0,0.0,0.0,3.2638325801856785,67.95140967709055,125.48696235427482
PT0319,comorbid,41.407825306175724,1,26.878574448044006,101.36584049323679,595,4,10.004284971734457,8.767567479644947,162.7320689475184,106.96747689461243,500.0,0.0,0.0,20.0,0.0,0.0,3.087989294608702,55.76459205290597,125.55567424558109
PT0319,comorbid,41.407825306175724,1,26.878574448044006,101.36584049323679,640,5,10.493628259207952,8.209935785716164,162.0720654391003,101.52459423691568,1000.0,0.0,20.0,0.0,0.0,100.0,3.2390332560088546,60.547471202184624,121.70708463764389
PT0319,comorbid,41.407825306175724,1,26.878574448044006,101.36584049323679,677,6,10.241855865951711,8.16539694701551,161.77346416307816,101.08800281066233,2000.0,2.5,20.0,0.0,0.0,0.0,3.1613195106237617,60.68546135241583,121.31648992813427
PT0320,comorbid,51.48404359343474,1,25.79025232463505,100.01401706602279,0,0,13.183231995526054,9.740298959760683,188.23376258588672,91.51635019184312,1000.0,10.0,0.0,10.0,5.0,50.0,4.069224275952375,96.7174123940436,123.75548765652431
PT0320,comorbid,51.48404359343474,1,25.79025232463505,100.01401706602279,147,1,13.659335748462201,10.181330980499105,179.38983792207142,91.07601596683648,2000.0,5.0,0.0,20.0,5.0,100.0,4.216181634358666,88.31382195523494,120.51395661858146
PT0320,comorbid,51.48404359343474,1,25.79025232463505,100.01401706602279,323,2,13.222701276078816,9.561772414491616,178.59935177743378,89.73376909750272,1000.0,5.0,10.0,5.0,5.0,100.0,4.081407127216328,88.86558267993107,119.35562999081307
PT0320,comorbid,51.48404359343474,1,25.79025232463505,100.01401706602279,393,3,13.837435921542001,10.554395466570828,183.58161121144917,89.2211099840406,0.0,5.0,10.0,20.0,5.0,0.0,4.271155221115964,94.36050122740858,120.67461039317679
PT0320,comorbid,51.48404359343474,1,25.79025232463505,100.01401706602279,411,4,13.501482450468005,10.035723617462363,170.1419437883531,82.82883808425714,1000.0,5.0,0.0,20.0,0.0,25.0,4.167457583044458,87.31310570409596,111.93320665228913
PT0320,comorbid,51.48404359343474,1,25.79025232463505,100.01401706602279,554,5,14.554227191705206,10.640836880377822,170.30126610628872,86.8861688464557,500.0,2.5,30.0,10.0,0.0,25.0,4.492404793173007,83.41509725983302,114.69120126640004
PT0320,comorbid,51.48404359343474,1,25.79025232463505,100.01401706602279,566,6,13.26881365373124,10.136250355729102,172.15429593415686,83.47292256562994,1000.0,5.0,0.0,20.0,0.0,0.0,4.095640481118377,88.68137336852692,113.03338035513892
PT0321,comorbid,58.64242416757708,0,33.753013090950994,106.14917845253285,0,0,12.70907393126026,9.769955681675244,180.56389579201343,97.78609048490996,1000.0,0.0,0.0,0.0,0.0,0.0,3.922867486782334,82.77780530710346,125.37869225394445
PT0321,comorbid,58.64242416757708,0,33.753013090950994,106.14917845253285,380,1,11.874363815891614,9.094467958374212,176.53248205847197,97.51895021539829,0.0,0.0,0.0,0.0,5.0,0.0,3.665220297838545,79.01353184307368,123.85679416308952
PT0321,comorbid,58.64242416757708,0,33.753013090950994,106.14917845253285,560,2,11.736533469751214,9.203787506977735,183.9488657593797,97.82450942742314,1000.0,0.0,0.0,10.0,0.0,25.0,3.622676664329875,86.12435633195655,126.53262820474198
PT0321,comorbid,58.64242416757708,0,33.753013090950994,106.14917845253285,597,3,12.37191921644185,8.971584395407069,177.09522418030582,93.18742022988458,2000.0,2.5,0.0,0.0,0.0,100.0,3.8187990648083843,83.90780395042124,121.15668821335832
PT0322,comorbid,68.78164162036786,0,33.20829478890005,79.68422957006581,0,0,12.805488296184542,9.444147910725937,176.7705034664881,101.69341344872252,2000.0,0.0,20.0,5.0,0.0,25.0,3.9526273874222952,75.07709001776557,126.71911012131105
PT0322,comorbid,68.78164162036786,0,33.20829478890005,79.68422957006581,112,1,13.499469381998932,9.73886836396821,178.2559358215838,107.635801661482,0.0,0.0,0.0,0.0,0.0,25.0,4.166836215910338,70.62013416010178,131.17584638151592
PT0322,comorbid,68.78164162036786,0,33.20829478890005,79.68422957006581,166,2,12.630844969799053,9.767084821740513,176.29828666481475,99.02324163672293,2000.0,10.0,0.0,20.0,5.0,100.0,3.898720814011308,77.27504502809182,124.7815899794202
PT0322,comorbid,68.78164162036786,0,33.20829478890005,79.68422957006581,381,3,13.197610273082141,10.007241553239815,168.77709033039073,97.90136236902562,2000.0,2.5,10.0,20.0,0.0,25.0,4.07366237095802,70.87572796136511,121.526605022814
PT0322,comorbid,68.78164162036786,0,33.20829478890005,79.68422957006581,584,4,13.256216039198485,9.80892210006168,172.04144694005953,98.56839348587503,1000.0,2.5,0.0,20.0,10.0,25.0,4.091752017432599,73.4730534541845,123.05941130393653
PT0322,comorbid,68.78164162036786,0,33.20829478890005,79.68422957006581,592,5,12.001893665946664,9.309323561436928,174.01096532787037,98.5423336396422,0.0,0.0,0.0,20.0,0.0,0.0,3.7045845115555376,75.46863168822817,123.69854420238492
PT0323,comorbid,42.609569473277624,0,35.67093924648805,79.2589848553006,0,0,10.338202561668556,7.843129554888354,153.67916339277645,100.39425225228032,2000.0,0.0,0.0,20.0,5.0,25.0,3.1910585240350278,53.28491114049612,118.15588929911236
PT0323,comorbid,42.609569473277624,0,35.67093924648805,79.2589848553006,106,1,11.273898249406434,8.298005899172171,150.82840597358592,103.60617775489732,0.0,0.0,0.0,10.0,5.0,50.0,3.479876592983453,47.2222282186886,119.34692049446018
PT0323,comorbid,42.609569473277624,0,35.67093924648805,79.2589848553006,115,2,10.68217976422143,8.158628002224528,148.69536534370934,99.34609343696566,1000.0,5.0,20.0,10.0,5.0,50.0,3.2972328205563484,49.34927190674368,115.79585073921355
PT0323,comorbid,42.609569473277624,0,35.67093924648805,79.2589848553006,119,3,10.235218815075681,7.8555712568955816,147.52651882901333,94.85473506834015,1000.0,0.0,0.0,5.0,0.0,0.0,3.15927087425336,52.67178376067318,112.41199632189787
PT0323,comorbid,42.609569473277624,0,35.67093924648805,79.2589848553006,261,4,10.650877347353175,7.657921376840003,149.71103762829995,98.32101222654713,1000.0,10.0,0.0,10.0,0.0,0.0,3.287570807883014,51.39002540175282,115.45102069379807
PT0323,comorbid,42.609569473277624,0,35.67093924648805,79.2589848553006,650,5,10.725462739009622,8.420787308560959,141.4640922209019,90.59579665222634,2000.0,0.0,20.0,10.0,10.0,50.0,3.3105928321076368,50.86829556867556,107.55189517511819
PT0323,comorbid,42.609569473277624,0,35.67093924648805,79.2589848553006,704,6,10.436445798666186,8.433707388622508,141.55372021886186,93.873367946155,1000.0,10.0,30.0,10.0,0.0,0.0,3.2213829365216293,47.680352272706855,109.76681870372396
PT0323,comorbid,42.609569473277624,0,35.67093924648805,79.2589848553006,718,7,10.107000864447542,8.391255150287193,139.97269020466123,90.51378005324408,500.0,5.0,20.0,20.0,5.0,25.0,3.1196942668261416,49.45891015141716,107.0000834370498
PT0324,comorbid,61.97450555171388,0,32.718898001735504,60.86580097016437,0,0,13.106678767047374,10.178185623158443,153.29457075015864,105.12801146551153,0.0,0.0,20.0,10.0,5.0,25.0,4.045594846095289,48.16655928464711,121.18353122706057
PT0324,comorbid,61.97450555171388,0,32.718898001735504,60.86580097016437,232,1,12.885649932802195,9.318955873014898,157.83794602110453,103.48540547162209,2000.0,2.5,20.0,5.0,0.0,0.0,3.977370612591611,54.35254054948244,121.60291898811623
PT0324,comorbid,61.97450555171388,0,32.718898001735504,60.86580097016437,330,2,12.557469083693816,9.459512291942971,152.9046669696898,102.5495883704369,1000.0,2.5,0.0,5.0,5.0,0.0,3.876072123833491,50.355078599252906,119.33461457018787
PT0324,comorbid,61.97450555171388,0,32.718898001735504,60.86580097016437,344,3,12.533366138580995,9.078548897735669,159.34809056689446,106.18328583650884,1000.0,0.0,10.0,20.0,0.0,50.0,3.8686323481086675,53.16480473038561,123.90488741330405
PT0324,comorbid,61.97450555171388,0,32.718898001735504,60.86580097016437,346,4,11.043846858935376,8.669899692072185,157.14295041932746,100.30468717863162,1000.0,5.0,0.0,0.0,5.0,50.0,3.4088673971247196,56.83826324069584,119.25077492553024
PT0324,comorbid,61.97450555171388,0,32.718898001735504,60.86580097016437,606,5,11.747505254695323,9.423511768513888,155.6756011545039,100.41059426648536,1000.0,0.0,10.0,0.0,10.0,50.0,3.6260632886159563,55.26500688801855,118.83226322915822
PT0324,comorbid,61.97450555171388,0,32.718898001735504,60.86580097016437,706,6,11.145945668613106,8.8270258564437,155.1580023796391,104.74245680264659,1000.0,0.0,0.0,5.0,5.0,100.0,3.440381896378579,50.415545576992514,121.54763866164409
PT0325,comorbid,69.75127272385268,1,26.70474624440123,102.50611567713277,0,0,12.998018792465881,9.736901953182857,168.73631619260277,110.8596839712502,1000.0,5.0,20.0,5.0,5.0,0.0,4.012055133941136,57.876632221352565,130.15189471170106
PT0325,comorbid,69.75127272385268,1,26.70474624440123,102.50611567713277,234,1,13.006278503575988,9.387286360351201,162.72705823967408,105.71214168239992,1000.0,2.5,0.0,10.0,0.0,50.0,4.014604631437122,57.01491655727416,124.71711386815797
PT0325,comorbid,69.75127272385268,1,26.70474624440123,102.50611567713277,398,2,12.255622869174577,9.41763146859757,163.2096965793976,107.45465544945887,2000.0,0.0,20.0,5.0,0.0,0.0,3.782902258951886,55.75504112993872,126.03966915943845
PT0325,comorbid,69.75127272385268,1,26.70474624440123,102.50611567713277,431,3,12.387288970703189,9.407782014067047,160.8097888759578,108.19486743662432,1000.0,5.0,10.0,20.0,5.0,50.0,3.8235431956237176,52.61492143933347,125.73317458306882
PT0325,comorbid,69.75127272385268,1,26.70474624440123,102.50611567713277,440,4,12.048166291455278,9.579737939131967,160.4116283328605,106.67806486539169,500.0,2.5,0.0,0.0,0.0,0.0,3.7188673286291962,53.7335634674688,124.58925268788128
PT0325,comorbid,69.75127272385268,1,26.70474624440123,102.50611567713277,543,5,12.49938470050341,9.485298157939445,153.90599002074373,104.4984256602632,1000.0,5.0,10.0,10.0,10.0,100.0,3.8581434108887196,49.407564360480535,120.96761378042338
PT0325,comorbid,69.75127272385268,1,26.70474624440123,102.50611567713277,677,6,12.374983228007354,9.440779629235267,155.39559104015612,102.22660972648823,2000.0,5.0,20.0,10.0,5.0,0.0,3.8197448230449367,53.168981313667885,119.94960349771087
PT0325,comorbid,69.75127272385268,1,26.70474624440123,102.50611567713277,678,7,13.148833592966259,9.496058308304741,157.94548310244429,103.4286877474992,500.0,10.0,0.0,5.0,0.0,0.0,4.058606635695586,54.51679535494509,121.60095286581422
PT0326,comorbid,56.122750477203,1,26.73868265253398,104.99505450102285,0,0,9.835537651012604,7.526513905909793,160.57054948198498,90.09070535131616,2000.0,0.0,0.0,20.0,10.0,0.0,3.035902621612557,70.47984413066882,113.58398672820577
PT0326,comorbid,56.122750477203,1,26.73868265253398,104.99505450102285,84,1,9.1221907288761,6.8451322928640375,154.56395166679926,89.41580575092371,500.0,0.0,20.0,10.0,10.0,0.0,2.815716204979757,65.14814591587555,111.13185438954889
PT0326,comorbid,56.122750477203,1,26.73868265253398,104.99505450102285,167,2,9.434709450195307,7.5449323243389035,161.8843956067612,87.53459241029086,500.0,5.0,0.0,0.0,5.0,0.0,2.912180316960285,74.34980319647033,112.31786014244763
PT0326,comorbid,56.122750477203,1,26.73868265253398,104.99505450102285,171,3,8.089202167590521,6.117395472634362,159.77210779479154,88.55611507013326,1000.0,5.0,30.0,10.0,10.0,0.0,2.496867069062941,71.21599272465828,112.29477931168601
PT0326,comorbid,56.122750477203,1,26.73868265253398,104.99505450102285,370,4,8.857861612480992,6.940695271344488,155.71919858595194,83.94849442313449,1000.0,2.5,0.0,0.0,10.0,50.0,2.734126617719133,71.77070416281745,107.87206247740697
PT0326,comorbid,56.122750477203,1,26.73868265253398,104.99505450102285,618,5,9.137921104978997,7.592957003980494,156.64393078930698,83.72931721439898,0.0,0.0,20.0,10.0,5.0,25.0,2.8205716477368505,72.914613574908,108.03418840603497
PT0326,comorbid,56.122750477203,1,26.73868265253398,104.99505450102285,702,6,8.863627702548369,7.330932754197216,159.8307932903685,82.00963552066474,500.0,5.0,0.0,5.0,0.0,25.0,2.73590641751993,77.82115776970375,107.95002144389933
PT0327,comorbid,68.69041101276264,0,27.30417359902781,79.55114636106514,0,0,15.731009819110874,11.394538153002802,178.01998355791525,98.93851205851132,2000.0,0.0,0.0,5.0,5.0,0.0,4.855638364165556,79.08147149940393,125.29900255831264
PT0327,comorbid,68.69041101276264,0,27.30417359902781,79.55114636106514,250,1,15.326135585852427,11.243630879808421,177.55439491003997,101.37606099836367,1000.0,5.0,0.0,0.0,5.0,0.0,4.73066718416645,76.1783339116763,126.76883896892244
PT0327,comorbid,68.69041101276264,0,27.30417359902781,79.55114636106514,284,2,15.81035612126826,11.938437941927264,172.9538534105383,100.42331148929706,1000.0,0.0,0.0,0.0,0.0,0.0,4.880129922764803,72.53054192124124,124.60015879637747
PT0327,comorbid,68.69041101276264,0,27.30417359902781,79.55114636106514,640,3,14.19253568653603,10.361617161157897,175.22736595710703,100.19663518547698,2000.0,5.0,20.0,10.0,10.0,25.0,4.380762681910787,75.03073077163005,125.20687877602033
PT0328,comorbid,51.72849009232396,0,23.637646092340997,83.348639137654,0,0,16.0374881205809,12.035661608731031,165.63107952193238,92.85891050642314,1000.0,5.0,0.0,10.0,5.0,50.0,4.950237999885971,72.77216901550923,117.11630017825955
PT0328,comorbid,51.72849009232396,0,23.637646092340997,83.348639137654,438,1,16.340224432556326,11.626643043300092,161.25602018680888,87.29047211173923,1000.0,2.5,20.0,20.0,10.0,0.0,5.043682608182386,73.96554807506965,111.94565480342912
PT0328,comorbid,51.72849009232396,0,23.637646092340997,83.348639137654,667,2,16.264587083617506,12.03407874152214,156.8529843465762,88.42907913305606,0.0,0.0,10.0,5.0,5.0,0.0,5.020335879809937,68.42390521352013,111.23704753756277
PT0328,comorbid,51.72849009232396,0,23.637646092340997,83.348639137654,696,3,16.890552024482798,12.407589364953175,155.8490063454667,89.79009474505078,0.0,0.0,10.0,5.0,5.0,25.0,5.213550391557024,66.05891160041593,111.80973194518943
PT0329,comorbid,65.99608069301755,0,27.798494862639053,82.51172760327657,0,0,14.690618558295574,11.44231548192432,158.9381726499142,107.9912373012349,0.0,5.0,0.0,10.0,0.0,0.0,4.534504261660567,50.946935348679304,124.97354908412801
PT0329,comorbid,65.99608069301755,0,27.798494862639053,82.51172760327657,214,1,13.301846995249317,10.650688184034257,156.92303875580205,110.99389316391559,2000.0,0.0,0.0,0.0,5.0,25.0,4.105836772533622,45.92914559188647,126.30360836121108
PT0329,comorbid,65.99608069301755,0,27.798494862639053,82.51172760327657,422,2,12.654886962502932,9.182611067133104,159.6666363417035,105.34309017387406,2000.0,0.0,0.0,10.0,10.0,0.0,3.9061417757592385,54.32354616782945,123.45093889648388
PT0329,comorbid,65.99608069301755,0,27.798494862639053,82.51172760327657,663,3,13.520902198073822,9.888336084563855,155.57854842868585,105.808001980155,0.0,0.0,0.0,10.0,5.0,100.0,4.173451811805453,49.77054644853085,122.39818412966528
PT0329,comorbid,65.99608069301755,0,27.798494862639053,82.51172760327657,711,4,13.649812964619924,9.75715929331881,148.6351364547943,108.66858272565077,2000.0,5.0,0.0,20.0,0.0,50.0,4.213242268412683,39.96655372914353,121.99076730203194
PT0330,comorbid,45.48312070502531,1,32.073730859656564,80.06002018119085,0,0,15.516254449039362,11.48901396590377,173.64374831736902,92.33209476179508,2000.0,0.0,20.0,5.0,10.0,100.0,4.789350539936817,81.31165355557394,119.43597928031973
PT0330,comorbid,45.48312070502531,1,32.073730859656564,80.06002018119085,91,1,15.764283932169878,11.696946941235744,164.62147975234637,90.07418161416693,2000.0,10.0,0.0,5.0,0.0,25.0,4.865908973729769,74.54729813817944,114.92328099356008
PT0330,comorbid,45.48312070502531,1,32.073730859656564,80.06002018119085,381,2,16.48459682777198,11.79502746860689,167.5268442311796,90.79729298169192,500.0,5.0,30.0,5.0,0.0,0.0,5.088245554172285,76.72955124948768,116.37381006485448
PT0330,comorbid,45.48312070502531,1,32.073730859656564,80.06002018119085,633,3,15.546687687302919,11.84454606163059,169.07484289761166,87.25592401265976,2000.0,2.5,0.0,5.0,0.0,25.0,4.798744266147501,81.8189188849519,114.5288969743104
PT0330,comorbid,45.48312070502531,1,32.073730859656564,80.06002018119085,686,4,15.677721131045384,11.519163538016302,167.17352949847734,88.14877677663037,2000.0,0.0,10.0,0.0,0.0,0.0,4.839189922449342,79.02475272184697,114.49036101724603
PT0330,comorbid,45.48312070502531,1,32.073730859656564,80.06002018119085,692,5,15.911360187095827,12.096799230735243,160.1042994133038,90.26636258436527,2000.0,5.0,0.0,0.0,0.0,50.0,4.911306511083579,69.83793682893854,113.54567486067812
PT0331,comorbid,66.06107846116852,0,23.643251237597838,105.76469711299407,0,0,12.29097581236804,9.263493303988959,174.79904166870597,95.71163346290268,2000.0,0.0,20.0,5.0,0.0,50.0,3.793814534084269,79.08740820580329,122.07410286483712
PT0331,comorbid,66.06107846116852,0,23.643251237597838,105.76469711299407,119,1,11.97366383610922,9.439173551186476,162.91999426440574,91.20956092790952,1000.0,5.0,0.0,20.0,10.0,0.0,3.6958709040790456,71.71043333649622,115.11303870674159
PT0331,comorbid,66.06107846116852,0,23.643251237597838,105.76469711299407,216,2,12.451131151882244,8.635676101178776,165.96174689628407,92.9074379331586,1000.0,2.5,20.0,0.0,0.0,100.0,3.8432491488809863,73.05430896312546,117.25887425420042
PT0331,comorbid,66.06107846116852,0,23.643251237597838,105.76469711299407,243,3,12.579138499205033,9.187948335671292,169.7791654472389,91.80638605294034,2000.0,0.0,0.0,5.0,0.0,25.0,3.8827607500879537,77.97277939429857,117.79731251770653
PT0331,comorbid,66.06107846116852,0,23.643251237597838,105.76469711299407,342,4,12.164939238340487,9.186581327566355,167.35776912156643,86.84107808478868,1000.0,0.0,0.0,20.0,0.0,25.0,3.754911244901097,80.51669103677776,113.67997509704793
PT0331,comorbid,66.06107846116852,0,23.643251237597838,105.76469711299407,465,5,13.176925475716034,9.983321180856255,168.54170540902166,87.16666349253191,500.0,0.0,0.0,10.0,5.0,0.0,4.06727766350435,81.37504191648975,114.29167746469516
PT0331,comorbid,66.06107846116852,0,23.643251237597838,105.76469711299407,515,6,13.176657949198091,9.371626607611487,174.06007462898233,87.54073993264441,500.0,5.0,0.0,5.0,5.0,0.0,4.0671950869858104,86.51933469633792,116.38051816475705
PT0332,comorbid,63.62462523431404,1,36.27709539835973,76.33230017536556,0,0,12.243185366655743,9.611042546612465,159.25955161353914,94.17435856782761,2000.0,2.5,0.0,5.0,10.0,0.0,3.779063216507739,65.08519304571153,115.86942291639812
PT0332,comorbid,63.62462523431404,1,36.27709539835973,76.33230017536556,307,1,12.674120090822136,9.932942948842976,161.66739924773978,92.3443269296834,1000.0,10.0,10.0,5.0,0.0,0.0,3.9120784013670997,69.32307231805638,115.45201770236886
PT0332,comorbid,63.62462523431404,1,36.27709539835973,76.33230017536556,428,2,12.353484775603969,9.5431844977676,152.76439467578152,94.59169892324626,2000.0,0.0,30.0,20.0,0.0,0.0,3.813108967403092,58.17269575253526,113.98259750742467
PT0332,comorbid,63.62462523431404,1,36.27709539835973,76.33230017536556,682,3,12.518913905420085,9.076309871803891,162.55861104586901,89.99394320159085,1000.0,5.0,20.0,5.0,10.0,100.0,3.8641714254729997,72.56466784427816,114.18216581635023
PT0333,comorbid,55.28870302693592,1,25.640435884605033,97.05031228308269,0,0,12.289283094503036,9.513780499750967,178.26161864366796,98.73826966799388,500.0,0.0,0.0,0.0,5.0,25.0,3.7932920485032704,79.52334897567408,125.24605265988524
PT0333,comorbid,55.28870302693592,1,25.640435884605033,97.05031228308269,387,1,11.53574193896294,9.077714041677721,170.33824110201667,97.32569102163714,2000.0,0.0,0.0,20.0,5.0,100.0,3.560699011826561,73.01255008037953,121.66320771509699
PT0333,comorbid,55.28870302693592,1,25.640435884605033,97.05031228308269,465,2,11.856413033043793,9.421184652712624,169.77062128938928,102.59866644889044,0.0,0.0,10.0,10.0,5.0,50.0,3.659679489532851,67.17195484049884,124.98931806239005
PT0333,comorbid,55.28870302693592,1,25.640435884605033,97.05031228308269,559,3,11.59863954828004,8.988193423641494,168.22273582660006,98.82760980672955,1000.0,0.0,0.0,0.0,10.0,100.0,3.580113407235773,69.3951260198705,121.95931848001972
PT0334,comorbid,70.18975623759948,0,36.59052290549755,76.90338293241471,0,0,13.045229400546157,9.616996614147897,182.5899007630627,103.25673650997113,0.0,0.0,0.0,10.0,0.0,0.0,4.02662747496858,79.33316425309157,129.701124594335
PT0334,comorbid,70.18975623759948,0,36.59052290549755,76.90338293241471,331,1,11.632505664113134,9.046383022441626,177.852029478554,102.9546559117087,2000.0,5.0,10.0,0.0,0.0,0.0,3.590566748322921,74.89737356684529,127.92044710065713
PT0334,comorbid,70.18975623759948,0,36.59052290549755,76.90338293241471,393,2,12.758748053281879,9.375808434469993,171.29285754642405,103.0333951339792,2000.0,10.0,10.0,20.0,0.0,50.0,3.9382002324463405,68.25946241244485,125.78654927146081
PT0334,comorbid,70.18975623759948,0,36.59052290549755,76.90338293241471,422,3,12.908599416019694,9.14376061904117,172.55088552590794,104.16855985964544,500.0,0.0,0.0,0.0,5.0,0.0,3.984454353078079,68.3823256662625,126.96266841506628
PT0334,comorbid,70.18975623759948,0,36.59052290549755,76.90338293241471,446,4,11.542742839550213,9.216614551519946,171.71474198312436,106.90167857881492,2000.0,0.0,20.0,0.0,5.0,0.0,3.562859956474499,64.81306340430943,128.50603304691808
PT0334,comorbid,70.18975623759948,0,36.59052290549755,76.90338293241471,639,5,11.120361152241852,8.468820996884192,163.04147823344474,101.4098947057002,2000.0,0.0,0.0,20.0,0.0,0.0,3.432484808991985,61.63158352774454,121.95375588161504
PT0334,comorbid,70.18975623759948,0,36.59052290549755,76.90338293241471,659,6,10.964091298925167,8.396530720652741,168.45724976806864,105.13446223694763,2000.0,0.0,0.0,20.0,5.0,25.0,3.3842495142682347,63.32278753112101,126.24205808065463
PT0334,comorbid,70.18975623759948,0,36.59052290549755,76.90338293241471,660,7,10.88683836313558,8.274980220619783,163.53840533970666,104.34834308514917,500.0,2.5,0.0,10.0,10.0,25.0,3.3604041080878493,59.19006225455749,124.07836383666833
PT0335,comorbid,49.72344829810092,1,36.13281377478587,79.91082953317473,0,0,14.878111606129343,11.595955565129012,159.86624603763278,100.76308108956972,2000.0,0.0,0.0,0.0,0.0,50.0,4.59237711575859,59.10316494806305,120.4641360722574
PT0335,comorbid,49.72344829810092,1,36.13281377478587,79.91082953317473,461,1,15.573326503131293,11.471985005612522,155.80452055445778,100.27396711617682,1000.0,0.0,30.0,0.0,0.0,0.0,4.806966780633193,55.53055343828096,118.7841515956038
PT0335,comorbid,49.72344829810092,1,36.13281377478587,79.91082953317473,534,2,15.182028071043861,11.16678093845449,149.14895696579066,98.85839479944923,2000.0,2.5,0.0,20.0,10.0,0.0,4.686185997928872,50.29056216634143,115.62191552156304
PT0335,comorbid,49.72344829810092,1,36.13281377478587,79.91082953317473,564,3,16.015454187749853,11.778609819063801,146.79257559553028,99.63613107756267,1000.0,5.0,0.0,0.0,10.0,0.0,4.943436859285455,47.156444517967614,115.3549459168852
PT0336,comorbid,38.107468790408106,1,38.718745487894296,85.57079278287554,0,0,9.858777984251228,7.848167570921319,159.59731134610897,88.85121665910005,500.0,5.0,10.0,10.0,5.0,50.0,3.043076137805546,70.74609468700892,112.43324822143636
PT0336,comorbid,38.107468790408106,1,38.718745487894296,85.57079278287554,80,1,10.485080802486188,8.490863954611255,158.93978241469682,90.91221534729237,2000.0,0.0,0.0,10.0,0.0,100.0,3.23639494103407,68.02756706740445,113.5880710364272
PT0336,comorbid,38.107468790408106,1,38.718745487894296,85.57079278287554,219,2,9.619154930721786,7.44901948912694,156.35122627024927,85.73523676168392,1000.0,5.0,0.0,20.0,0.0,0.0,2.9691124886161244,70.61598950856535,109.2738999312057
PT0336,comorbid,38.107468790408106,1,38.718745487894296,85.57079278287554,504,3,10.051047789724201,8.344392077993207,162.08279014635403,86.58311332421111,0.0,0.0,30.0,20.0,0.0,0.0,3.102423417761537,75.49967682214292,111.74967226492542
PT0336,comorbid,38.107468790408106,1,38.718745487894296,85.57079278287554,668,4,8.74318287198052,7.283793979010668,155.7357281018021,85.35361354495757,2000.0,0.0,20.0,0.0,5.0,0.0,2.698729113151321,70.38211455684453,108.81431839723908
PT0337,comorbid,62.15169732814847,1,25.813444335076863,45.55843246757156,0,0,11.70564150196971,9.031890297127653,171.08764187963214,97.66909022038,0.0,0.0,30.0,10.0,10.0,50.0,3.6131413436079844,73.41855165925215,122.14194077346404
PT0337,comorbid,62.15169732814847,1,25.813444335076863,45.55843246757156,326,1,11.483469108135388,8.784742711120936,165.97856003330253,90.31267278861748,0.0,0.0,0.0,5.0,0.0,0.0,3.54456413137779,75.66588724468505,115.5346352035125
PT0337,comorbid,62.15169732814847,1,25.813444335076863,45.55843246757156,648,2,11.26179717076545,8.996716365429098,166.3785529921435,92.01290315661498,2000.0,5.0,0.0,10.0,10.0,25.0,3.476141393376269,74.36564983552853,116.80145310179115
PT0337,comorbid,62.15169732814847,1,25.813444335076863,45.55843246757156,706,3,10.492491378357283,7.936705609469807,164.25101437045987,97.76072195065899,1000.0,5.0,0.0,0.0,0.0,50.0,3.238682338786281,66.49029241980088,119.92415275725928
PT0338,comorbid,66.01770680826046,0,38.26278638750059,92.80485577023433,0,0,15.078393573287785,10.845680540223082,169.96356248403046,96.106555634525,500.0,0.0,20.0,10.0,0.0,0.0,4.65419748295483,73.85700684950547,120.72555791769348
PT0338,comorbid,66.01770680826046,0,38.26278638750059,92.80485577023433,546,1,14.585960227833072,10.647928234409418,172.21829547944543,94.80394265096605,1000.0,0.0,0.0,10.0,0.0,0.0,4.502199723657808,77.41435282847938,120.60872692712584
PT0338,comorbid,66.01770680826046,0,38.26278638750059,92.80485577023433,648,2,14.871031747168322,11.164961637117022,168.35503436461374,89.3314998149514,1000.0,0.0,30.0,5.0,10.0,0.0,4.590191799292622,79.02353454966234,115.67267799817218
PT0338,comorbid,66.01770680826046,0,38.26278638750059,92.80485577023433,678,3,14.97116143996017,11.323016019005282,173.91431643813178,92.43384118211141,500.0,10.0,20.0,5.0,0.0,0.0,4.621098497801039,81.48047525602037,119.59399960078487
PT0338,comorbid,66.01770680826046,0,38.26278638750059,92.80485577023433,699,4,14.30165957700513,9.919291887058025,171.73651753938276,88.41117963843308,500.0,0.0,30.0,10.0,10.0,50.0,4.414445589435584,83.32533790094968,116.18629227208298
PT0339,comorbid,48.53139308228854,1,34.20742891704375,84.90161788558952,0,0,13.67583655465835,10.283286212510871,181.52913093868085,107.71462721750257,1000.0,0.0,0.0,0.0,0.0,0.0,4.221274883204544,73.81450372117828,132.31946179122866
PT0339,comorbid,48.53139308228854,1,34.20742891704375,84.90161788558952,435,1,12.849847343820677,9.88328289624489,175.67754963398568,107.58243485594565,2000.0,2.5,10.0,5.0,10.0,50.0,3.966319546792649,68.09511477804003,130.28080644862567
PT0339,comorbid,48.53139308228854,1,34.20742891704375,84.90161788558952,481,2,12.84826135251733,10.211925817674574,172.75893316681598,110.22340195682752,500.0,5.0,0.0,10.0,0.0,50.0,3.9658300041436827,62.53553120998846,131.06857902682367
PT0339,comorbid,48.53139308228854,1,34.20742891704375,84.90161788558952,529,3,13.465066283469868,10.283140459773833,176.27716031532543,105.8018103253318,2000.0,0.0,20.0,20.0,10.0,25.0,4.156217126164366,70.47534998999363,129.2935936553297
PT0339,comorbid,48.53139308228854,1,34.20742891704375,84.90161788558952,555,4,13.26091544609311,9.849221627344702,172.29990694535823,104.29232121483251,1000.0,0.0,0.0,0.0,5.0,0.0,4.093202567694073,68.00758573052572,126.96151645834108
PT0339,comorbid,48.53139308228854,1,34.20742891704375,84.90161788558952,628,5,12.608950709980974,9.551688376890832,172.15174806230692,104.10471968679745,500.0,0.0,10.0,10.0,0.0,0.0,3.8919627858141275,68.04702837550947,126.78706247863394
PT0339,comorbid,48.53139308228854,1,34.20742891704375,84.90161788558952,637,6,13.145531020252173,9.704738192874798,168.76293891755387,104.84883118252824,1000.0,0.0,0.0,10.0,10.0,25.0,4.057587241584504,63.914107735025624,126.15353376087012
PT0340,comorbid,70.98059072131953,0,29.128698909272927,86.7470687928923,0,0,14.00909609805449,10.311238612608813,178.74424967242666,88.36506808518256,2000.0,0.0,0.0,20.0,0.0,0.0,4.324140995599486,90.3791815872441,118.49146194759726
PT0340,comorbid,70.98059072131953,0,29.128698909272927,86.7470687928923,341,1,13.928649026380752,9.716840001264494,170.66890790199494,90.76195211066454,1000.0,5.0,0.0,10.0,5.0,50.0,4.299309666142859,79.9069557913304,117.39760404110801
PT0340,comorbid,70.98059072131953,0,29.128698909272927,86.7470687928923,356,2,13.107423052396932,9.767577810241768,167.61465881229503,89.22032611654775,500.0,2.5,0.0,10.0,5.0,25.0,4.045824582173187,78.39433269574728,115.35177034846352
PT0340,comorbid,70.98059072131953,0,29.128698909272927,86.7470687928923,360,3,13.910899723691918,10.578261408485265,161.8675957817021,84.03683390832866,500.0,10.0,0.0,5.0,0.0,50.0,4.293831048046239,77.83076187337345,109.98042119945315
PT0340,comorbid,70.98059072131953,0,29.128698909272927,86.7470687928923,378,4,13.798465877818794,10.825818776384104,165.34371881167405,84.94616860534755,1000.0,5.0,10.0,20.0,0.0,25.0,4.259126467620068,80.3975502063265,111.74535200745639
PT0340,comorbid,70.98059072131953,0,29.128698909272927,86.7470687928923,460,5,13.686161506855067,10.442694813189464,161.23008984982795,84.33901195251656,2000.0,0.0,0.0,5.0,0.0,0.0,4.224461851782597,76.89107789731139,109.96937125162036
PT0340,comorbid,70.98059072131953,0,29.128698909272927,86.7470687928923,460,6,13.015455870305955,9.459798482623345,157.3939664025555,84.78247061317934,2000.0,2.5,20.0,10.0,10.0,0.0,4.017437378634438,72.61149578937615,108.98630254297139
PT0340,comorbid,70.98059072131953,0,29.128698909272927,86.7470687928923,589,7,13.002111212645465,9.81978827951628,164.24239682591093,83.36260979119174,1000.0,2.5,0.0,5.0,5.0,50.0,4.013318327636568,80.87978703471919,110.32253880276481
PT0341,comorbid,35.45238510288022,0,32.38614996324473,45.34313636211985,0,0,13.399997132917948,10.304099295392943,181.8445288551085,98.35932214945072,500.0,0.0,0.0,5.0,5.0,0.0,4.136132448360674,83.48520670565779,126.18772438466998
PT0341,comorbid,35.45238510288022,0,32.38614996324473,45.34313636211985,321,1,13.803262534158412,10.052938389476898,180.06903693678248,93.61344004032833,0.0,0.0,0.0,5.0,10.0,0.0,4.260607035543563,86.45559689645415,122.43197233914638
PT0341,comorbid,35.45238510288022,0,32.38614996324473,45.34313636211985,338,2,12.934629561594923,9.897935977639415,177.30745346310505,93.95510082830407,500.0,0.0,0.0,20.0,5.0,0.0,3.992488991345633,83.35235263480098,121.73921837323773
PT0341,comorbid,35.45238510288022,0,32.38614996324473,45.34313636211985,452,3,12.981744812125735,9.861303429065012,168.2700089153202,94.55696798857956,0.0,2.5,0.0,20.0,10.0,50.0,4.007031898676144,73.71304092674065,119.12798163082644
PT0341,comorbid,35.45238510288022,0,32.38614996324473,45.34313636211985,506,4,12.63683551138687,9.479904086533939,165.46908678103412,97.11611181497734,1000.0,5.0,0.0,5.0,10.0,0.0,3.9005698945147476,68.35297496605678,119.90043680366294
PT0342,comorbid,45.64437752116817,0,33.13056176139105,108.31673196015308,0,0,10.771361601237814,8.55472421480227,170.13912372212343,100.11761268243544,0.0,0.0,0.0,5.0,5.0,25.0,3.324760280915405,70.021511039688,123.45811636233144
PT0342,comorbid,45.64437752116817,0,33.13056176139105,108.31673196015308,198,1,10.758444382497062,7.762680849148559,165.70149656803974,98.89352364098539,1000.0,0.0,30.0,20.0,5.0,0.0,3.320773166064093,66.80797292705435,121.16284795000351
PT0342,comorbid,45.64437752116817,0,33.13056176139105,108.31673196015308,362,2,10.872472302022318,8.826725592186246,162.8938188410106,100.21636067701138,1000.0,5.0,0.0,10.0,10.0,0.0,3.355969783890889,62.67745816399923,121.10884673167779
PT0342,comorbid,45.64437752116817,0,33.13056176139105,108.31673196015308,365,3,11.920585603689826,9.137173763040915,158.6972430204259,95.85662027577195,1000.0,0.0,20.0,0.0,10.0,50.0,3.679487423005593,62.840622744653956,116.80349452398993
PT0342,comorbid,45.64437752116817,0,33.13056176139105,108.31673196015308,404,4,11.810060036818351,9.177476304727511,158.25502386630166,92.84188454215061,1000.0,0.0,0.0,0.0,10.0,25.0,3.6453718646979314,65.41313932415105,114.64626431686763
PT0342,comorbid,45.64437752116817,0,33.13056176139105,108.31673196015308,631,5,10.803157280125756,8.248317278005693,160.19832654399568,93.65335423951515,1000.0,10.0,20.0,0.0,5.0,0.0,3.3345745471321497,66.54497230448052,115.835011674342
PT0342,comorbid,45.64437752116817,0,33.13056176139105,108.31673196015308,663,6,10.226176068011611,7.924648742874132,162.30407085688267,91.99602992458918,500.0,2.5,0.0,0.0,5.0,0.0,3.156479679659584,70.3080409322935,115.432043568687
PT0343,comorbid,73.46157850229014,0,27.123498044084595,103.77971432628098,0,0,12.147321552308108,8.929351399457948,154.24601572547857,95.67030002775427,500.0,2.5,0.0,20.0,10.0,0.0,3.749473252479103,58.575715697724306,115.19553859366236
PT0343,comorbid,73.46157850229014,0,27.123498044084595,103.77971432628098,20,1,12.19733248341416,9.325302489732298,156.02431605026297,89.23313905935653,0.0,5.0,0.0,20.0,10.0,100.0,3.7649099598805043,66.79117699090644,111.49686472299202
PT0343,comorbid,73.46157850229014,0,27.123498044084595,103.77971432628098,36,2,12.302683472385242,8.982851378008613,154.263650373426,89.98344124910618,1000.0,2.5,0.0,0.0,5.0,0.0,3.7974282984762446,64.28020912431982,111.41017762387945
PT0343,comorbid,73.46157850229014,0,27.123498044084595,103.77971432628098,133,3,11.219727648543715,9.172994467481757,151.28150852522322,88.91317023787187,500.0,5.0,0.0,5.0,10.0,0.0,3.463155934183827,62.36833828735135,109.70261633365566
PT0343,comorbid,73.46157850229014,0,27.123498044084595,103.77971432628098,528,4,10.851656384922716,8.233431566952458,144.15312450092014,87.40515573427291,2000.0,2.5,20.0,5.0,10.0,100.0,3.3495446041461454,56.74796876664723,106.32114532315532
PT0343,comorbid,73.46157850229014,0,27.123498044084595,103.77971432628098,568,5,11.69650115960382,9.007358998840964,137.42849078238737,87.69033965886194,1000.0,0.0,20.0,10.0,0.0,0.0,3.6103200245977125,49.73815112352543,104.26972336670376
PT0343,comorbid,73.46157850229014,0,27.123498044084595,103.77971432628098,632,6,11.633583992569895,8.894662309465973,138.77845898568486,88.11828364153571,1000.0,0.0,0.0,10.0,10.0,0.0,3.590899592373241,50.66017534414915,105.0050087562521
PT0343,comorbid,73.46157850229014,0,27.123498044084595,103.77971432628098,704,7,11.89912398041474,8.930777976711456,139.41432221883514,86.62206457591827,1000.0,0.0,30.0,10.0,0.0,0.0,3.6728629352880167,52.792257642916866,104.21948379022389
PT0344,comorbid,60.87999643605817,0,24.266280247720395,104.59022814707384,0,0,8.76185479538028,7.56946850031115,188.42308950045572,98.91414334429085,1000.0,2.5,0.0,0.0,10.0,100.0,2.70449251350738,89.50894615616487,128.75045872967914
PT0344,comorbid,60.87999643605817,0,24.266280247720395,104.59022814707384,20,1,7.970380714982664,6.7599676493630065,173.51726475972856,93.98566787456882,500.0,5.0,0.0,10.0,10.0,50.0,2.4601908473579823,79.53159688515974,120.49620016962207
PT0344,comorbid,60.87999643605817,0,24.266280247720395,104.59022814707384,210,2,8.862177458884915,7.257928752493297,178.17483681647275,98.0796117262844,1000.0,2.5,0.0,5.0,0.0,0.0,2.7354587756424773,80.09522509018835,124.77802008968051
PT0344,comorbid,60.87999643605817,0,24.266280247720395,104.59022814707384,219,3,7.967270794648173,6.4158081581145145,180.10341659437333,101.64190515177062,0.0,10.0,0.0,0.0,0.0,25.0,2.459230918614736,78.46151144260271,127.79574229930485
PT0344,comorbid,60.87999643605817,0,24.266280247720395,104.59022814707384,320,4,7.527443532693097,6.604551451758658,168.06690166832337,96.9815775809084,0.0,5.0,0.0,20.0,0.0,100.0,2.323470903757936,71.08532408741497,120.67668561004672
PT0344,comorbid,60.87999643605817,0,24.266280247720395,104.59022814707384,521,5,8.508717138474818,6.750234328521735,168.22064924688337,97.11089460117762,2000.0,0.0,20.0,5.0,0.0,0.0,2.6263573567425604,71.10975464570575,120.81414614974621
PT0345,comorbid,54.81388552501785,0,32.317321967144565,69.18597452757696,0,0,14.008256089748391,10.440120286087993,175.56466446992007,101.17660092126758,1000.0,5.0,0.0,0.0,10.0,0.0,4.323881713035671,74.3880635486525,125.97262210415174
PT0345,comorbid,54.81388552501785,0,32.317321967144565,69.18597452757696,335,1,14.262697445245136,10.997119758210664,174.1970168910593,98.5444661163213,0.0,5.0,0.0,10.0,10.0,0.0,4.402419278098999,75.65255077473799,123.76198304123396
PT0345,comorbid,54.81388552501785,0,32.317321967144565,69.18597452757696,611,2,14.320201781204885,10.237591566624035,175.1796289471439,99.63461111641617,0.0,0.0,0.0,5.0,0.0,0.0,4.420168949798574,75.54501783072773,124.81628372665874
PT0345,comorbid,54.81388552501785,0,32.317321967144565,69.18597452757696,689,3,13.777434256547183,10.318084340721114,173.41421555577392,98.23709429953176,1000.0,5.0,20.0,0.0,5.0,0.0,4.252634707187564,75.17712125624216,123.29613471827915
PT0345,comorbid,54.81388552501785,0,32.317321967144565,69.18597452757696,708,4,13.879113295426789,9.88818778731816,174.00714560561627,94.02049529267818,2000.0,0.0,20.0,10.0,0.0,0.0,4.284019637188402,79.9866503129381,120.68271206365755
PT0346,comorbid,48.55875007969759,1,32.37231591851523,94.49894899550638,0,0,12.078138514608051,9.031135412405009,157.87168947913864,90.5339532175699,1000.0,10.0,20.0,10.0,5.0,50.0,3.728118754842352,67.33773626156874,112.97986530475949
PT0346,comorbid,48.55875007969759,1,32.37231591851523,94.49894899550638,279,1,11.421544110178099,8.295462326994965,155.25394476108926,91.37647129998669,1000.0,5.0,10.0,20.0,0.0,0.0,3.5254499486749733,63.87747346110257,112.66896245368754
PT0346,comorbid,48.55875007969759,1,32.37231591851523,94.49894899550638,494,2,12.027767200753097,8.975284777372964,145.7711915425798,92.81742416515105,2000.0,2.5,0.0,5.0,0.0,0.0,3.7125708092991228,52.95376737742875,110.4686799576273
PT0346,comorbid,48.55875007969759,1,32.37231591851523,94.49894899550638,510,3,12.220293565212133,9.275661182571735,144.56569728379148,86.34472185514936,0.0,0.0,0.0,5.0,0.0,25.0,3.7719972804621453,58.22097542864212,105.75171366469674
PT0346,comorbid,48.55875007969759,1,32.37231591851523,94.49894899550638,544,4,11.701187533368891,8.905908274335603,150.99689014492995,89.90279622179308,1000.0,0.0,20.0,0.0,0.0,0.0,3.6117665519665314,61.09409392313687,110.26749419617204
PT0347,comorbid,49.723594940154996,0,34.26046378887049,72.7268503624913,0,0,11.210840430303401,8.68480348462555,179.02693216637368,97.75542889795484,1000.0,0.0,20.0,20.0,10.0,0.0,3.4604127461536502,81.27150326841884,124.8459299874278
PT0347,comorbid,49.723594940154996,0,34.26046378887049,72.7268503624913,261,1,11.459154413203441,9.123994204503454,172.3468218176994,95.07674198099359,500.0,10.0,0.0,0.0,0.0,0.0,3.5370589955421288,77.27007983670582,120.83343525989552
PT0347,comorbid,49.723594940154996,0,34.26046378887049,72.7268503624913,342,2,11.022526189237091,8.64704073853337,173.74037444502102,96.03610103553945,0.0,0.0,0.0,10.0,0.0,0.0,3.402286417077849,77.70427340948157,121.93752550536664
PT0347,comorbid,49.723594940154996,0,34.26046378887049,72.7268503624913,626,3,11.036750207548591,8.554872812701106,176.23489430753776,97.90746512677562,1000.0,5.0,20.0,5.0,0.0,25.0,3.406676897396665,78.32742918076214,124.01660818702966
PT0347,comorbid,49.723594940154996,0,34.26046378887049,72.7268503624913,628,4,11.21673244804609,8.909420997609121,173.60070089414637,93.98421846334101,1000.0,5.0,10.0,10.0,0.0,50.0,3.4622314156302263,79.61648243080536,120.52304594027613
PT0348,comorbid,62.60968765278611,0,25.32941602565622,45.72615683770876,0,0,9.063897645843205,7.731389723486655,150.48000967697752,95.1495679204194,2000.0,5.0,0.0,5.0,5.0,0.0,2.7977230733502694,55.330441756558116,113.59304850593877
PT0348,comorbid,62.60968765278611,0,25.32941602565622,45.72615683770876,95,1,10.188284869577005,7.6679784118721015,160.16946347582297,98.45841819018153,0.0,10.0,0.0,10.0,0.0,25.0,3.144783929742769,61.71104528564143,119.02876661872868
PT0348,comorbid,62.60968765278611,0,25.32941602565622,45.72615683770876,171,2,10.386188050455582,8.143236937755825,147.670222340133,95.06827837219151,1000.0,5.0,0.0,10.0,5.0,0.0,3.20587004490729,52.60194396794148,112.60225969483868
PT0348,comorbid,62.60968765278611,0,25.32941602565622,45.72615683770876,229,3,10.087652407454664,7.6899639410171785,142.2960604844983,96.29825821819944,1000.0,5.0,0.0,20.0,10.0,25.0,3.1137220431010064,45.99780226629886,111.63085897363239
PT0348,comorbid,62.60968765278611,0,25.32941602565622,45.72615683770876,298,4,9.720140305098637,7.8861919714048545,146.74506179202433,95.48091768896752,1000.0,10.0,0.0,5.0,5.0,0.0,3.000283307507113,51.26414410305681,112.56896572331979
PT0348,comorbid,62.60968765278611,0,25.32941602565622,45.72615683770876,321,5,8.83667640045515,7.343344006610853,139.4465188801257,91.15727045429011,1000.0,0.0,0.0,0.0,0.0,0.0,2.72758744894049,48.28924842583558,107.25368659623531
PT0348,comorbid,62.60968765278611,0,25.32941602565622,45.72615683770876,552,6,8.622713332971982,6.790272350146587,141.3884038495992,89.4556991305152,500.0,10.0,20.0,20.0,10.0,0.0,2.661544182110685,51.932704719084,106.7666007035432
PT0348,comorbid,62.60968765278611,0,25.32941602565622,45.72615683770876,691,7,8.214046529049124,6.81066927191715,142.83553037104392,92.66461378001065,2000.0,0.0,0.0,0.0,0.0,50.0,2.5354023619664963,50.17091659103326,109.3882526436884
PT0349,comorbid,58.199951983558705,0,38.127681627358314,64.64252498580541,0,0,12.045610918492354,9.733521230573931,185.5166281652025,103.70529359513134,500.0,0.0,0.0,20.0,5.0,0.0,3.71807857017464,81.81133457007115,130.9757384518217
PT0349,comorbid,58.199951983558705,0,38.127681627358314,64.64252498580541,148,1,11.368637007788884,8.996353329330379,175.3773402802746,103.34301604640916,2000.0,0.0,0.0,10.0,10.0,0.0,3.5091192897375025,72.03432423386545,127.35445745769765
PT0349,comorbid,58.199951983558705,0,38.127681627358314,64.64252498580541,526,2,12.086016473296187,8.80823761982193,177.17336041450528,102.59537278476789,500.0,0.0,0.0,10.0,10.0,0.0,3.7305504180907563,74.5779876297374,127.45470199468035
PT0349,comorbid,58.199951983558705,0,38.127681627358314,64.64252498580541,545,3,11.314526443425557,8.71807990468682,173.21237115134846,101.46442026710751,0.0,2.5,0.0,5.0,10.0,0.0,3.492417162204022,71.74795088424095,125.38040389518783
PT0350,comorbid,50.06338218074008,0,37.659594328463285,46.17352734090194,0,0,13.214234272241672,10.156367987147677,179.9452840518846,100.85225669956584,0.0,10.0,0.0,5.0,0.0,0.0,4.078793645365263,79.09302735231877,127.21659915033877
PT0350,comorbid,50.06338218074008,0,37.659594328463285,46.17352734090194,210,1,12.784694663316522,9.232510104321268,172.0846741200171,104.80153855003807,1000.0,5.0,20.0,10.0,5.0,25.0,3.946209086077033,67.28313556997902,127.22925040669774
PT0350,comorbid,50.06338218074008,0,37.659594328463285,46.17352734090194,589,2,12.954800413881342,10.009826154420391,175.05404508608288,106.0458326875557,0.0,5.0,0.0,0.0,0.0,0.0,3.9987150610847078,69.00821239852718,129.04857015373142
PT0350,comorbid,50.06338218074008,0,37.659594328463285,46.17352734090194,691,3,13.114490289611528,9.634579781794242,179.19879084494096,103.76921897533735,500.0,2.5,0.0,0.0,5.0,0.0,4.048006002726758,75.4295718696036,128.91240959853855
PT0351,comorbid,45.88198829201075,0,32.50280286908285,100.56811642399633,0,0,9.1734925965239,7.077654264937933,153.7341777109338,98.55984473334347,0.0,0.0,0.0,20.0,10.0,100.0,2.831551381460377,55.17433297759034,116.95128905920691
PT0351,comorbid,45.88198829201075,0,32.50280286908285,100.56811642399633,191,1,9.215658858105595,7.059987682813803,149.40766422446566,94.25630015546307,2000.0,0.0,0.0,10.0,5.0,50.0,2.8445667008685933,55.1513640690026,112.64008817846393
PT0351,comorbid,45.88198829201075,0,32.50280286908285,100.56811642399633,553,2,9.683230789488686,8.01597030471395,156.00568358297699,92.49626546255152,2000.0,0.0,0.0,10.0,5.0,25.0,2.9888905703555078,63.509418120425465,113.66607150269334
PT0351,comorbid,45.88198829201075,0,32.50280286908285,100.56811642399633,708,3,9.726074936999897,7.968595884655201,148.01213664085034,92.5033337297287,0.0,10.0,0.0,0.0,5.0,0.0,3.0021151305539684,55.50880291112165,111.00626803343592
PT0352,comorbid,49.01442184473056,1,33.1138517389979,105.59262626422434,0,0,12.807999383000231,9.803147062309998,172.24400936046013,100.1465870383103,500.0,10.0,0.0,10.0,5.0,25.0,3.9534024762194044,72.09742232214982,124.17906114569358
PT0352,comorbid,49.01442184473056,1,33.1138517389979,105.59262626422434,238,1,12.861445423233132,10.350501511803214,171.13899570646623,98.82759322774996,0.0,0.0,0.0,20.0,0.0,100.0,3.9698994873046267,72.31140247871627,122.93139405398871
PT0352,comorbid,49.01442184473056,1,33.1138517389979,105.59262626422434,402,2,12.730798647513362,9.535808082009648,165.6072941793859,100.39863993977441,500.0,2.5,0.0,5.0,5.0,0.0,3.929573182532458,65.20865423961148,122.13485801964491
PT0352,comorbid,49.01442184473056,1,33.1138517389979,105.59262626422434,505,3,11.967866191272499,8.505680812710592,161.43557655861633,98.46381293425715,2000.0,10.0,0.0,0.0,5.0,100.0,3.694081364372778,62.971763624359184,119.45440080904355
PT0352,comorbid,49.01442184473056,1,33.1138517389979,105.59262626422434,581,4,12.501059747074933,9.462383962886246,164.631704869232,94.96227267038952,500.0,0.0,20.0,0.0,0.0,0.0,3.858660441930463,69.66943219884249,118.18541673667035
PT0352,comorbid,49.01442184473056,1,33.1138517389979,105.59262626422434,601,5,12.202693338493017,9.57067956468299,168.2432827287315,93.23449238484562,1000.0,2.5,0.0,20.0,0.0,25.0,3.7665646771481778,75.00879034388586,118.23742249947425
PT0352,comorbid,49.01442184473056,1,33.1138517389979,105.59262626422434,611,6,12.959171864733074,9.9781303025373,163.70326746263885,97.29348993848544,1000.0,0.0,0.0,20.0,0.0,50.0,4.00006438224761,66.40977752415341,119.43008244653657
PT0353,comorbid,56.84056161637001,0,30.354046679290743,72.38924534507115,0,0,12.841088176557957,9.607748264765322,154.82587426646452,96.08248414251975,2000.0,2.5,0.0,5.0,5.0,50.0,3.9636158838308897,58.74339012394478,115.66361418383467
PT0353,comorbid,56.84056161637001,0,30.354046679290743,72.38924534507115,60,1,12.054067565175641,9.343724788414828,159.61223202414868,97.39905968891281,1000.0,0.0,0.0,20.0,5.0,25.0,3.7206888551175483,62.21317233523587,118.13678380065811
PT0353,comorbid,56.84056161637001,0,30.354046679290743,72.38924534507115,121,2,13.07522234752873,9.88328746004202,150.3976525169732,93.62573135951858,0.0,0.0,0.0,10.0,10.0,100.0,4.0358852979372015,56.77192115745463,112.54970507867013
PT0353,comorbid,56.84056161637001,0,30.354046679290743,72.38924534507115,174,3,12.78471062838553,9.47891730836719,150.6525609959551,93.7451841967218,2000.0,0.0,0.0,20.0,10.0,0.0,3.9462140139616673,56.907376799233305,112.71430979646622
PT0353,comorbid,56.84056161637001,0,30.354046679290743,72.38924534507115,175,4,12.295872242014182,9.002451362437005,151.86522234603837,94.7203501881415,1000.0,0.0,0.0,10.0,0.0,0.0,3.7953258987017113,57.14487215789687,113.76864090744046
PT0353,comorbid,56.84056161637001,0,30.354046679290743,72.38924534507115,257,5,12.678655773889906,9.283055902859461,152.77752472953983,93.56447746825657,1000.0,0.0,10.0,10.0,5.0,0.0,3.9134784155406845,59.213047261283265,113.30215988868433
PT0353,comorbid,56.84056161637001,0,30.354046679290743,72.38924534507115,306,6,13.716923714404794,10.688480073485236,154.7983699773737,88.13149477567556,2000.0,0.0,30.0,0.0,10.0,0.0,4.23395711984628,66.66687520169815,110.35378650957495
PT0353,comorbid,56.84056161637001,0,30.354046679290743,72.38924534507115,657,7,13.173928394880024,9.568790625877595,148.08998085015546,90.25949030883646,500.0,0.0,0.0,0.0,10.0,50.0,4.066352564552967,57.830490541318994,109.53632048927612
PT0354,comorbid,48.81355559045616,0,32.097175757578626,100.46745587074851,0,0,11.32822101247563,8.648951884720672,164.8580958471177,101.71296720759658,500.0,0.0,0.0,10.0,0.0,50.0,3.4966442191841445,63.14512863952113,122.76134342077029
PT0354,comorbid,48.81355559045616,0,32.097175757578626,100.46745587074851,300,1,10.257424219825285,7.819796123886611,165.23742468284837,102.99325628697575,2000.0,2.5,20.0,10.0,0.0,25.0,3.166124942519405,62.24416839587262,123.74131241893329
PT0354,comorbid,48.81355559045616,0,32.097175757578626,100.46745587074851,342,2,11.038302062744862,9.115710415046157,165.4696395416512,98.33032419718253,500.0,0.0,0.0,20.0,10.0,0.0,3.407155903367247,67.13931534446866,120.71009597867209
PT0354,comorbid,48.81355559045616,0,32.097175757578626,100.46745587074851,457,3,10.805979382317847,9.010550816199398,158.33777485361463,97.10403965769393,500.0,10.0,10.0,10.0,0.0,0.0,3.335445636008776,61.2337351959207,117.51528472300083
PT0354,comorbid,48.81355559045616,0,32.097175757578626,100.46745587074851,672,4,11.568810318217933,9.023013177978303,159.08306564705123,97.60235392509246,2000.0,5.0,20.0,20.0,5.0,0.0,3.570906118223269,61.48071172195877,118.09592449907872
PT0355,comorbid,45.41687327002402,1,25.94308837932851,90.74633604903289,0,0,11.912635108470987,9.041429437663867,158.43931041840543,111.27693403199044,2000.0,0.0,0.0,5.0,5.0,0.0,3.677033370148045,47.16237638641499,126.99772616079544
PT0355,comorbid,45.41687327002402,1,25.94308837932851,90.74633604903289,71,1,12.191795778582842,9.392334040661,162.93700869829448,104.43744849610452,1000.0,5.0,0.0,10.0,0.0,0.0,3.763200963655904,58.499560202189954,123.93730189683451
PT0355,comorbid,45.41687327002402,1,25.94308837932851,90.74633604903289,197,2,12.07490162039581,8.930219306560616,151.5874321105692,104.15829138391187,500.0,0.0,30.0,0.0,10.0,25.0,3.727119633495507,47.42914072665734,119.96800495946432
PT0355,comorbid,45.41687327002402,1,25.94308837932851,90.74633604903289,219,3,12.70652834576072,9.56445809328149,153.7702351579923,105.04876882555114,0.0,2.5,0.0,0.0,10.0,0.0,3.922081749391476,48.72146633244115,121.28925760303152
PT0355,comorbid,45.41687327002402,1,25.94308837932851,90.74633604903289,333,4,12.662711801339059,9.65891221817285,157.2305755956733,104.59236236801989,2000.0,2.5,0.0,0.0,0.0,50.0,3.90855704267999,52.638213227653395,122.13843344390436
PT0355,comorbid,45.41687327002402,1,25.94308837932851,90.74633604903289,385,5,12.476542801153753,9.422172638856585,154.63476719162364,104.79345124691693,1000.0,0.0,0.0,20.0,10.0,25.0,3.8510928779561255,49.84131594470671,121.40722322848583
PT0355,comorbid,45.41687327002402,1,25.94308837932851,90.74633604903289,661,6,11.63041587709895,9.036278401371716,144.67003520998674,99.96234731404451,1000.0,0.0,10.0,10.0,10.0,0.0,3.5899217007312094,44.70768789594223,114.86490994602525
PT0356,comorbid,39.09711753655835,0,39.057239359783296,87.26203795799424,0,0,13.185269914327941,10.05398870040308,174.70913688036734,112.01073446045145,2000.0,5.0,0.0,0.0,0.0,0.0,4.069853313555892,62.698402419915894,132.91020193375675
PT0356,comorbid,39.09711753655835,0,39.057239359783296,87.26203795799424,276,1,13.694722928259385,9.934826296951002,166.20301252246315,110.40197602563988,500.0,5.0,30.0,5.0,10.0,50.0,4.227104477189397,55.80103649682327,129.00232152458096
PT0356,comorbid,39.09711753655835,0,39.057239359783296,87.26203795799424,415,2,13.17146957175582,9.482631545702692,163.92565051259413,110.0016946083075,2000.0,0.0,0.0,10.0,10.0,0.0,4.0655936078152966,53.92395590428663,127.97634657640305
PT0356,comorbid,39.09711753655835,0,39.057239359783296,87.26203795799424,582,3,13.736571098414581,10.25611234567929,160.20319165030813,112.10767956553728,500.0,0.0,20.0,0.0,10.0,0.0,4.2400216123773005,48.095512084770846,128.13951692712757
PT0356,comorbid,39.09711753655835,0,39.057239359783296,87.26203795799424,586,4,13.50906087275192,9.910869265312574,158.63189083510284,111.86092567796219,1000.0,10.0,0.0,5.0,5.0,25.0,4.1697967893894266,46.77096515714065,127.45124739700907
PT0356,comorbid,39.09711753655835,0,39.057239359783296,87.26203795799424,626,5,12.533631687612269,9.973774858885166,163.3689224674077,107.51803914156336,2000.0,2.5,0.0,10.0,5.0,25.0,3.8687143142429874,55.85088332584435,126.13500025017815
PT0356,comorbid,39.09711753655835,0,39.057239359783296,87.26203795799424,628,6,12.162510973076792,9.854468408266067,169.30830989555128,108.711091188249,1000.0,0.0,0.0,0.0,0.0,0.0,3.7541617203563695,60.597218707302275,128.91016409068308
PT0356,comorbid,39.09711753655835,0,39.057239359783296,87.26203795799424,709,7,12.722045460585717,9.891276969103586,155.91345289086607,106.79169727981753,1000.0,0.0,20.0,10.0,5.0,0.0,3.926871365500791,49.12175561104854,123.16561581683371
PT0357,comorbid,41.36911290033589,1,34.890178076501016,54.88012955864603,0,0,12.049896016204706,9.302101289096388,168.4035674076619,97.1460429746676,2000.0,10.0,0.0,20.0,10.0,25.0,3.7194012370018528,71.25752443299432,120.89855111899904
PT0357,comorbid,41.36911290033589,1,34.890178076501016,54.88012955864603,183,1,11.334698788307396,9.173353279925239,170.1275316522955,97.94147358431019,1000.0,0.0,20.0,20.0,0.0,25.0,3.49864369265755,72.1860580679853,122.00349294030529
PT0357,comorbid,41.36911290033589,1,34.890178076501016,54.88012955864603,394,2,11.705429744901199,9.024063149885023,160.89419143085476,97.83499157597092,1000.0,2.5,0.0,0.0,0.0,100.0,3.6130759812595037,63.05919985488384,118.8547248609322
PT0357,comorbid,41.36911290033589,1,34.890178076501016,54.88012955864603,447,3,11.266209503742473,9.118341963325687,152.22601234894512,98.68861958823827,0.0,5.0,30.0,5.0,10.0,0.0,3.47750333348851,53.53739276070685,116.53441717514055
PT0357,comorbid,41.36911290033589,1,34.890178076501016,54.88012955864603,501,4,11.52889188111218,8.888065781874435,154.23801923883448,93.96531941139234,2000.0,0.0,0.0,10.0,5.0,100.0,3.5585846273032935,60.27269982744214,114.05621935387306
PT0358,comorbid,66.67927916776743,1,31.196332384057406,107.29241879189445,0,0,15.563109577169381,10.976718410906845,170.6945419234303,102.84698718361737,500.0,0.0,0.0,5.0,0.0,0.0,4.803813156152949,67.84755473981294,125.46283876355501
PT0358,comorbid,66.67927916776743,1,31.196332384057406,107.29241879189445,277,1,15.708447515794283,11.336721574212113,168.4049173762825,107.03853294385928,1000.0,2.5,30.0,0.0,10.0,25.0,4.848674133208502,61.36638443242322,127.49399442133368
PT0358,comorbid,66.67927916776743,1,31.196332384057406,107.29241879189445,369,2,14.850929724143445,11.354419370074357,165.00497944622265,103.52000774389474,2000.0,0.0,20.0,0.0,0.0,50.0,4.583986974852277,61.48497170232791,124.01499831133738
PT0358,comorbid,66.67927916776743,1,31.196332384057406,107.29241879189445,553,3,14.633125380397312,10.642237327556195,161.5833547375954,102.84384955853159,2000.0,2.5,0.0,20.0,0.0,0.0,4.5167580340826365,58.739505179063826,122.42368461821953
PT0358,comorbid,66.67927916776743,1,31.196332384057406,107.29241879189445,686,4,14.815265186497273,11.066609192990514,167.00829447618963,106.34243773180431,2000.0,0.0,0.0,5.0,0.0,50.0,4.572978520898825,60.66585674438532,126.56438997993276
PT0359,comorbid,74.25088169114697,0,38.41594091456463,95.51619541503185,0,0,11.884473142058475,8.658757566924603,182.05197231177783,90.72264176765472,500.0,5.0,10.0,20.0,5.0,0.0,3.668340709848716,91.32933054412311,121.16575194902909
PT0359,comorbid,74.25088169114697,0,38.41594091456463,95.51619541503185,402,1,11.815559135825842,9.187419629027154,175.17246780222322,90.06714265093129,2000.0,5.0,20.0,20.0,0.0,100.0,3.647069253258243,85.10532515129194,118.4355843680286
PT0359,comorbid,74.25088169114697,0,38.41594091456463,95.51619541503185,487,2,11.504397856108216,8.744272793890252,174.75887019846377,89.28974441150132,1000.0,5.0,20.0,10.0,10.0,25.0,3.5510241382520698,85.46912578696245,117.77945300715547
PT0359,comorbid,74.25088169114697,0,38.41594091456463,95.51619541503185,595,3,11.153357435849584,8.747479514538089,164.9825500658957,86.76713114310715,2000.0,0.0,0.0,5.0,5.0,0.0,3.4426696618655717,78.21541892278856,112.83893745070334
PT0359,comorbid,74.25088169114697,0,38.41594091456463,95.51619541503185,682,4,10.963652389031873,8.398960909083137,159.4679118065244,91.04776054953452,2000.0,10.0,0.0,0.0,0.0,25.0,3.384114037414505,68.42015125698988,113.85447763519781
PT0360,comorbid,66.8745125895598,1,34.10443415065885,88.01256014536281,0,0,11.369606026059595,8.54301006614599,167.74771647814399,108.89530387182977,2000.0,2.5,0.0,0.0,5.0,0.0,3.5094183933770617,58.85241260631422,128.51277474060117
PT0360,comorbid,66.8745125895598,1,34.10443415065885,88.01256014536281,238,1,12.432095154351774,9.639415798425253,168.27268399833946,107.81997766257649,1000.0,0.0,0.0,0.0,0.0,25.0,3.837373370976581,60.45270633576297,127.97087977449748
PT0360,comorbid,66.8745125895598,1,34.10443415065885,88.01256014536281,383,2,12.105883066323784,9.022881968910394,167.9893269931319,110.6119117173775,1000.0,0.0,0.0,20.0,0.0,0.0,3.736682573138608,57.3774152757544,129.73771680929562
PT0360,comorbid,66.8745125895598,1,34.10443415065885,88.01256014536281,407,3,12.328966604502531,9.333757281092621,172.48068621405815,105.24984880190405,1000.0,0.0,0.0,5.0,5.0,0.0,3.8055410252564483,67.2308374121541,127.66012793928876
PT0360,comorbid,66.8745125895598,1,34.10443415065885,88.01256014536281,476,4,12.401252240612347,8.90049972461979,166.00591073005936,103.17699272326779,0.0,5.0,20.0,10.0,0.0,25.0,3.8278531916023444,62.82891800679157,124.11996539219831
PT0361,comorbid,64.39383455487808,0,31.697748540652448,95.28281264623902,0,0,12.689089357889504,9.73004448728766,173.351964620704,94.01937447520483,500.0,0.0,30.0,0.0,5.0,0.0,3.9166989151352274,79.33259014549917,120.46357119037121
PT0361,comorbid,64.39383455487808,0,31.697748540652448,95.28281264623902,312,1,12.897028900334815,10.190866804528614,159.84314831573266,91.47085591826107,2000.0,0.0,0.0,20.0,5.0,50.0,3.980882920570013,68.3722923974716,114.2616200507516
PT0361,comorbid,64.39383455487808,0,31.697748540652448,95.28281264623902,430,2,12.826556007336682,9.6904226349637,165.95006649704592,92.88229873676406,2000.0,2.5,10.0,20.0,0.0,25.0,3.9591302875979224,73.06776776028187,117.23822132352468
PT0361,comorbid,64.39383455487808,0,31.697748540652448,95.28281264623902,495,3,12.757743284044736,9.392562154946269,155.99930475739683,93.7693725691773,2000.0,0.0,0.0,0.0,10.0,25.0,3.9378900936751418,62.22993218821952,114.51268329858381
PT0361,comorbid,64.39383455487808,0,31.697748540652448,95.28281264623902,578,4,12.486840148383534,9.460996381146861,158.66002231172214,87.55933492609869,500.0,10.0,0.0,0.0,10.0,50.0,3.854271325801051,71.10068738562346,111.25956405463984
PT0362,comorbid,68.05339590908083,1,25.221692104936217,106.36749778466958,0,0,15.706350198069446,11.301840241432076,167.16591031303864,97.573516200156,1000.0,2.5,20.0,0.0,10.0,0.0,4.848026761137436,69.59239411288263,120.77098090445021
PT0362,comorbid,68.05339590908083,1,25.221692104936217,106.36749778466958,39,1,15.437977977018306,11.351971865797978,152.431409990344,98.66493035791154,500.0,5.0,20.0,10.0,0.0,0.0,4.765189202239651,53.766479632432464,116.58709023538903
PT0362,comorbid,68.05339590908083,1,25.221692104936217,106.36749778466958,78,2,15.003366700095999,11.46080727492401,159.1537765372865,103.29026392596454,1000.0,0.0,30.0,0.0,0.0,100.0,4.631039188096298,55.86351261132195,121.91143479640519
PT0362,comorbid,68.05339590908083,1,25.221692104936217,106.36749778466958,103,3,14.639522069188034,10.608744282421013,162.2059235374559,101.33590100369521,500.0,0.0,20.0,0.0,10.0,0.0,4.518732478689373,60.87002253376069,121.62590851494878
PT0362,comorbid,68.05339590908083,1,25.221692104936217,106.36749778466958,118,4,14.866982066389006,11.249744774459218,159.1138746937959,105.24999434655237,1000.0,0.0,30.0,5.0,5.0,100.0,4.588941797825407,53.86388034724354,123.20462112896688
PT0362,comorbid,68.05339590908083,1,25.221692104936217,106.36749778466958,637,5,15.552112989887185,11.663141571285827,156.72734525856913,103.27111534984266,1000.0,5.0,10.0,5.0,0.0,0.0,4.800418876211845,53.45622990872647,121.08985865275149
PT0363,comorbid,43.81056833538979,1,39.045054210420375,95.44405435478686,0,0,13.227108873550879,10.198557853137125,175.49229332532332,104.48230449321746,2000.0,5.0,10.0,10.0,10.0,50.0,4.082767605636038,71.00998883210586,128.15230077058607
PT0363,comorbid,43.81056833538979,1,39.045054210420375,95.44405435478686,226,1,12.713570270632385,9.402142388648475,186.15707120122894,106.99356998830814,2000.0,0.0,10.0,0.0,0.0,0.0,3.92425535686853,79.1635012129208,133.38140372594842
PT0363,comorbid,43.81056833538979,1,39.045054210420375,95.44405435478686,331,2,12.872934920037064,9.992561545151698,182.0374061245287,104.5274922657598,500.0,0.0,20.0,20.0,0.0,50.0,3.973445911984774,77.5099138587689,130.36413021868276
PT0363,comorbid,43.81056833538979,1,39.045054210420375,95.44405435478686,654,3,13.617887039875477,9.952838399114041,173.15961441799922,103.07320295739436,1000.0,0.0,0.0,10.0,0.0,0.0,4.203387799641564,70.08641146060486,126.43534011092932
PT0364,comorbid,65.35214924948812,0,31.76201795354731,84.2555353350933,0,0,13.64567810897315,9.827404886027274,170.97104069273848,91.88030857555333,500.0,0.0,0.0,5.0,5.0,25.0,4.211965976303046,79.09073211718515,118.24388594794839
PT0364,comorbid,65.35214924948812,0,31.76201795354731,84.2555353350933,197,1,13.253693613999674,9.721879744147232,169.42963373403978,91.30500710996343,1000.0,2.5,30.0,20.0,0.0,25.0,4.090973428854567,78.12462662407636,117.34654931798887
PT0364,comorbid,65.35214924948812,0,31.76201795354731,84.2555353350933,438,2,13.04874150949035,9.680047736634917,168.63720447096793,91.75436792000335,1000.0,2.5,20.0,5.0,5.0,25.0,4.027711545929355,76.88283655096458,117.38198010365821
PT0364,comorbid,65.35214924948812,0,31.76201795354731,84.2555353350933,459,3,12.7319664317922,9.796637417508606,168.40276700793956,94.00362973493743,0.0,5.0,0.0,5.0,10.0,100.0,3.9299336386131927,74.39913727300213,118.80334215927148
PT0364,comorbid,65.35214924948812,0,31.76201795354731,84.2555353350933,597,4,12.399098402651802,9.123142508085765,165.65765359381754,91.45943064591879,500.0,5.0,0.0,20.0,0.0,25.0,3.827188373618523,74.19822294789876,116.1921716285517
PT0365,comorbid,74.2629385267866,1,28.392166174599826,101.97927667196217,0,0,9.4488804898472,7.550406623024143,155.9496716008105,108.64506768497426,1000.0,0.0,0.0,0.0,0.0,25.0,2.9165544445328355,47.304603915836225,124.413268990253
PT0365,comorbid,74.2629385267866,1,28.392166174599826,101.97927667196217,194,1,8.769634033810119,7.310227572774685,164.97745477378928,105.48879342221922,1000.0,5.0,10.0,5.0,10.0,50.0,2.7068937051027233,59.48866135157006,125.3183472060759
PT0365,comorbid,74.2629385267866,1,28.392166174599826,101.97927667196217,213,2,8.740780116631177,6.585921007888316,157.0311143473774,103.6620330727448,2000.0,0.0,0.0,0.0,5.0,0.0,2.6979874626668234,53.369081274632606,121.45172683095568
PT0365,comorbid,74.2629385267866,1,28.392166174599826,101.97927667196217,247,3,9.535172164982129,7.827636997075714,153.0200315275713,98.85468062754474,1000.0,0.0,0.0,10.0,0.0,100.0,2.9431898082578174,54.16535090002655,116.90979759422025
PT0365,comorbid,74.2629385267866,1,28.392166174599826,101.97927667196217,261,4,9.04063716602961,7.709900341228416,153.48702164640545,99.64341993385487,0.0,5.0,0.0,5.0,0.0,0.0,2.79054333858114,53.84360171255058,117.59128717137173
PT0365,comorbid,74.2629385267866,1,28.392166174599826,101.97927667196217,359,5,8.2542609361738,6.987316915878622,151.5388703795945,100.29472990133971,0.0,10.0,30.0,10.0,5.0,0.0,2.5478152089656465,51.24414047825479,117.37611006075797
PT0365,comorbid,74.2629385267866,1,28.392166174599826,101.97927667196217,469,6,7.869994706309365,6.298950755847042,145.7467256819556,99.2013381987915,2000.0,0.0,0.0,5.0,10.0,25.0,2.429205032680824,46.545387483164106,114.7164673598462
PT0366,comorbid,45.59196130878021,1,29.427719826658695,77.11667654842037,0,0,14.804751424182387,10.390591553417309,148.67211581504444,100.18594463141027,2000.0,0.0,0.0,20.0,0.0,50.0,4.569733272930963,48.48617118363417,116.34800169262165
PT0366,comorbid,45.59196130878021,1,29.427719826658695,77.11667654842037,251,1,15.184781151998603,11.204150838378508,159.37545451460707,106.8697224280042,0.0,0.0,0.0,0.0,0.0,50.0,4.687035782250235,52.505732086602876,124.37163312353849
PT0366,comorbid,45.59196130878021,1,29.427719826658695,77.11667654842037,443,2,15.121549054776022,11.532128962878197,148.57970487862082,98.6779627204735,1000.0,0.0,0.0,10.0,0.0,25.0,4.667518141574199,49.901742158147314,115.31187677318927
PT0366,comorbid,45.59196130878021,1,29.427719826658695,77.11667654842037,657,3,14.74013762936137,11.449831355142589,142.24956710704706,101.31508304399765,1000.0,0.0,20.0,20.0,0.0,0.0,4.549789148262876,40.93448406304941,114.95991106501411
PT0367,comorbid,48.88892520106809,0,36.794751069812776,95.61360403271333,0,0,11.174819946297436,9.3623035082623,152.84196366146375,102.88753557183932,2000.0,2.5,0.0,5.0,10.0,50.0,3.449294423423809,49.95442808962443,119.53901160171414
PT0367,comorbid,48.88892520106809,0,36.794751069812776,95.61360403271333,263,1,10.617346551424815,8.828756742821506,152.31470181141228,102.43819505077627,0.0,5.0,0.0,0.0,5.0,50.0,3.277220968873126,49.876506760636005,119.06369730432161
PT0367,comorbid,48.88892520106809,0,36.794751069812776,95.61360403271333,278,2,11.224956076427485,8.922346706372178,149.73512230805565,106.91960694646006,2000.0,0.0,0.0,0.0,10.0,25.0,3.464769775590617,42.81551536159559,121.19144540032526
PT0367,comorbid,48.88892520106809,0,36.794751069812776,95.61360403271333,450,3,11.252839477203752,8.56907368094609,149.83087957461936,100.83037774566964,2000.0,0.0,10.0,10.0,10.0,100.0,3.473376451963558,49.00050182894972,117.16387835531954
PT0368,comorbid,40.88109807192845,1,38.85752768637978,49.30446514264081,0,0,12.374897467156535,9.064455399887615,167.23548030782578,90.95513280058336,2000.0,5.0,0.0,20.0,0.0,50.0,3.8197183515289836,76.28034750724242,116.3819153029975
PT0368,comorbid,40.88109807192845,1,38.85752768637978,49.30446514264081,310,1,12.027313534430716,9.050672081378083,169.4490343285035,88.51839942442874,2000.0,2.5,10.0,5.0,10.0,0.0,3.712430777627614,80.93063490407476,115.49527772578699
PT0368,comorbid,40.88109807192845,1,38.85752768637978,49.30446514264081,454,2,11.937752967072297,8.849653217409644,162.49503043990066,89.97417503761395,1000.0,0.0,30.0,20.0,10.0,0.0,3.684786415836316,72.52085540228671,114.14779350504286
PT0368,comorbid,40.88109807192845,1,38.85752768637978,49.30446514264081,579,3,11.649641994936236,9.192986236138411,149.97503441322291,83.01098917533929,0.0,2.5,0.0,10.0,0.0,0.0,3.595856162436985,66.96404523788362,105.33233758796716
PT0369,comorbid,64.70753959820598,1,34.13919555389031,53.755418188117446,0,0,11.45501022943322,9.34431905365529,171.43356126389696,101.1257581236237,1000.0,0.0,10.0,10.0,10.0,0.0,3.5357798241517213,70.30780314027326,124.56169250371478
PT0369,comorbid,64.70753959820598,1,34.13919555389031,53.755418188117446,175,1,11.388181271839976,8.52185643136247,166.38260329907186,102.56645341116233,1000.0,2.5,10.0,20.0,10.0,25.0,3.5151519525746058,63.81614988790953,123.83850337379884
PT0369,comorbid,64.70753959820598,1,34.13919555389031,53.755418188117446,490,2,12.595582731486157,8.81488980641913,160.67061202615668,102.68735884595341,1000.0,0.0,0.0,5.0,10.0,0.0,3.8878365364520606,57.98325318020326,122.01510990602117
PT0369,comorbid,64.70753959820598,1,34.13919555389031,53.755418188117446,611,3,12.250859200160866,8.811890477974329,159.8730295587324,99.85183379860348,1000.0,10.0,20.0,20.0,5.0,50.0,3.7814318731163206,60.02119576012893,119.85889905197979
PT0369,comorbid,64.70753959820598,1,34.13919555389031,53.755418188117446,651,4,11.595685124104797,8.055321132471873,154.36119643248966,98.76032802144984,1000.0,0.0,30.0,20.0,5.0,25.0,3.579201474973681,55.600868411039826,117.29395082512978
PT0370,comorbid,55.88100234360235,0,29.140767243300186,48.00094839357937,0,0,12.573550324683248,10.255906156534504,168.52346132293886,88.56307312823544,500.0,5.0,10.0,0.0,5.0,0.0,3.881035866885563,79.96038819470341,115.21653585980324
PT0370,comorbid,55.88100234360235,0,29.140767243300186,48.00094839357937,224,1,13.170134852707339,10.373978024281696,168.16191675806687,91.0966219762904,0.0,0.0,10.0,0.0,10.0,50.0,4.065181624535666,77.06529478177647,116.78505357021588
PT0370,comorbid,55.88100234360235,0,29.140767243300186,48.00094839357937,534,2,13.310270222161394,10.069100598349689,170.4981511940513,88.99884797238313,0.0,0.0,30.0,0.0,10.0,0.0,4.10843674190715,81.49930322166817,116.16528237960586
PT0370,comorbid,55.88100234360235,0,29.140767243300186,48.00094839357937,600,3,13.328756457956471,9.884481019942548,164.28717644834987,86.41456635166593,500.0,2.5,0.0,20.0,10.0,0.0,4.114142826689231,77.87261009668394,112.37210305056057
PT0371,comorbid,59.38588811985776,0,28.790117472319707,81.50808330173358,0,0,8.911376310011827,6.958882857122499,187.52330267643637,102.3026142933348,2000.0,0.0,0.0,0.0,10.0,0.0,2.7506448210236507,85.22068838310157,130.70951042103533
PT0371,comorbid,59.38588811985776,0,28.790117472319707,81.50808330173358,15,1,8.309919588851596,6.516361033176036,186.06553956508432,98.1102106419492,2000.0,0.0,0.0,0.0,5.0,0.0,2.5649951797588595,87.95532892313513,127.42865361632757
PT0371,comorbid,59.38588811985776,0,28.790117472319707,81.50808330173358,168,2,8.994816594272567,7.050490147621638,182.7051042424735,93.52174211053638,500.0,0.0,0.0,20.0,10.0,0.0,2.7764000554321324,89.18336213193713,123.24952948784876
PT0371,comorbid,59.38588811985776,0,28.790117472319707,81.50808330173358,263,3,8.43524594504541,6.996845838900459,178.46752296830343,91.42438961779945,0.0,0.0,0.0,5.0,10.0,25.0,2.603679248370683,87.04313335050398,120.43876740130078
PT0371,comorbid,59.38588811985776,0,28.790117472319707,81.50808330173358,434,4,8.20486949871074,6.595001404782827,177.70166302023193,93.03330390819836,1000.0,2.5,20.0,0.0,5.0,100.0,2.5325697186020486,84.66835911203357,121.25609027887621
PT0372,comorbid,40.24086554925348,0,30.172581485321146,83.73843943102703,0,0,9.616320218711751,7.702281218527178,171.542859640208,99.753233509415,1000.0,5.0,10.0,5.0,5.0,25.0,2.9682375075090275,71.78962613079301,123.683108886346
PT0372,comorbid,40.24086554925348,0,30.172581485321146,83.73843943102703,380,1,8.904766916478035,7.592658523810043,174.03204525453134,97.87717124975674,1000.0,5.0,20.0,10.0,10.0,50.0,2.748604721552887,76.1548740047746,123.26212925134827
PT0372,comorbid,40.24086554925348,0,30.172581485321146,83.73843943102703,432,2,9.1711098261761,6.9631817179928905,170.20334042672667,95.74441241596324,1000.0,0.0,0.0,0.0,10.0,50.0,2.8308158996796893,74.45892801076343,120.56405508621772
PT0372,comorbid,40.24086554925348,0,30.172581485321146,83.73843943102703,436,3,9.565204758457885,7.916542984799719,166.17592826301964,96.52654792110931,1000.0,0.0,0.0,10.0,5.0,25.0,2.9524598687773342,69.64938034191033,119.74300803507943
PT0373,comorbid,36.41626228457374,1,26.957288546948433,98.84250198097577,0,0,8.967169322808607,7.192858620316311,182.11186924031267,105.5781088323522,1000.0,5.0,0.0,0.0,10.0,25.0,2.7678662643069236,76.53376040796047,131.08936230167237
PT0373,comorbid,36.41626228457374,1,26.957288546948433,98.84250198097577,201,1,9.54629527685485,7.354537071566974,178.95818545205194,105.64529690698863,1000.0,5.0,30.0,0.0,10.0,0.0,2.946623142122531,73.3128885450633,130.08292642200973
PT0373,comorbid,36.41626228457374,1,26.957288546948433,98.84250198097577,222,2,8.670236851251984,6.739295456215774,178.76691283094613,100.74643825370525,2000.0,0.0,0.0,0.0,0.0,25.0,2.6762131080864457,78.02047457724088,126.75326311278555
PT0373,comorbid,36.41626228457374,1,26.957288546948433,98.84250198097577,237,3,8.73210794053293,6.875064387310866,176.39613837825092,100.56711110476245,0.0,5.0,0.0,5.0,5.0,50.0,2.6953106509778313,75.82902727348848,125.84345352925861
PT0373,comorbid,36.41626228457374,1,26.957288546948433,98.84250198097577,426,4,9.204120756554476,7.846550900217203,177.66989878166638,103.79804711319365,500.0,0.0,10.0,0.0,0.0,0.0,2.841005273523148,73.87185166847273,128.4219976693512
PT0373,comorbid,36.41626228457374,1,26.957288546948433,98.84250198097577,427,5,8.90115290108729,7.386321992298815,172.58300217247802,97.29939296771556,1000.0,0.0,0.0,10.0,0.0,100.0,2.7474891954689435,75.28360920476246,122.39392936930305
PT0374,comorbid,40.40332626216491,0,23.09526942126052,92.20384977225787,0,0,15.25577930952612,11.40003337514639,170.86980660752215,97.99407994189123,2000.0,2.5,20.0,20.0,5.0,0.0,4.708950546873729,72.87572666563092,122.28598883043487
PT0374,comorbid,40.40332626216491,0,23.09526942126052,92.20384977225787,232,1,15.93355150093263,10.991694376643185,170.04242749914002,98.92507847646272,1000.0,2.5,0.0,0.0,0.0,0.0,4.918156229954539,71.1173490226773,122.63086148402182
PT0374,comorbid,40.40332626216491,0,23.09526942126052,92.20384977225787,244,2,15.687302014503066,11.375629230333816,166.96112786331022,100.36307732017166,2000.0,2.5,20.0,0.0,0.0,100.0,4.842147221809946,66.59805054313857,122.56242750121784
PT0374,comorbid,40.40332626216491,0,23.09526942126052,92.20384977225787,299,3,14.313998728437447,10.195340922465357,162.7063381694447,97.90171350390594,2000.0,0.0,0.0,10.0,5.0,25.0,4.418254274177692,64.80462466553877,119.50325505908553
PT0374,comorbid,40.40332626216491,0,23.09526942126052,92.20384977225787,319,4,15.11678853473992,11.000226055423024,167.6384456147808,95.80818446823827,500.0,0.0,0.0,20.0,0.0,50.0,4.666048727723055,71.83026114654254,119.75160485041911
PT0374,comorbid,40.40332626216491,0,23.09526942126052,92.20384977225787,432,5,14.879798036790072,10.38040829958871,159.07446267726044,93.26629411704799,500.0,2.5,20.0,10.0,10.0,0.0,4.592897660689203,65.80816856021245,115.20235030378548
PT0374,comorbid,40.40332626216491,0,23.09526942126052,92.20384977225787,636,6,14.56849663452638,10.370174524460005,162.86307659413706,100.72395732762175,1000.0,5.0,30.0,0.0,5.0,25.0,4.49680929452381,62.13911926651531,121.43699708312685
PT0375,comorbid,57.8942069493867,0,26.34696937707369,73.99512310150348,0,0,13.729090566779215,10.418549087743118,156.3895395010386,102.54857776823178,2000.0,2.5,20.0,20.0,0.0,100.0,4.237712621612518,53.84096173280682,120.49556501250072
PT0375,comorbid,57.8942069493867,0,26.34696937707369,73.99512310150348,229,1,12.985070207307619,10.291680608193106,158.96251072849475,98.94409466860688,2000.0,2.5,30.0,5.0,0.0,25.0,4.008058337322285,60.01841605988787,118.95023335523616
PT0375,comorbid,57.8942069493867,0,26.34696937707369,73.99512310150348,245,2,13.167170393447398,9.92508733342914,153.69195004813707,97.3099826594932,1000.0,0.0,0.0,0.0,5.0,100.0,4.06426659477743,56.38196738864387,116.10397178904115
PT0375,comorbid,57.8942069493867,0,26.34696937707369,73.99512310150348,491,3,12.646338352782243,9.881402815657863,148.5868652147718,97.65860738707204,1000.0,0.0,10.0,20.0,0.0,100.0,3.903503104892119,50.92825782769975,114.63469332963862
PT0375,comorbid,57.8942069493867,0,26.34696937707369,73.99512310150348,498,4,12.656024280034082,9.017130776595483,150.47902303151696,97.42638999372598,2000.0,0.0,20.0,0.0,5.0,50.0,3.90649282777052,53.05263303779098,115.11060100632297
PT0376,comorbid,47.80657753306207,1,27.988691334803615,106.97382346714818,0,0,11.441960059569027,9.702169536281156,178.45145442932306,96.34809416380864,500.0,0.0,0.0,10.0,10.0,0.0,3.531751671720307,82.10336026551443,123.71588091898012
PT0376,comorbid,47.80657753306207,1,27.988691334803615,106.97382346714818,126,1,12.468750262123436,9.585478573485599,179.06496158095288,98.69915566596569,500.0,2.5,0.0,0.0,0.0,0.0,3.8486875809087673,80.36580591498719,125.48775763762809
PT0376,comorbid,47.80657753306207,1,27.988691334803615,106.97382346714818,268,2,11.56598298378284,9.088406649483279,173.87399834202927,98.49139729917702,2000.0,0.0,0.0,10.0,10.0,25.0,3.5700334143276367,75.38260104285224,123.61893098012777
PT0376,comorbid,47.80657753306207,1,27.988691334803615,106.97382346714818,537,3,11.369331548497753,8.334402782543892,176.68236010394676,97.54873892153297,2000.0,5.0,0.0,0.0,5.0,0.0,3.5093336713029735,79.13362118241379,123.92661264900424
PT0377,comorbid,45.427595449771474,0,34.11031098245722,107.34926407307312,0,0,12.82455970874026,10.160058311633207,185.6333547055263,107.17493042176598,2000.0,5.0,0.0,0.0,10.0,25.0,3.958514096764494,78.45842428376032,133.32773851635275
PT0377,comorbid,45.427595449771474,0,34.11031098245722,107.34926407307312,128,1,11.956459585451599,9.018499105666931,183.75724100392145,107.04301036540186,500.0,0.0,10.0,5.0,5.0,50.0,3.6905605253760605,76.7142306385196,132.61442057824172
PT0377,comorbid,45.427595449771474,0,34.11031098245722,107.34926407307312,209,2,12.529573395829079,9.541107653239914,186.75684467515302,104.5060634675425,1000.0,5.0,0.0,0.0,0.0,0.0,3.867461654845909,82.25078120761052,131.922990536746
PT0377,comorbid,45.427595449771474,0,34.11031098245722,107.34926407307312,285,3,12.21681176845509,9.33615028327623,178.37454349721608,104.8775174480676,2000.0,0.0,0.0,20.0,0.0,0.0,3.770922565863138,73.49702604914849,129.3765261311171
PT0377,comorbid,45.427595449771474,0,34.11031098245722,107.34926407307312,437,4,12.131022442346708,9.044331806362296,178.2074022371378,99.94949236382705,500.0,10.0,0.0,20.0,0.0,0.0,3.744442260537684,78.25790987331077,126.03546232159731
PT0378,comorbid,42.32144923331853,1,24.037341862643306,97.35853000457234,0,0,13.052424476587746,9.817558754154389,169.43247710803166,97.75357487627976,500.0,5.0,30.0,20.0,10.0,0.0,4.028848355106751,71.6789022317519,121.64654228686372
PT0378,comorbid,42.32144923331853,1,24.037341862643306,97.35853000457234,355,1,12.278347366089465,9.071271464678935,174.883034069174,92.55359127792917,1000.0,0.0,10.0,0.0,0.0,100.0,3.7899165536662816,82.32944279124482,119.99673887501078
PT0378,comorbid,42.32144923331853,1,24.037341862643306,97.35853000457234,364,2,11.563874278655327,8.949615713946393,173.87741271276187,97.6454093853924,1000.0,2.5,0.0,0.0,5.0,25.0,3.5693825273449447,76.23200332736947,123.05607716118222
PT0378,comorbid,42.32144923331853,1,24.037341862643306,97.35853000457234,364,3,11.600771288381269,9.135533082114364,161.94123392371486,93.48973832178424,1000.0,0.0,0.0,20.0,0.0,25.0,3.5807714043470185,68.45149560193062,116.30690352242779
PT0378,comorbid,42.32144923331853,1,24.037341862643306,97.35853000457234,383,4,13.257698758441036,9.97983543575924,163.9606652524085,96.47044768682231,2000.0,0.0,0.0,0.0,5.0,0.0,4.092209683438799,67.49021756558618,118.96718687535103
PT0378,comorbid,42.32144923331853,1,24.037341862643306,97.35853000457234,591,5,12.427992290872016,8.923147025627266,164.85203833265584,95.15873541125897,1000.0,5.0,10.0,0.0,0.0,0.0,3.836106953782496,69.69330292139686,118.38983638505793
PT0378,comorbid,42.32144923331853,1,24.037341862643306,97.35853000457234,606,6,11.75442418211996,8.869165749429586,173.2544094786301,91.23387065312728,500.0,10.0,0.0,10.0,5.0,0.0,3.6281989308810276,82.02053882550281,118.57405026162822
PT0379,comorbid,66.5732121299723,0,30.07282630935047,50.68086310100666,0,0,9.676197821446651,7.848413255275833,166.19993335769007,103.26367672311974,1000.0,5.0,30.0,0.0,0.0,0.0,2.9867197275532,62.93625663457033,124.24242893464319
PT0379,comorbid,66.5732121299723,0,30.07282630935047,50.68086310100666,243,1,10.846293287770534,8.48857399693856,166.96182111806323,106.40400144556587,2000.0,0.0,0.0,0.0,10.0,0.0,3.3478891948251714,60.55781967249736,126.58994133639833
PT0379,comorbid,66.5732121299723,0,30.07282630935047,50.68086310100666,309,2,10.435489766750912,8.663243825964514,163.30170237442317,102.65979819889978,1000.0,5.0,10.0,0.0,0.0,25.0,3.2210878413371153,60.64190417552339,122.87376625740758
PT0379,comorbid,66.5732121299723,0,30.07282630935047,50.68086310100666,345,3,9.959934172296911,8.28437997425306,166.87316935014223,109.36448045057682,2000.0,2.5,10.0,5.0,10.0,0.0,3.0742996811823136,57.50868889956541,128.53404341709862
PT0379,comorbid,66.5732121299723,0,30.07282630935047,50.68086310100666,386,4,9.04017908540656,7.275859553447988,164.346429083009,104.99607584466767,2000.0,2.5,20.0,0.0,10.0,0.0,2.7904019443621584,59.35035323834134,124.77952692411479
PT0379,comorbid,66.5732121299723,0,30.07282630935047,50.68086310100666,658,5,9.786319901142784,6.975879059431032,165.89860120174302,105.15446281418666,1000.0,2.5,0.0,20.0,0.0,0.0,3.020710742819406,60.74413838755636,125.40250894337211
PT0379,comorbid,66.5732121299723,0,30.07282630935047,50.68086310100666,708,6,9.54379614214088,7.641150102776983,161.53849031416576,106.89674029425485,2000.0,5.0,0.0,5.0,5.0,0.0,2.9458517425408184,54.6417500199109,125.11065696755848
PT0380,comorbid,54.02554003107332,1,37.52234120952845,79.94805105326395,0,0,13.324842320780492,10.066859809272131,160.12365003460928,99.00001457266085,2000.0,5.0,0.0,10.0,0.0,0.0,4.112934663014245,61.12363546194844,119.37455972664365
PT0380,comorbid,54.02554003107332,1,37.52234120952845,79.94805105326395,168,1,12.748059651009656,9.526461167779333,166.2295891005521,97.06055034794542,500.0,2.5,0.0,10.0,0.0,0.0,3.934901078944981,69.16903875260667,120.11689659881431
PT0380,comorbid,54.02554003107332,1,37.52234120952845,79.94805105326395,171,2,12.460688918091535,8.793581992646722,167.56202027411143,96.43227538621862,0.0,2.5,10.0,10.0,0.0,50.0,3.846199312717587,71.12974488789281,120.14219034884955
PT0380,comorbid,54.02554003107332,1,37.52234120952845,79.94805105326395,261,3,12.336653587661885,9.293825840061022,160.25242205748503,95.86282450507717,1000.0,0.0,0.0,10.0,10.0,100.0,3.8079137407249686,64.38959755240786,117.32602368921313
PT0380,comorbid,54.02554003107332,1,37.52234120952845,79.94805105326395,262,4,12.090255600928376,8.98741683667404,150.8023876197245,92.62291899770185,500.0,10.0,30.0,20.0,5.0,50.0,3.7318588954865595,58.179468622022654,112.01607520504272
PT0380,comorbid,54.02554003107332,1,37.52234120952845,79.94805105326395,270,5,13.108221096668117,9.731122093006459,152.19264561743543,95.22537440811986,2000.0,2.5,0.0,5.0,0.0,50.0,4.046070911838226,56.96727120931557,114.21446481122506
PT0380,comorbid,54.02554003107332,1,37.52234120952845,79.94805105326395,647,6,12.421502607226836,9.555418428962643,156.85576612353614,91.22039532385013,1000.0,5.0,0.0,10.0,0.0,100.0,3.8341038047640166,65.63537079968602,113.0988522570788
PT0380,comorbid,54.02554003107332,1,37.52234120952845,79.94805105326395,694,7,13.195172198154465,9.749697771193073,148.54010947621174,93.80055756600257,500.0,5.0,0.0,20.0,0.0,50.0,4.072909818497012,54.73955191020917,112.04707486940562
PT0381,comorbid,40.60472977262374,1,24.387452283002595,102.94769096578486,0,0,13.003638899509554,9.581677852372167,169.84162703769283,107.55906605897533,1000.0,10.0,0.0,5.0,10.0,0.0,4.013789873648616,62.2825609787175,128.31991971854782
PT0381,comorbid,40.60472977262374,1,24.387452283002595,102.94769096578486,74,1,13.038341770296352,9.715986340947845,167.49664768204713,109.04707460506896,500.0,5.0,10.0,0.0,10.0,0.0,4.024501493098141,58.44957307697817,128.53026563072834
PT0381,comorbid,40.60472977262374,1,24.387452283002595,102.94769096578486,134,2,12.402035484779244,9.210013508599353,170.3647676164909,108.66571125244658,2000.0,2.5,0.0,10.0,0.0,50.0,3.828094952968527,61.69905636404431,129.2320633737947
PT0381,comorbid,40.60472977262374,1,24.387452283002595,102.94769096578486,480,3,12.145325556327105,9.467740439551472,163.10080355337342,104.2526782463527,2000.0,2.5,0.0,20.0,0.0,100.0,3.7488571550529666,58.84812530702072,123.86872001535961
PT0381,comorbid,40.60472977262374,1,24.387452283002595,102.94769096578486,566,4,13.022523994694856,9.616987230555665,161.0120483885726,104.92343903161222,1000.0,10.0,0.0,10.0,0.0,0.0,4.019619073029146,56.088609356960376,123.619642150599
PT0381,comorbid,40.60472977262374,1,24.387452283002595,102.94769096578486,586,5,12.392070848251732,9.532907138341498,162.07104789596377,105.79989638918408,1000.0,0.0,20.0,10.0,0.0,0.0,3.825019201827035,56.27115150677969,124.55694689144399
PT0381,comorbid,40.60472977262374,1,24.387452283002595,102.94769096578486,589,6,11.83703636445058,8.76003206089629,161.43733609419252,101.78267018566461,1000.0,0.0,0.0,5.0,0.0,50.0,3.6536985578270786,59.6546659085279,121.66755882184059
PT0381,comorbid,40.60472977262374,1,24.387452283002595,102.94769096578486,597,7,12.615891192954445,9.133676857224412,156.54145286307775,100.3279548581714,1000.0,5.0,0.0,20.0,10.0,100.0,3.894105081558606,56.213498004906356,119.06578752647351
PT0382,comorbid,49.95958143213018,0,28.47624537693915,83.84146905408271,0,0,14.705218701037378,11.066231171482478,159.76864394341754,110.13641820391696,1000.0,5.0,10.0,0.0,5.0,50.0,4.539010839053537,49.63222573950058,126.68049345041716
PT0382,comorbid,49.95958143213018,0,28.47624537693915,83.84146905408271,209,1,14.45545836311127,10.213255112030712,159.90328020414583,107.62101078806681,2000.0,0.0,10.0,5.0,5.0,0.0,4.461918148080345,52.28226941607902,125.04843392675981
PT0382,comorbid,49.95958143213018,0,28.47624537693915,83.84146905408271,315,2,14.558637435345274,9.882044242433654,160.30093606937444,104.28419140838241,500.0,5.0,20.0,20.0,0.0,0.0,4.493766088376574,56.01674466099203,122.95643962871308
PT0382,comorbid,49.95958143213018,0,28.47624537693915,83.84146905408271,343,3,14.421546919066543,11.209291530168231,162.34695309985312,105.46416225630342,1000.0,5.0,30.0,0.0,5.0,50.0,4.451450815685207,56.8827908435497,124.42509253748666
PT0383,comorbid,36.69665434347567,0,39.95509178717571,103.89780193463085,0,0,13.451651532231557,10.201662456850638,159.6656750299913,107.34778285268165,1000.0,0.0,0.0,5.0,5.0,50.0,4.152076439615474,52.317892177309645,124.78708024511819
PT0383,comorbid,36.69665434347567,0,39.95509178717571,103.89780193463085,190,1,14.957296349591557,11.08455906988467,161.80086873492493,109.7254535855213,0.0,0.0,0.0,0.0,0.0,100.0,4.616818806573927,52.07541514940364,127.08392530198917
PT0383,comorbid,36.69665434347567,0,39.95509178717571,103.89780193463085,403,2,14.016593080601538,10.706007703438475,162.52607483919962,109.09617214886536,2000.0,0.0,0.0,0.0,10.0,0.0,4.326455064212341,53.42990269033426,126.90613971231012
PT0383,comorbid,36.69665434347567,0,39.95509178717571,103.89780193463085,469,3,13.835676319876656,10.741707832449931,163.31675346465155,108.74725304357997,1000.0,2.5,20.0,5.0,5.0,25.0,4.270612090735261,54.56950042107158,126.9370865172705
PT0383,comorbid,36.69665434347567,0,39.95509178717571,103.89780193463085,689,4,14.219324696771766,10.344889177225072,161.84760466741187,108.91333279449286,0.0,5.0,0.0,0.0,0.0,25.0,4.389031556403552,52.93427187291901,126.55809008546586
PT0384,comorbid,50.027918762571915,1,30.40336781382811,91.31903629301908,0,0,15.610690081077477,11.725780135222516,180.31933910771335,106.44698147846489,1000.0,10.0,20.0,0.0,10.0,25.0,4.818499671692582,73.87235762924846,131.0711006882144
PT0384,comorbid,50.027918762571915,1,30.40336781382811,91.31903629301908,443,1,16.107632284144227,11.53692870997963,177.40143511153508,103.10649766604577,0.0,2.5,20.0,0.0,0.0,100.0,4.971889165039185,74.29493744548931,127.8714768145422
PT0384,comorbid,50.027918762571915,1,30.40336781382811,91.31903629301908,587,2,16.215570825810993,12.300194951433456,177.43954985686017,101.01192388039513,500.0,5.0,0.0,0.0,10.0,50.0,5.005206194900326,76.42762597646504,126.48779920588348
PT0384,comorbid,50.027918762571915,1,30.40336781382811,91.31903629301908,626,3,14.887056621574871,11.326606319396758,170.41953148042361,101.58303890633056,1000.0,0.0,0.0,10.0,10.0,0.0,4.595138143859444,68.83649257409306,124.52853643102824
PT0385,comorbid,48.924919930306956,1,28.546789324881082,84.98129954782361,0,0,11.462345603694164,9.282289946538084,161.02435419347574,102.61711089251774,1000.0,5.0,0.0,0.0,5.0,100.0,3.5380440096735986,58.407243300958,122.08619199283707
PT0385,comorbid,48.924919930306956,1,28.546789324881082,84.98129954782361,197,1,11.315605820203753,9.073128360450516,158.12845391978013,99.96383816803602,1000.0,10.0,10.0,0.0,10.0,25.0,3.492750329836225,58.16461575174411,119.35204341861738
PT0385,comorbid,48.924919930306956,1,28.546789324881082,84.98129954782361,249,2,10.357185442814622,8.52605717950441,156.29751193538982,99.37832794211683,1000.0,2.5,0.0,10.0,0.0,0.0,3.1969179066821134,56.919183993272995,118.35138927320783
PT0385,comorbid,48.924919930306956,1,28.546789324881082,84.98129954782361,335,3,10.895658703670959,8.554825895742612,155.16201852114057,98.5298183185026,500.0,0.0,0.0,20.0,10.0,0.0,3.3631266531997697,56.63220020263796,117.4072183860486
PT0385,comorbid,48.924919930306956,1,28.546789324881082,84.98129954782361,426,4,10.572245366989462,8.789000097906632,151.25095946703206,98.94993157211113,0.0,2.5,0.0,10.0,5.0,0.0,3.2632997366107475,52.301027894920935,116.38360753708477
PT0385,comorbid,48.924919930306956,1,28.546789324881082,84.98129954782361,590,5,11.252061318242959,8.808812365078726,146.0735123520687,97.12593716306979,1000.0,5.0,0.0,5.0,10.0,0.0,3.4731362602309934,48.9475751889989,113.44179555940276
PT0385,comorbid,48.924919930306956,1,28.546789324881082,84.98129954782361,625,6,11.04164836278825,8.32741219933671,144.99093361129974,96.88037576414119,2000.0,2.5,20.0,5.0,0.0,0.0,3.4081887946473066,48.110557847158546,112.9172283798607
PT0386,comorbid,36.666613526607684,1,32.663184067105036,90.47882913629188,0,0,13.818441421680648,10.01053206496715,169.06152639373,106.47650001148557,1000.0,2.5,0.0,10.0,10.0,0.0,4.26529225215876,62.58502638224442,127.33817547223371
PT0386,comorbid,36.666613526607684,1,32.663184067105036,90.47882913629188,430,1,14.789001763291179,10.95669710941575,170.5111540192401,103.55627344281058,2000.0,2.5,20.0,0.0,0.0,50.0,4.564871877602544,66.95488057642953,125.87456696828708
PT0386,comorbid,36.666613526607684,1,32.663184067105036,90.47882913629188,466,2,14.43296708822299,10.583085799840763,166.52653139485275,107.49297546907681,500.0,10.0,20.0,20.0,10.0,25.0,4.454975841231496,59.03355592577594,127.17082744433546
PT0386,comorbid,36.666613526607684,1,32.663184067105036,90.47882913629188,523,3,13.659322308421565,10.079740872637451,159.9563181004311,107.39618067762352,1000.0,0.0,0.0,5.0,10.0,50.0,4.216177485866123,52.560137422807585,124.91622648522605
PT0386,comorbid,36.666613526607684,1,32.663184067105036,90.47882913629188,649,4,13.796053762257591,10.161398095078708,170.851181742015,105.55816203084731,2000.0,0.0,0.0,20.0,0.0,0.0,4.258381927950177,65.29301971116769,127.32250193456987
PT0387,comorbid,51.18932325501269,1,33.5876303314723,90.96222183939628,0,0,11.585807179063623,9.107084376373273,162.4340782785642,93.68710799581753,2000.0,2.5,10.0,20.0,0.0,0.0,3.576152482604305,68.74697028274666,116.60276475673308
PT0387,comorbid,51.18932325501269,1,33.5876303314723,90.96222183939628,127,1,11.130133501932168,8.379132481995521,158.01641713840922,89.60473883148988,500.0,0.0,10.0,5.0,5.0,50.0,3.435501207596396,68.41167830691934,112.408631600463
PT0387,comorbid,51.18932325501269,1,33.5876303314723,90.96222183939628,530,2,11.427375196905437,9.065409459044623,162.01998184512382,89.70439839362567,2000.0,0.0,0.0,10.0,10.0,0.0,3.5272498107781454,72.31558345149816,113.80959287745839
PT0387,comorbid,51.18932325501269,1,33.5876303314723,90.96222183939628,532,3,10.626437232995633,7.947971081217516,155.80527112718286,89.8747877990448,2000.0,0.0,0.0,20.0,0.0,0.0,3.2800269592513187,65.93048332813807,111.85161557509082
PT0388,comorbid,74.76855034535988,1,35.35791668066928,73.10123254636709,0,0,13.831552767782986,10.258595132916938,170.24264937562023,106.103083482798,1000.0,0.0,0.0,0.0,0.0,0.0,4.269339287655682,64.13956589282223,127.4829387804054
PT0388,comorbid,74.76855034535988,1,35.35791668066928,73.10123254636709,450,1,13.646191246105346,10.422583330076788,168.20247124040327,105.69753857527857,2000.0,2.5,0.0,5.0,10.0,0.0,4.212124364631184,62.5049326651247,126.53251613032013
PT0388,comorbid,74.76855034535988,1,35.35791668066928,73.10123254636709,523,2,14.095956353048686,10.670248341856203,171.38450962914195,107.2643572978998,2000.0,0.0,0.0,0.0,0.0,25.0,4.350951860974361,64.12015233124214,128.63774140831384
PT0388,comorbid,74.76855034535988,1,35.35791668066928,73.10123254636709,585,3,13.882313542362656,10.211825473387679,169.1570888857003,103.13629036241187,2000.0,2.5,30.0,5.0,0.0,0.0,4.285007446742607,66.02079852328842,125.14322320350801
PT0389,comorbid,59.78236810002229,0,33.589362973085954,82.18941799723274,0,0,12.773278552485845,9.42173578256008,166.48359240920405,102.67190117563952,1000.0,0.0,10.0,20.0,5.0,25.0,3.942685313200631,63.81169123356453,123.94246492016103
PT0389,comorbid,59.78236810002229,0,33.589362973085954,82.18941799723274,403,1,14.790288787963483,10.620699256673591,165.30539979247348,104.88270350975431,1000.0,2.5,10.0,20.0,0.0,50.0,4.565269139218062,60.42269628271917,125.0236022706607
PT0389,comorbid,59.78236810002229,0,33.589362973085954,82.18941799723274,574,2,15.276622017477894,11.115131995090357,173.662942717013,102.93582440321656,1000.0,2.5,0.0,5.0,0.0,50.0,4.715383996061511,70.72711831379645,126.51153050781538
PT0389,comorbid,59.78236810002229,0,33.589362973085954,82.18941799723274,576,3,14.591545080502376,11.435671447442026,158.1745379866213,105.41532636847892,2000.0,2.5,30.0,20.0,5.0,0.0,4.503923581515067,52.75921161814237,123.00173024119304
PT0389,comorbid,59.78236810002229,0,33.589362973085954,82.18941799723274,718,4,14.918712122093691,11.133488426648793,166.85484100157305,103.503545674536,2000.0,0.0,30.0,20.0,10.0,0.0,4.604909141686253,63.35129532703705,124.62064411688168
PT0390,comorbid,42.62465888609803,0,26.18397727494444,75.57300310073484,0,0,10.625775974959732,8.449792047723365,177.6359305765339,99.74094120372443,1000.0,0.0,0.0,5.0,10.0,0.0,3.279822850937571,77.89498937280946,125.70593766132758
PT0390,comorbid,42.62465888609803,0,26.18397727494444,75.57300310073484,232,1,10.797550446414455,8.048637598807744,176.1928249156696,100.40309106745175,2000.0,2.5,0.0,0.0,10.0,50.0,3.3328439044599287,75.78973384821785,125.66633568352437
PT0390,comorbid,42.62465888609803,0,26.18397727494444,75.57300310073484,277,2,10.485026373911367,8.29535776375315,170.5994107828865,99.12323545054235,500.0,0.0,0.0,0.0,0.0,100.0,3.236378140747309,71.47617533234416,122.9486272279904
PT0390,comorbid,42.62465888609803,0,26.18397727494444,75.57300310073484,338,3,10.266993085342058,8.613363415734193,172.45742914261362,96.11472462927561,1000.0,5.0,0.0,10.0,10.0,25.0,3.1690785323422483,76.342704513338,121.56229280038828
PT0390,comorbid,42.62465888609803,0,26.18397727494444,75.57300310073484,633,4,9.917194465910516,7.623530713224934,171.93967047415111,94.9952360226088,500.0,0.0,0.0,10.0,5.0,0.0,3.0611073584777126,76.94443445154232,120.64338083978957
PT0390,comorbid,42.62465888609803,0,26.18397727494444,75.57300310073484,677,5,10.478633697134555,8.428264668569001,167.39480737812244,96.41174384957016,500.0,5.0,30.0,10.0,5.0,0.0,3.2344049345155326,70.98306352855228,120.07276502575425
PT0390,comorbid,42.62465888609803,0,26.18397727494444,75.57300310073484,682,6,10.2408109936397,7.737571956122119,157.58502020260283,91.8620094282591,2000.0,0.0,0.0,5.0,5.0,0.0,3.160996993370121,65.72301077434373,113.76967968637368
PT0390,comorbid,42.62465888609803,0,26.18397727494444,75.57300310073484,694,7,10.685931315584112,8.810200124769533,162.26567608891276,94.30437250202287,2000.0,0.0,20.0,0.0,0.0,25.0,3.298390799410296,67.96130358688988,116.9581403643195
PT0391,comorbid,43.849137168237206,0,27.274725867433066,89.67823277495403,0,0,10.050212169252472,8.198783356120819,156.2385877749752,103.81488084774932,1000.0,2.5,0.0,0.0,10.0,50.0,3.10216548957593,52.42370692722588,121.28944982349128
PT0391,comorbid,43.849137168237206,0,27.274725867433066,89.67823277495403,225,1,10.925045377490132,8.378521833779935,158.8883855770833,105.270177139553,500.0,0.0,0.0,5.0,0.0,100.0,3.3721973398519545,53.61820843753031,123.14291328539643
PT0391,comorbid,43.849137168237206,0,27.274725867433066,89.67823277495403,493,2,9.190351176693929,7.469025973316204,160.28900520100885,104.24763367984583,500.0,2.5,0.0,10.0,0.0,25.0,2.836755063206193,56.041371521163015,122.92809085356684
PT0391,comorbid,43.849137168237206,0,27.274725867433066,89.67823277495403,500,3,9.156089821024194,8.048253499059472,153.3849590082267,99.62633436014521,1000.0,2.5,20.0,10.0,5.0,0.0,2.8261797247561344,53.75862464808149,117.54587590950571
PT0392,comorbid,46.57479933143573,1,27.656663152244498,69.09091498285677,0,0,12.309597890049599,9.873932541282015,155.98426956108656,95.88605960884546,1000.0,0.0,0.0,20.0,10.0,25.0,3.799562548728643,60.098209952241106,115.9187962595925
PT0392,comorbid,46.57479933143573,1,27.656663152244498,69.09091498285677,421,1,11.603236216021529,9.144070151297488,156.21214355004395,91.7000576791481,2000.0,0.0,20.0,10.0,5.0,25.0,3.5815322453453122,64.51208587089585,113.20408630278006
PT0392,comorbid,46.57479933143573,1,27.656663152244498,69.09091498285677,574,2,12.301522588643326,9.908589221352392,150.68370952545828,97.30678523764429,1000.0,2.5,0.0,10.0,0.0,25.0,3.79706997236124,53.37692428781399,115.09909333358229
PT0392,comorbid,46.57479933143573,1,27.656663152244498,69.09091498285677,702,3,11.770626230432699,9.173059557822487,142.69464605381262,96.72247646861861,2000.0,10.0,20.0,10.0,10.0,0.0,3.633199963126893,45.97216958519401,112.04653299701661
PT0393,comorbid,47.83097613845166,0,31.362296858893878,91.47844158498822,0,0,14.437589632967113,10.699650519970987,150.59539256421863,96.05420447512273,1000.0,5.0,10.0,5.0,10.0,0.0,4.456402666709182,54.5411880890959,114.23460050482136
PT0393,comorbid,47.83097613845166,0,31.362296858893878,91.47844158498822,306,1,13.688555064145328,10.3752801903382,148.26967992616227,90.45574940685471,500.0,0.0,20.0,20.0,0.0,100.0,4.225200663132858,57.81393051930756,109.72705957995723
PT0393,comorbid,47.83097613845166,0,31.362296858893878,91.47844158498822,444,2,13.06945051433242,9.967157872747903,151.3259403770493,92.35075681190985,2000.0,5.0,10.0,5.0,0.0,50.0,4.0341037254239405,58.97518356513946,112.009151333623
PT0393,comorbid,47.83097613845166,0,31.362296858893878,91.47844158498822,618,3,12.554559334177998,9.881856403499926,147.36225682607886,85.89375717317614,2000.0,10.0,0.0,20.0,10.0,0.0,3.875173981149609,61.46849965290272,106.38325705747705
PT0393,comorbid,47.83097613845166,0,31.362296858893878,91.47844158498822,627,4,13.27232063151645,9.850955701124342,142.72752358543178,90.68421076010415,1000.0,5.0,0.0,0.0,10.0,0.0,4.096722968261411,52.04331282532763,108.03198170188003
PT0393,comorbid,47.83097613845166,0,31.362296858893878,91.47844158498822,659,5,13.520680031682755,9.486703209017213,134.58999171421164,92.60506519804693,2000.0,0.0,20.0,20.0,5.0,0.0,4.173383236446077,41.984926516164705,106.60004070343517
PT0394,comorbid,45.52439646326023,1,30.423923540333,64.64275903520183,0,0,11.994037334670352,8.822617975889084,167.88528087892328,91.49717821397304,0.0,5.0,20.0,20.0,10.0,0.0,3.7021595239682488,76.38810266495024,116.95987910228979
PT0394,comorbid,45.52439646326023,1,30.423923540333,64.64275903520183,325,1,12.157229105361575,9.543096178680495,165.55127806056655,89.08384646542164,1000.0,10.0,20.0,10.0,0.0,50.0,3.7525313838549392,76.4674315951449,114.57299033046995
PT0394,comorbid,45.52439646326023,1,30.423923540333,64.64275903520183,349,2,11.892990454992272,9.056715911479555,164.73797685451217,89.70945013848578,0.0,10.0,10.0,5.0,10.0,25.0,3.670969720440948,75.02852671602639,114.71895904382791
PT0394,comorbid,45.52439646326023,1,30.423923540333,64.64275903520183,471,3,11.677050749286643,9.466831422908898,163.75318976849798,88.69536483655118,1000.0,0.0,20.0,0.0,5.0,0.0,3.6043163312798105,75.0578249319468,113.71463981386678
PT0394,comorbid,45.52439646326023,1,30.423923540333,64.64275903520183,477,4,11.716683506239828,9.06874761629396,162.37784368790605,85.98187492827424,1000.0,0.0,10.0,10.0,10.0,25.0,3.6165496422593604,76.39596875963181,111.4471978481515
PT0394,comorbid,45.52439646326023,1,30.423923540333,64.64275903520183,488,5,11.830586838808419,8.762494181150998,158.0745981648178,85.5587483816745,1000.0,0.0,0.0,20.0,10.0,0.0,3.651707804245532,72.51584978314328,109.73069830938893
PT0394,comorbid,45.52439646326023,1,30.423923540333,64.64275903520183,520,6,10.907294133859214,8.686405842066241,167.52777783518096,85.52769952884267,2000.0,0.0,0.0,10.0,10.0,25.0,3.366718122651211,82.00007830633828,112.86105896428877
PT0395,comorbid,41.91959236607386,1,27.437581260437724,55.83624201830482,0,0,8.773833378045929,7.3668794469671655,164.29580782458638,93.44726216913253,1000.0,0.0,0.0,10.0,10.0,0.0,2.708189902690177,70.84854565545385,117.0634440542838
PT0395,comorbid,41.91959236607386,1,27.437581260437724,55.83624201830482,117,1,9.234847774990893,7.713478743581722,168.21583192223315,92.59251846598231,500.0,0.0,0.0,0.0,0.0,0.0,2.850489679880522,75.62331345625084,117.80028961806592
PT0395,comorbid,41.91959236607386,1,27.437581260437724,55.83624201830482,136,2,8.148668918848868,6.212461684824357,162.26476174110357,94.93454335228566,1000.0,10.0,0.0,0.0,0.0,0.0,2.5152224729513506,67.33021838881791,117.37794948189163
PT0395,comorbid,41.91959236607386,1,27.437581260437724,55.83624201830482,465,3,8.568377031458505,7.44618528876059,159.95382215243092,92.23124799726794,2000.0,2.5,20.0,0.0,0.0,0.0,2.6447723770435254,67.72257415516297,114.80543938232226
PT0395,comorbid,41.91959236607386,1,27.437581260437724,55.83624201830482,486,4,8.566246035189636,7.3109847125101455,168.55506224473677,93.78307751783439,1000.0,0.0,10.0,0.0,0.0,25.0,2.6441146095285344,74.77198472690239,118.70707242680184
PT0395,comorbid,41.91959236607386,1,27.437581260437724,55.83624201830482,689,5,8.373429190530983,6.726768073108177,156.44582949670342,92.70524289828148,500.0,2.5,0.0,0.0,0.0,100.0,2.584598476810563,63.74058659842194,113.95210509775546
PT0396,comorbid,69.82873546850873,0,33.56125675184983,77.08623199972371,0,0,10.049070435793212,8.078102986362781,160.82729270894131,91.47775050336054,500.0,0.0,10.0,20.0,5.0,100.0,3.1018130745148382,69.34954220558078,114.59426457188746
PT0396,comorbid,69.82873546850873,0,33.56125675184983,77.08623199972371,244,1,9.315857974038998,7.080677929628116,151.26571469737905,85.34558352694667,1000.0,0.0,0.0,5.0,0.0,0.0,2.8754948279867043,65.92013117043238,107.31896058375746
PT0396,comorbid,69.82873546850873,0,33.56125675184983,77.08623199972371,513,2,9.652981086084862,8.061778980955218,145.77264334632645,88.21312191817547,2000.0,2.5,0.0,20.0,5.0,25.0,2.9795534952381946,57.55952142815097,107.39962906089247
PT0396,comorbid,69.82873546850873,0,33.56125675184983,77.08623199972371,545,3,9.38204663330312,7.6965612112858866,144.50397299589804,85.91416119854708,0.0,5.0,0.0,10.0,0.0,50.0,2.895925060812896,58.58981179735096,105.44409846433074
PT0396,comorbid,69.82873546850873,0,33.56125675184983,77.08623199972371,644,4,9.798583701511658,7.427653890066122,142.14789102747852,90.16831293030523,1000.0,0.0,0.0,20.0,5.0,25.0,3.0244961691999324,51.97957809717329,107.49483896269633
PT0396,comorbid,69.82873546850873,0,33.56125675184983,77.08623199972371,659,5,9.975382894192629,7.54725014353072,134.6355362445152,83.2460595805247,2000.0,0.0,0.0,20.0,0.0,100.0,3.079068186674125,51.38947666399051,100.3758851351882
PT0396,comorbid,69.82873546850873,0,33.56125675184983,77.08623199972371,687,6,9.765960792916676,7.805807308657334,135.37766451404974,76.59326788856836,1000.0,2.5,30.0,10.0,10.0,25.0,3.0144265647469473,58.78439662548138,96.18806676372883
PT0397,comorbid,57.530579241261776,1,24.127425685989433,74.67851047891955,0,0,13.410394169202144,10.15895259665107,182.89256889491082,107.55103013581049,1000.0,0.0,0.0,20.0,10.0,0.0,4.139341666893729,75.34153875910033,132.66487638884394
PT0397,comorbid,57.530579241261776,1,24.127425685989433,74.67851047891955,409,1,12.691264059270138,9.583763894122661,177.82138572248908,102.08663965029955,500.0,5.0,10.0,10.0,5.0,50.0,3.917370172961382,75.73474607218954,127.33155500769605
PT0397,comorbid,57.530579241261776,1,24.127425685989433,74.67851047891955,662,2,13.31669342043726,9.894378366799122,169.848933452016,98.33285186830491,0.0,0.0,10.0,0.0,0.0,50.0,4.110419369108301,71.5160815837111,122.17154572954195
PT0397,comorbid,57.530579241261776,1,24.127425685989433,74.67851047891955,677,3,13.401021403774584,10.374490584505885,169.59263076254658,98.92275178872892,1000.0,0.0,0.0,0.0,5.0,50.0,4.136448606631755,70.66987897381766,122.4793781133348
PT0398,comorbid,73.16084262714153,0,24.73130505522576,52.757222431608746,0,0,10.178428953731078,8.226935897692131,166.8884254299528,102.20143500275435,500.0,0.0,0.0,0.0,0.0,0.0,3.14174173705166,64.68699042719845,123.76376514515384
PT0398,comorbid,73.16084262714153,0,24.73130505522576,52.757222431608746,289,1,10.861211079839485,8.749765047646335,178.74230214229885,98.95215388931379,1000.0,10.0,0.0,0.0,10.0,0.0,3.3524938199771213,79.79014825298506,125.54886997364214
PT0398,comorbid,73.16084262714153,0,24.73130505522576,52.757222431608746,540,2,9.58578261647232,7.8564763777893845,168.12692113879197,97.60294977242137,1000.0,0.0,30.0,0.0,0.0,100.0,2.95881156761779,70.5239713663706,121.11094022787823
PT0398,comorbid,73.16084262714153,0,24.73130505522576,52.757222431608746,556,3,9.360929865663422,7.3931673484819385,168.8888499292625,96.66761493086229,1000.0,0.0,30.0,0.0,5.0,25.0,2.889407018534776,72.22123499840022,120.74135993032903
PT0398,comorbid,73.16084262714153,0,24.73130505522576,52.757222431608746,711,4,9.162662664878306,7.492989824185677,169.65985469968058,96.49124734283417,2000.0,5.0,20.0,20.0,0.0,25.0,2.828208542559104,73.16860735684641,120.88078312844964
PT0399,comorbid,55.489453157651894,1,26.232996801881864,56.29889653556662,0,0,11.372646123386637,8.140214400387311,166.17133049920844,101.20037883289888,2000.0,2.5,0.0,10.0,0.0,50.0,3.510356770085342,64.97095166630956,122.85736272166874
PT0399,comorbid,55.489453157651894,1,26.232996801881864,56.29889653556662,107,1,12.33594651039775,9.734762379294157,163.424495061958,100.37510478783446,2000.0,2.5,0.0,0.0,5.0,25.0,3.8076954895427724,63.04939027412354,121.39156821254231
PT0399,comorbid,55.489453157651894,1,26.232996801881864,56.29889653556662,180,2,12.033371437769867,9.71147114226873,157.09768948073295,100.66008618044279,2000.0,5.0,0.0,5.0,0.0,0.0,3.7143006504582994,56.437603300290164,119.47262061387285
PT0399,comorbid,55.489453157651894,1,26.232996801881864,56.29889653556662,352,3,10.961018502367198,8.652010657754754,164.90261364927235,102.28650222228065,1000.0,0.0,0.0,0.0,0.0,50.0,3.383301044397342,62.61611142699171,123.15853936461122
PT0399,comorbid,55.489453157651894,1,26.232996801881864,56.29889653556662,618,4,11.910219729254255,8.69782569069617,156.55775824890426,104.89374255067733,1000.0,5.0,0.0,0.0,10.0,50.0,3.67628782309648,51.66401569822693,122.11508111675298
PT0399,comorbid,55.489453157651894,1,26.232996801881864,56.29889653556662,646,5,10.296671070597894,8.01642162506334,160.00127656240548,106.55204941698547,2000.0,0.0,0.0,10.0,5.0,0.0,3.17823913712455,53.44922714542001,124.3684584654588
PT0399,comorbid,55.489453157651894,1,26.232996801881864,56.29889653556662,692,6,10.847680778523287,8.541077283009207,166.82472106347538,98.76899891455942,0.0,0.0,0.0,20.0,10.0,25.0,3.3483174669708546,68.05572214891596,121.45423963086473
PT0400,comorbid,45.817527396916226,0,26.31482800184972,53.46475954917929,0,0,14.764760781747754,10.935988791548978,159.87532088937505,97.43256036310575,500.0,0.0,0.0,20.0,0.0,25.0,4.557389494632807,62.442760526269296,118.24681387186219
PT0400,comorbid,45.817527396916226,0,26.31482800184972,53.46475954917929,199,1,13.348004803188513,9.793191080865283,150.42709572966655,100.07379633513136,2000.0,2.5,0.0,0.0,0.0,0.0,4.120084149250854,50.353299394535185,116.8582294666431
PT0400,comorbid,45.817527396916226,0,26.31482800184972,53.46475954917929,262,2,13.714487622573154,9.85182360825833,154.20192025327273,101.83782496634747,500.0,0.0,0.0,10.0,0.0,0.0,4.233205179500914,52.36409528692526,119.29252339532256
PT0400,comorbid,45.817527396916226,0,26.31482800184972,53.46475954917929,397,3,14.316435791564667,10.735059027878412,148.00334975994224,96.27908376798459,2000.0,0.0,30.0,10.0,0.0,50.0,4.419006514329627,51.72426599195765,113.52050576530381
PT0400,comorbid,45.817527396916226,0,26.31482800184972,53.46475954917929,434,4,13.661039968566781,10.440736816157182,144.77384845087963,99.67226766299027,500.0,0.0,0.0,5.0,10.0,0.0,4.216707670297613,45.10158078788936,114.70612792562005
PT0400,comorbid,45.817527396916226,0,26.31482800184972,53.46475954917929,491,5,14.023773473373021,10.230111564921167,143.61315195220965,93.99877234316212,1000.0,5.0,0.0,10.0,5.0,0.0,4.328671412114472,49.61437960904753,110.5368988795113
PT0400,comorbid,45.817527396916226,0,26.31482800184972,53.46475954917929,619,6,13.28264922225942,10.041997426614406,138.3536026009104,95.29578998056498,500.0,0.0,0.0,10.0,10.0,25.0,4.099911059937408,43.057812620345416,109.64839418734678
